MRSS_00001	WP_011410703.1	87.706	545	67	0	1	545	1	545	0.0	997
MRSS_00001	WP_011410236.1	25.063	395	251	16	42	432	7	360	6.65e-07	47.8
MRSS_00001	WP_011410749.1	21.945	401	238	13	140	521	92	436	3.75e-04	39.3
MRSS_00001	WP_041866645.1	50.000	28	12	1	81	106	31	58	0.70	28.5
MRSS_00001	WP_011409991.1	25.000	48	36	0	391	438	6	53	1.2	27.7
MRSS_00001	WP_011410293.1	22.517	151	96	7	340	472	176	323	2.1	27.3
MRSS_00001	WP_041866930.1	40.909	22	13	0	240	261	134	155	6.0	25.8
MRSS_00001	WP_243466125.1	34.286	70	45	1	45	113	51	120	7.6	24.6
MRSS_00001	WP_041866702.1	45.833	24	13	0	479	502	5	28	8.5	24.3
MRSS_00001	WP_011411398.1	30.000	50	29	1	338	381	209	258	9.2	25.0
MRSS_00001	WP_050747406.1	52.941	17	8	0	332	348	65	81	9.5	23.5
MRSS_00002	WP_011411573.1	88.912	487	52	1	1	485	1	487	0.0	810
MRSS_00002	WP_011410671.1	24.561	114	77	5	93	200	73	183	0.064	31.6
MRSS_00002	WP_011410935.1	25.472	106	47	4	146	245	676	755	0.37	29.6
MRSS_00002	WP_424141135.1	33.333	45	29	1	76	120	207	250	0.46	28.9
MRSS_00002	WP_011411258.1	36.111	36	23	0	229	264	17	52	0.77	28.5
MRSS_00002	WP_011409973.1	34.694	49	30	1	392	438	294	342	1.1	27.7
MRSS_00002	WP_011410234.1	37.037	54	27	2	188	235	223	275	1.3	27.7
MRSS_00002	WP_011411754.1	28.788	66	39	2	280	337	4	69	1.7	26.6
MRSS_00002	WP_011410816.1	33.333	54	30	2	260	313	16	63	2.0	26.9
MRSS_00002	WP_011410068.1	30.000	100	59	4	111	204	231	325	3.4	26.2
MRSS_00002	WP_011410960.1	35.185	54	34	1	308	360	51	104	4.5	25.8
MRSS_00002	WP_011411357.1	36.667	30	19	0	349	378	124	153	5.7	25.4
MRSS_00002	WP_011411539.1	28.571	49	34	1	396	443	585	633	6.0	25.4
MRSS_00002	WP_041867280.1	38.710	31	19	0	6	36	356	386	6.2	25.4
MRSS_00002	WP_011410423.1	30.435	46	31	1	227	272	332	376	6.7	25.4
MRSS_00002	WP_011411575.1	26.984	63	36	2	71	123	227	289	7.2	25.4
MRSS_00002	WP_011411290.1	31.081	74	40	2	357	430	165	227	7.9	25.0
MRSS_00002	WP_001569383.1	52.632	19	9	0	185	203	62	80	8.2	23.9
MRSS_00002	WP_243466145.1	28.814	59	27	3	158	216	134	177	9.2	24.6
MRSS_00002	WP_011412262.1	50.000	22	11	0	370	391	46	67	9.2	23.5
MRSS_00003	WP_011411572.1	89.905	525	53	0	1	525	1	525	0.0	991
MRSS_00003	WP_011412110.1	23.415	205	124	5	10	198	4	191	5.65e-07	46.6
MRSS_00003	WP_011410961.1	30.370	135	63	8	82	198	73	194	2.21e-04	38.9
MRSS_00003	WP_011410945.1	51.351	37	17	1	226	262	5	40	0.002	36.6
MRSS_00003	WP_011410282.1	33.929	56	36	1	46	100	226	281	0.006	35.0
MRSS_00003	WP_011410485.1	28.814	59	39	1	53	108	346	404	0.36	29.6
MRSS_00003	WP_011411810.1	45.833	24	13	0	230	253	43	66	1.2	27.7
MRSS_00003	WP_011411803.1	26.923	78	48	2	351	424	297	369	1.4	27.7
MRSS_00003	WP_083764726.1	30.909	55	32	2	376	426	92	144	4.2	26.2
MRSS_00003	WP_011412005.1	28.378	74	47	1	186	259	244	311	6.0	25.4
MRSS_00003	WP_011410409.1	30.435	46	29	2	234	279	127	169	9.4	25.0
MRSS_00004	WP_011411719.1	85.968	506	71	0	1	506	1	506	0.0	917
MRSS_00004	WP_011410173.1	29.907	321	205	6	188	503	19	324	8.30e-37	135
MRSS_00004	WP_011411086.1	25.769	260	181	7	68	319	17	272	2.46e-16	78.2
MRSS_00004	WP_011411086.1	30.345	145	94	4	358	500	416	555	5.83e-11	60.8
MRSS_00004	WP_011410875.1	24.242	363	227	14	167	500	115	458	5.11e-11	60.8
MRSS_00004	WP_050747424.1	30.357	56	27	2	6	49	28	83	0.17	28.9
MRSS_00004	WP_011409938.1	46.429	28	15	0	41	68	318	345	0.49	29.3
MRSS_00004	WP_011410350.1	32.500	40	27	0	291	330	407	446	2.7	26.6
MRSS_00004	WP_011411735.1	31.343	67	43	2	367	430	302	368	3.6	26.2
MRSS_00004	WP_148203583.1	41.026	39	22	1	437	474	23	61	4.0	25.4
MRSS_00004	WP_011411798.1	25.714	70	51	1	229	297	99	168	4.8	25.4
MRSS_00004	WP_011410559.1	29.762	84	46	4	33	109	106	183	5.1	25.4
MRSS_00004	WP_011411690.1	34.375	32	21	0	329	360	88	119	5.8	25.4
MRSS_00004	WP_011410242.1	26.087	46	21	1	98	143	144	176	6.2	25.4
MRSS_00004	WP_011410959.1	30.769	39	27	0	50	88	35	73	7.4	25.0
MRSS_00004	WP_011412045.1	38.462	26	16	0	22	47	155	180	8.4	24.6
MRSS_00004	WP_011410686.1	29.268	41	29	0	161	201	11	51	9.3	24.3
MRSS_00005	WP_148203579.1	84.658	365	56	0	1	365	1	365	0.0	624
MRSS_00005	WP_011411820.1	40.909	242	138	2	124	362	107	346	6.31e-58	188
MRSS_00005	WP_158302414.1	43.333	30	15	1	30	57	11	40	0.95	26.9
MRSS_00005	WP_011411673.1	25.000	136	94	5	121	248	73	208	1.3	26.9
MRSS_00005	WP_011412259.1	29.703	101	42	4	86	176	9	90	5.2	24.3
MRSS_00005	WP_011411913.1	33.333	33	22	0	176	208	49	81	6.3	25.0
MRSS_00005	WP_011410877.1	39.130	23	14	0	137	159	218	240	6.8	25.0
MRSS_00005	WP_041866560.1	24.590	122	78	4	65	181	147	259	9.6	24.3
MRSS_00006	WP_011412201.1	78.571	70	14	1	1	70	169	237	9.38e-33	110
MRSS_00006	WP_011410923.1	29.032	62	43	1	1	62	148	208	0.013	28.9
MRSS_00006	WP_011412086.1	36.364	33	21	0	1	33	61	93	0.084	26.2
MRSS_00006	WP_158302328.1	41.667	24	14	0	5	28	141	164	0.39	24.6
MRSS_00006	WP_011411088.1	38.710	31	19	0	39	69	131	161	0.67	23.9
MRSS_00006	WP_050747713.1	52.632	19	9	0	4	22	36	54	0.73	23.9
MRSS_00006	WP_011411886.1	36.000	25	14	1	5	27	40	64	1.0	23.5
MRSS_00006	WP_011410811.1	28.125	32	20	1	7	35	90	121	2.4	22.3
MRSS_00006	WP_041866776.1	47.619	21	11	0	42	62	162	182	2.5	22.3
MRSS_00006	WP_011412092.1	37.037	27	17	0	23	49	578	604	3.3	21.9
MRSS_00006	WP_050747404.1	36.364	22	14	0	7	28	6	27	4.5	21.6
MRSS_00006	WP_041867339.1	36.000	50	28	2	2	51	61	106	6.1	21.2
MRSS_00006	WP_011411571.1	47.059	17	9	0	28	44	186	202	6.8	21.2
MRSS_00006	WP_011411593.1	27.586	29	21	0	4	32	37	65	7.5	21.2
MRSS_00006	WP_011279205.1	32.258	31	21	0	25	55	62	92	8.2	20.8
MRSS_00006	WP_011411076.1	43.243	37	19	2	32	68	2	36	8.3	20.8
MRSS_00006	WP_041867287.1	50.000	18	9	0	2	19	25	42	8.9	20.8
MRSS_00006	WP_011411767.1	40.741	27	9	1	25	44	236	262	9.8	20.8
MRSS_00007	WP_011412201.1	70.652	92	27	0	1	92	26	117	8.09e-44	142
MRSS_00007	WP_011412197.1	43.478	23	13	0	33	55	274	296	1.9	24.6
MRSS_00007	WP_050747363.1	28.000	75	48	3	11	84	95	164	2.7	23.9
MRSS_00007	WP_011412191.1	30.435	69	27	3	83	130	173	241	3.4	23.9
MRSS_00007	WP_011410754.1	36.364	33	19	1	24	56	306	336	4.1	23.5
MRSS_00007	WP_011409884.1	28.571	42	30	0	35	76	197	238	4.4	23.5
MRSS_00007	WP_198408729.1	32.075	53	28	1	78	122	55	107	5.1	22.7
MRSS_00007	WP_011409886.1	23.810	63	41	2	8	70	49	104	6.4	22.3
MRSS_00007	WP_148203575.1	37.037	27	17	0	72	98	39	65	8.6	21.6
MRSS_00007	WP_011411682.1	30.882	68	36	2	74	133	252	316	8.7	22.7
MRSS_00007	WP_041867315.1	43.750	16	9	0	69	84	161	176	8.7	22.3
MRSS_00008	WP_011411550.1	81.849	292	53	0	1	292	1	292	0.0	511
MRSS_00008	WP_341532853.1	28.390	236	164	3	6	236	1	236	1.00e-28	106
MRSS_00008	WP_050747689.1	26.978	278	195	6	12	286	2	274	3.51e-25	98.2
MRSS_00008	WP_041867650.1	37.209	43	24	1	145	187	826	865	1.0	27.3
MRSS_00008	WP_011411408.1	31.915	47	23	1	105	151	225	262	1.1	26.9
MRSS_00008	WP_011410564.1	30.000	30	21	0	68	97	159	188	6.8	24.3
MRSS_00008	WP_011410342.1	32.787	61	29	2	57	105	10	70	7.7	24.3
MRSS_00008	WP_011411526.1	34.483	29	19	0	105	133	343	371	9.8	23.9
MRSS_00009	WP_011411549.1	64.948	97	34	0	1	97	1	97	2.09e-36	122
MRSS_00009	WP_198408759.1	34.286	35	23	0	50	84	29	63	3.1	22.7
MRSS_00009	WP_011410427.1	30.000	30	18	1	68	97	30	56	3.3	23.1
MRSS_00009	WP_243466343.1	29.167	24	17	0	31	54	34	57	3.9	22.3
MRSS_00009	WP_011410820.1	30.952	42	28	1	4	45	62	102	4.4	22.3
MRSS_00009	WP_011410312.1	31.579	38	23	1	50	87	19	53	4.5	22.7
MRSS_00009	WP_011410963.1	41.176	34	18	1	60	93	31	62	4.8	22.3
MRSS_00009	WP_011410176.1	22.581	62	46	1	19	78	186	247	8.8	21.6
MRSS_00010	WP_011410699.1	81.176	170	32	0	1	170	1	170	5.55e-108	302
MRSS_00010	WP_011411724.1	38.095	168	103	1	2	168	1	168	1.71e-43	139
MRSS_00010	WP_011411419.1	32.353	34	23	0	101	134	226	259	0.99	26.2
MRSS_00010	WP_148203392.1	32.143	28	19	0	65	92	11	38	1.7	23.9
MRSS_00010	WP_041866808.1	34.286	35	20	1	57	88	24	58	4.2	23.1
MRSS_00010	WP_148203375.1	38.710	31	15	1	123	149	161	191	4.6	23.9
MRSS_00010	WP_011410015.1	52.941	17	8	0	73	89	152	168	5.1	23.9
MRSS_00010	WP_011410823.1	27.473	91	48	4	83	170	229	304	7.9	23.1
MRSS_00010	WP_011410851.1	35.000	40	15	2	26	58	32	67	9.5	23.1
MRSS_00011	WP_011411944.1	93.162	468	32	0	1	468	1	468	0.0	907
MRSS_00011	WP_424141146.1	36.054	147	93	1	252	398	12	157	9.24e-27	102
MRSS_00011	WP_424141145.1	37.500	48	30	0	112	159	5	52	3.25e-04	35.8
MRSS_00011	WP_011410261.1	26.316	95	60	3	81	173	187	273	2.8	26.6
MRSS_00011	WP_050747271.1	41.667	24	14	0	8	31	83	106	5.9	24.6
MRSS_00011	WP_011412154.1	25.000	52	35	2	415	464	565	614	6.3	25.4
MRSS_00011	WP_011411971.1	28.947	38	27	0	291	328	40	77	8.8	25.0
MRSS_00011	WP_083764738.1	37.143	35	20	1	59	91	3	37	9.6	23.1
MRSS_00012	WP_011412211.1	88.217	628	74	0	1	628	1	628	0.0	1155
MRSS_00012	WP_198408756.1	25.806	155	109	3	3	152	4	157	8.26e-05	40.8
MRSS_00012	WP_011411996.1	37.255	51	29	1	4	51	2	52	0.13	31.2
MRSS_00012	WP_011411741.1	33.333	45	29	1	213	257	186	229	1.9	27.3
MRSS_00012	WP_011411101.1	25.397	63	40	1	2	64	8	63	3.7	26.6
MRSS_00012	WP_011411583.1	27.907	43	27	1	259	301	46	84	4.4	26.2
MRSS_00012	WP_011409999.1	39.286	28	17	0	54	81	903	930	4.6	26.6
MRSS_00012	WP_011410427.1	28.947	38	27	0	28	65	61	98	4.8	26.2
MRSS_00012	WP_011410244.1	33.333	54	33	1	389	442	149	199	6.1	26.2
MRSS_00012	WP_011410269.1	42.308	26	15	0	312	337	129	154	7.8	25.4
MRSS_00013	WP_011411679.1	74.324	148	38	0	1	148	1	148	1.27e-80	231
MRSS_00013	WP_011412210.1	37.500	144	88	1	1	144	1	142	8.51e-31	105
MRSS_00013	WP_011410489.1	31.818	88	59	1	49	135	109	196	1.09e-08	48.9
MRSS_00013	WP_011411395.1	36.000	50	24	2	4	53	317	358	0.13	28.1
MRSS_00013	WP_050747862.1	38.710	31	18	1	83	113	25	54	1.5	23.9
MRSS_00013	WP_041866875.1	33.333	36	24	0	83	118	12	47	3.3	23.5
MRSS_00013	WP_243466047.1	29.730	37	26	0	82	118	11	47	7.0	21.9
MRSS_00013	WP_162010790.1	41.667	24	14	0	24	47	452	475	8.3	22.7
MRSS_00014	WP_011411258.1	90.851	470	43	0	24	493	1	470	0.0	864
MRSS_00014	WP_011411097.1	38.066	486	268	11	24	490	5	476	1.98e-88	275
MRSS_00014	WP_011411573.1	36.111	36	23	0	39	74	230	265	0.16	30.8
MRSS_00014	WP_011411709.1	24.771	109	61	4	73	181	272	359	1.1	28.1
MRSS_00014	WP_011410281.1	35.000	40	22	1	163	202	41	76	1.3	27.3
MRSS_00014	WP_009639145.1	39.286	28	17	0	398	425	49	76	2.8	26.2
MRSS_00014	WP_011410537.1	34.043	47	24	1	97	136	33	79	2.9	25.0
MRSS_00014	WP_011411086.1	28.358	67	47	1	373	438	140	206	9.6	25.0
MRSS_00015	WP_011411438.1	57.407	108	46	0	5	112	145	252	1.00e-31	109
MRSS_00015	WP_011410490.1	26.761	71	48	2	24	93	480	547	1.0	25.0
MRSS_00015	WP_041866711.1	44.828	29	14	1	84	110	28	56	1.2	23.9
MRSS_00015	WP_011410399.1	29.487	78	30	4	39	95	240	313	1.3	24.6
MRSS_00015	WP_011410023.1	50.000	28	13	1	13	39	24	51	3.5	23.1
MRSS_00015	WP_011411501.1	30.952	42	29	0	14	55	236	277	3.6	23.1
MRSS_00015	WP_011410045.1	28.571	42	30	0	18	59	161	202	4.3	23.1
MRSS_00015	WP_011410783.1	39.130	23	14	0	88	110	233	255	4.3	23.1
MRSS_00015	WP_041866989.1	28.571	49	30	1	29	77	131	174	4.8	23.1
MRSS_00015	WP_011411765.1	29.412	34	24	0	31	64	139	172	8.7	21.9
MRSS_00015	WP_011411422.1	40.000	30	14	1	79	104	129	158	8.8	21.9
MRSS_00015	WP_011410528.1	36.364	33	19	1	46	78	56	86	9.1	21.9
MRSS_00016	WP_011410272.1	92.610	636	47	0	1	636	1	636	0.0	1178
MRSS_00016	WP_011410020.1	29.808	104	59	3	139	240	111	202	4.54e-08	51.6
MRSS_00016	WP_011411827.1	27.679	112	71	2	116	227	73	174	0.74	28.5
MRSS_00016	WP_011411619.1	22.791	215	114	9	346	546	60	236	2.4	27.3
MRSS_00016	WP_011410664.1	30.952	42	29	0	26	67	232	273	3.7	26.6
MRSS_00016	WP_011410425.1	29.412	68	46	2	137	204	155	220	4.6	26.2
MRSS_00016	WP_011410713.1	21.186	118	73	4	112	227	729	828	6.3	26.2
MRSS_00016	WP_011411177.1	27.273	77	45	3	256	321	12	88	9.7	23.9
MRSS_00017	WP_011410273.1	91.467	375	31	1	1	375	1	374	0.0	689
MRSS_00017	WP_011410291.1	33.333	60	33	2	5	57	208	267	0.062	31.2
MRSS_00017	WP_011410023.1	28.090	89	43	6	182	259	405	483	0.50	28.5
MRSS_00017	WP_011410288.1	31.034	58	39	1	195	252	271	327	0.73	27.7
MRSS_00017	WP_011409968.1	34.286	35	23	0	158	192	1	35	0.87	26.6
MRSS_00017	WP_011411469.1	34.286	35	23	0	158	192	1	35	0.94	26.6
MRSS_00017	WP_198408723.1	31.707	41	25	1	154	194	18	55	2.1	26.2
MRSS_00017	WP_011411072.1	35.294	34	22	0	262	295	768	801	2.3	26.6
MRSS_00017	WP_011412154.1	27.368	95	48	4	100	185	579	661	2.9	26.2
MRSS_00017	WP_243466336.1	66.667	15	5	0	336	350	29	43	4.9	24.3
MRSS_00017	WP_148203575.1	30.952	42	29	0	216	257	21	62	6.1	23.1
MRSS_00017	WP_011410939.1	30.556	36	25	0	330	365	235	270	7.3	24.6
MRSS_00017	WP_011411941.1	28.947	38	23	2	155	189	248	284	9.5	24.6
MRSS_00018	WP_011410274.1	80.779	385	74	0	3	387	2	386	0.0	566
MRSS_00018	WP_011410938.1	37.778	45	28	0	221	265	324	368	0.54	28.5
MRSS_00018	WP_158302422.1	27.536	69	35	1	13	66	337	405	1.7	26.9
MRSS_00018	WP_158302450.1	29.268	82	46	3	218	294	64	138	3.5	25.8
MRSS_00019	WP_011411681.1	83.986	281	45	0	1	281	1	281	2.62e-180	494
MRSS_00019	WP_424141130.1	42.105	38	20	1	104	141	5	40	0.86	26.2
MRSS_00019	WP_011410460.1	30.357	56	23	2	229	276	49	96	1.9	26.2
MRSS_00019	WP_011410442.1	34.146	41	27	0	108	148	90	130	2.0	26.2
MRSS_00019	WP_011411847.1	25.397	63	41	2	164	224	34	92	3.7	25.0
MRSS_00019	WP_011411701.1	36.667	30	19	0	166	195	154	183	4.2	25.0
MRSS_00019	WP_050747556.1	32.500	40	25	1	166	205	82	119	5.9	24.3
MRSS_00019	WP_050747750.1	48.148	27	13	1	117	142	15	41	5.9	22.7
MRSS_00020	WP_011410900.1	41.935	31	18	0	1	31	149	179	0.016	28.1
MRSS_00020	WP_011409963.1	41.935	31	18	0	1	31	149	179	0.017	28.1
MRSS_00020	WP_011410631.1	41.935	31	18	0	1	31	141	171	0.018	28.1
MRSS_00020	WP_011411000.1	38.710	31	19	0	1	31	149	179	0.090	26.2
MRSS_00020	WP_011410889.1	38.710	31	19	0	1	31	150	180	0.23	25.0
MRSS_00020	WP_011410636.1	35.484	31	20	0	1	31	149	179	0.39	24.3
MRSS_00020	WP_011412178.1	35.484	31	20	0	1	31	149	179	0.92	23.5
MRSS_00020	WP_011410407.1	31.034	58	35	1	11	63	238	295	1.2	23.1
MRSS_00020	WP_011411671.1	32.075	53	32	1	3	55	58	106	1.8	22.3
MRSS_00020	WP_011412006.1	40.909	22	13	0	38	59	236	257	7.5	20.8
MRSS_00020	WP_243466208.1	30.556	36	25	0	12	47	146	181	7.7	20.8
MRSS_00020	WP_011411025.1	43.333	30	16	1	16	44	317	346	7.9	20.8
MRSS_00020	WP_011410442.1	42.857	21	12	0	35	55	343	363	8.3	20.8
MRSS_00020	WP_011410019.1	59.091	22	8	1	36	56	332	353	9.4	20.4
MRSS_00021	WP_011411823.1	85.263	285	42	0	1	285	1	285	1.74e-166	459
MRSS_00021	WP_011410268.1	25.743	101	60	4	93	180	86	184	0.025	32.0
MRSS_00021	WP_050747325.1	32.308	65	36	2	132	195	47	104	0.39	27.3
MRSS_00021	WP_011410454.1	35.484	31	20	0	196	226	208	238	2.1	25.8
MRSS_00021	WP_011411124.1	29.412	85	43	4	105	188	136	204	2.2	25.8
MRSS_00021	WP_001228474.1	39.130	23	14	0	212	234	41	63	8.1	23.9
MRSS_00022	WP_011410068.1	86.585	328	44	0	1	328	1	328	0.0	586
MRSS_00022	WP_011411573.1	25.434	173	111	7	160	325	43	204	0.018	32.7
MRSS_00022	WP_011411611.1	29.167	48	33	1	248	295	119	165	0.26	28.9
MRSS_00022	WP_050747838.1	28.889	90	43	3	210	286	23	104	0.27	28.1
MRSS_00022	WP_011410962.1	23.776	143	94	4	142	284	89	216	0.57	28.1
MRSS_00022	WP_011411009.1	34.375	32	21	0	297	328	91	122	1.7	26.6
MRSS_00022	WP_011410749.1	26.562	64	39	2	52	107	174	237	2.4	26.2
MRSS_00022	WP_050747580.1	26.667	45	33	0	103	147	6	50	2.6	25.4
MRSS_00022	WP_011410787.1	21.600	125	69	6	40	154	209	314	3.8	25.4
MRSS_00022	WP_148203447.1	32.353	34	23	0	259	292	46	79	4.8	23.5
MRSS_00022	WP_041866759.1	28.571	56	33	2	223	271	95	150	4.8	25.0
MRSS_00022	WP_424141125.1	28.571	56	33	2	223	271	157	212	5.0	25.0
MRSS_00022	WP_011410998.1	37.931	29	18	0	172	200	108	136	9.8	23.9
MRSS_00023	WP_011410331.1	83.099	142	24	0	1	142	219	360	1.17e-84	248
MRSS_00023	WP_011411247.1	46.032	126	67	1	1	126	217	341	3.87e-34	118
MRSS_00023	WP_011410730.1	42.857	133	74	1	3	135	220	350	9.27e-32	112
MRSS_00023	WP_083764616.1	29.167	48	33	1	86	133	16	62	0.18	27.7
MRSS_00023	WP_198408753.1	25.000	108	70	4	16	117	34	136	1.4	25.0
MRSS_00023	WP_011411326.1	30.769	39	27	0	34	72	418	456	3.1	24.3
MRSS_00023	WP_041867551.1	25.000	32	24	0	107	138	24	55	6.4	23.1
MRSS_00023	WP_011410312.1	26.415	53	31	1	7	51	129	181	8.1	22.7
MRSS_00024	WP_011410331.1	86.538	104	14	0	1	104	114	217	3.18e-53	166
MRSS_00024	WP_011410730.1	54.808	104	47	0	1	104	113	216	3.34e-34	117
MRSS_00024	WP_011411247.1	54.808	104	47	0	1	104	112	215	1.51e-28	102
MRSS_00024	WP_041866872.1	28.333	60	38	1	44	103	13	67	1.9	23.1
MRSS_00024	WP_011410600.1	48.148	27	14	0	15	41	183	209	2.9	23.5
MRSS_00024	WP_011409998.1	28.571	56	32	2	4	59	1163	1210	4.6	22.7
MRSS_00024	WP_011410668.1	47.826	23	12	0	13	35	147	169	6.5	22.3
MRSS_00024	WP_011410553.1	30.000	30	21	0	45	74	77	106	9.1	21.6
MRSS_00024	WP_243466182.1	23.729	59	37	2	13	71	124	174	9.2	21.9
MRSS_00025	WP_011411392.1	78.495	93	20	0	1	93	1	93	4.88e-53	157
MRSS_00025	WP_279379387.1	42.857	21	12	0	20	40	8	28	3.5	21.6
MRSS_00025	WP_050747920.1	34.615	26	17	0	4	29	94	119	5.1	22.3
MRSS_00025	WP_011410145.1	30.303	33	16	1	32	57	97	129	5.2	21.9
MRSS_00025	WP_011411193.1	45.000	20	11	0	36	55	319	338	7.2	21.9
MRSS_00025	WP_011411027.1	22.667	75	52	2	19	89	159	231	7.3	21.9
MRSS_00025	WP_011409960.1	36.000	25	16	0	53	77	249	273	9.9	21.6
MRSS_00025	WP_011411480.1	36.000	25	16	0	53	77	237	261	10.0	21.6
MRSS_00026	WP_011410831.1	78.947	38	8	0	1	38	635	672	2.38e-15	63.9
MRSS_00026	WP_050747552.1	50.000	16	8	0	12	27	88	103	0.84	22.7
MRSS_00026	WP_011411903.1	30.435	46	30	1	7	52	80	123	1.3	22.3
MRSS_00026	WP_041866645.1	31.579	38	24	1	7	44	92	127	1.4	22.3
MRSS_00026	WP_011411974.1	33.333	30	20	0	22	51	265	294	3.3	21.2
MRSS_00026	WP_011411307.1	39.286	28	16	1	14	41	1	27	5.1	20.8
MRSS_00026	WP_011411890.1	40.000	15	9	0	37	51	11	25	7.5	20.0
MRSS_00027	WP_011410831.1	89.945	547	55	0	1	547	1	547	0.0	1055
MRSS_00027	WP_011410666.1	26.619	139	99	2	14	149	41	179	2.61e-10	59.3
MRSS_00027	WP_011410277.1	41.935	62	36	0	15	76	58	119	4.15e-09	55.5
MRSS_00027	WP_011410568.1	29.670	91	56	2	269	358	209	292	1.07e-04	40.8
MRSS_00027	WP_011410568.1	27.536	69	50	0	22	90	37	105	0.25	30.0
MRSS_00027	WP_011411923.1	31.034	58	39	1	15	72	42	98	7.07e-04	38.5
MRSS_00027	WP_011412009.1	26.316	57	38	1	281	337	285	337	0.53	29.3
MRSS_00027	WP_011410875.1	30.000	40	24	1	355	394	270	305	1.6	27.7
MRSS_00027	WP_011412064.1	22.165	194	114	10	18	195	62	234	1.8	27.3
MRSS_00027	WP_011411077.1	30.952	42	29	0	5	46	112	153	3.6	26.6
MRSS_00027	WP_011410704.1	37.037	27	17	0	448	474	129	155	4.8	25.8
MRSS_00027	WP_011411115.1	27.869	61	36	3	78	135	76	131	5.1	25.4
MRSS_00027	WP_011409879.1	20.879	91	54	4	88	160	496	586	5.4	25.8
MRSS_00027	WP_011410697.1	25.000	84	47	2	15	98	34	101	5.4	25.8
MRSS_00027	WP_011411128.1	32.143	56	32	1	14	69	40	89	5.9	24.6
MRSS_00027	WP_011411841.1	33.333	33	22	0	173	205	7	39	6.7	25.0
MRSS_00027	WP_011410816.1	29.032	31	22	0	487	517	423	453	9.7	25.0
MRSS_00028	WP_011412224.1	30.000	30	21	0	17	46	281	310	1.1	23.9
MRSS_00028	WP_243466224.1	29.730	37	26	0	17	53	4	40	5.0	21.6
MRSS_00028	WP_011410424.1	47.059	17	9	0	58	74	47	63	5.7	21.6
MRSS_00028	WP_011410624.1	40.000	15	9	0	20	34	171	185	6.1	21.6
MRSS_00028	WP_011410891.1	29.167	48	32	1	30	75	436	483	7.0	21.6
MRSS_00028	WP_011411444.1	47.059	17	9	0	59	75	235	251	8.9	21.2
MRSS_00029	WP_011410082.1	91.080	213	19	0	1	213	1	213	1.44e-144	398
MRSS_00029	WP_041867058.1	40.000	35	16	1	20	49	79	113	1.1	25.8
MRSS_00029	WP_011410362.1	30.435	69	35	3	28	88	14	77	1.3	25.8
MRSS_00029	WP_158302468.1	52.632	19	9	0	31	49	9	27	3.2	23.1
MRSS_00029	WP_011410944.1	44.828	29	11	1	107	130	84	112	3.8	24.3
MRSS_00029	WP_011412233.1	25.000	64	40	2	4	65	226	283	7.1	23.9
MRSS_00029	WP_011411707.1	23.256	86	60	2	15	99	24	104	7.5	23.5
MRSS_00029	WP_011410229.1	43.478	23	13	0	171	193	92	114	8.5	23.5
MRSS_00029	WP_011411155.1	50.000	32	9	3	5	36	236	260	9.5	23.5
MRSS_00030	WP_011410081.1	92.424	132	8	1	1	132	1	130	2.79e-85	241
MRSS_00030	WP_341532834.1	45.833	24	13	0	48	71	92	115	0.88	25.0
MRSS_00030	WP_011410496.1	42.857	28	16	0	81	108	72	99	1.1	25.0
MRSS_00030	WP_011410124.1	26.316	38	28	0	25	62	11	48	1.5	25.0
MRSS_00030	WP_011412053.1	40.625	32	16	1	72	100	239	270	2.9	23.9
MRSS_00030	WP_011411628.1	30.000	50	29	2	28	77	90	133	4.2	23.1
MRSS_00030	WP_011410460.1	33.333	33	22	0	91	123	229	261	9.7	22.3
MRSS_00031	WP_011410080.1	92.254	142	11	0	1	142	1	142	4.97e-98	275
MRSS_00031	WP_009639145.1	26.027	73	48	1	9	81	3	69	0.27	26.9
MRSS_00031	WP_341532868.1	42.308	26	15	0	22	47	13	38	0.47	24.6
MRSS_00031	WP_041867096.1	60.000	15	6	0	17	31	262	276	2.3	24.3
MRSS_00031	WP_050747472.1	41.667	24	14	0	84	107	36	59	2.6	23.5
MRSS_00031	WP_011410880.1	30.952	42	23	2	2	37	361	402	4.0	23.9
MRSS_00031	WP_011411645.1	37.037	27	17	0	9	35	73	99	4.1	23.5
MRSS_00031	WP_011410922.1	46.154	26	13	1	1	26	209	233	5.3	23.5
MRSS_00031	WP_011410583.1	24.324	37	28	0	62	98	70	106	7.2	22.7
MRSS_00031	WP_071882016.1	28.571	77	51	3	44	119	98	171	7.2	22.7
MRSS_00031	WP_011410547.1	33.333	27	18	0	67	93	516	542	9.0	22.7
MRSS_00031	WP_050747478.1	52.174	23	10	1	17	38	60	82	9.3	21.9
MRSS_00032	WP_083764717.1	63.636	22	8	0	32	53	3	24	0.002	30.4
MRSS_00032	WP_083764717.1	29.412	34	18	1	14	47	7	34	9.3	20.4
MRSS_00032	WP_011410631.1	63.636	22	8	0	32	53	3	24	0.003	30.0
MRSS_00032	WP_011411000.1	63.636	22	8	0	32	53	3	24	0.003	30.0
MRSS_00032	WP_011411000.1	29.412	34	18	1	14	47	7	34	9.5	20.4
MRSS_00032	WP_011409963.1	63.636	22	8	0	32	53	3	24	0.003	30.0
MRSS_00032	WP_011409963.1	29.412	34	18	1	14	47	7	34	9.3	20.4
MRSS_00032	WP_011410900.1	63.636	22	8	0	32	53	3	24	0.003	30.0
MRSS_00032	WP_011410900.1	29.412	34	18	1	14	47	7	34	9.9	20.0
MRSS_00032	WP_011412178.1	63.636	22	8	0	32	53	3	24	0.003	30.0
MRSS_00032	WP_011410889.1	63.636	22	8	0	32	53	3	24	0.004	29.6
MRSS_00032	WP_011410636.1	59.091	22	9	0	32	53	3	24	0.008	28.9
MRSS_00032	WP_148203420.1	45.455	22	10	1	22	43	41	60	2.1	21.6
MRSS_00032	WP_011410811.1	53.333	15	7	0	15	29	89	103	3.0	21.6
MRSS_00032	WP_011410847.1	40.541	37	19	2	9	44	381	415	4.1	21.2
MRSS_00032	WP_424141162.1	20.455	44	35	0	14	57	75	118	4.6	21.2
MRSS_00032	WP_011411792.1	63.636	11	4	0	24	34	321	331	7.4	20.4
MRSS_00033	WP_011410275.1	86.207	87	12	0	1	87	1	87	5.70e-50	149
MRSS_00033	WP_011411812.1	60.000	15	6	0	33	47	85	99	0.66	24.6
MRSS_00033	WP_011412243.1	47.059	17	9	0	42	58	85	101	1.5	23.5
MRSS_00033	WP_083764881.1	29.730	37	26	0	31	67	70	106	2.6	22.7
MRSS_00033	WP_243466187.1	30.769	26	18	0	15	40	14	39	3.5	21.6
MRSS_00034	WP_011410211.1	83.221	149	25	0	1	149	1	149	1.62e-79	228
MRSS_00034	WP_011410685.1	21.101	109	65	3	37	124	13	121	0.023	30.4
MRSS_00034	WP_011412211.1	36.364	55	31	2	5	55	59	113	2.2	24.6
MRSS_00034	WP_011410237.1	50.000	22	11	0	84	105	36	57	3.3	23.5
MRSS_00034	WP_011411724.1	23.881	67	45	1	14	80	92	152	3.3	23.9
MRSS_00034	WP_011411239.1	30.000	50	34	1	23	72	530	578	4.0	23.9
MRSS_00034	WP_011411669.1	22.667	75	49	1	16	90	135	200	4.3	23.5
MRSS_00034	WP_011412043.1	37.500	24	15	0	95	118	35	58	6.1	23.1
MRSS_00034	WP_011412014.1	28.767	73	39	3	64	132	335	398	9.6	22.7
MRSS_00035	WP_011410210.1	94.667	75	4	0	1	75	1	75	3.61e-50	148
MRSS_00035	WP_148203407.1	52.632	19	9	0	10	28	101	119	1.3	23.1
MRSS_00035	WP_011412034.1	37.500	32	19	1	7	37	497	528	1.6	23.1
MRSS_00035	WP_011411222.1	38.462	26	16	0	28	53	312	337	7.4	21.2
MRSS_00035	WP_050747583.1	35.294	17	11	0	11	27	73	89	7.8	21.2
MRSS_00036	WP_041867358.1	77.143	105	24	0	1	105	1	105	8.12e-56	165
MRSS_00036	WP_011411172.1	41.667	24	14	0	31	54	205	228	2.1	23.9
MRSS_00036	WP_011411977.1	27.027	37	27	0	68	104	27	63	3.5	22.3
MRSS_00036	WP_011411463.1	34.286	35	23	0	25	59	41	75	9.0	21.2
MRSS_00037	WP_011410208.1	85.156	128	19	0	1	128	1	128	2.62e-81	231
MRSS_00037	WP_158302377.1	27.848	79	44	3	2	67	138	216	0.061	28.9
MRSS_00037	WP_011411428.1	21.739	69	49	1	36	104	46	109	2.2	24.3
MRSS_00037	WP_011411026.1	27.273	66	33	1	15	65	176	241	3.6	23.9
MRSS_00037	WP_243466300.1	36.667	30	18	1	18	47	603	631	3.8	23.5
MRSS_00037	WP_011411194.1	31.250	32	19	1	67	95	42	73	5.3	23.1
MRSS_00037	WP_050747646.1	32.353	34	23	0	71	104	65	98	7.0	21.9
MRSS_00037	WP_011410864.1	28.358	67	42	2	15	79	468	530	7.2	22.7
MRSS_00037	WP_011412180.1	28.947	76	39	2	35	95	11	86	9.0	22.3
MRSS_00038	WP_050747355.1	26.415	53	28	1	1	42	14	66	0.22	24.3
MRSS_00038	WP_011411169.1	50.000	14	7	0	27	40	496	509	4.8	21.2
MRSS_00038	WP_011410429.1	40.000	25	15	0	37	61	31	55	4.9	21.2
MRSS_00038	WP_041867762.1	45.000	20	9	1	14	33	2	19	6.6	20.8
MRSS_00038	WP_000175096.1	28.000	25	18	0	7	31	16	40	8.5	20.4
MRSS_00038	WP_011410289.1	46.154	26	9	1	6	26	351	376	8.6	20.4
MRSS_00038	WP_011410473.1	61.538	13	5	0	34	46	211	223	9.5	20.4
MRSS_00039	WP_011411817.1	91.489	282	24	0	1	282	1	282	0.0	538
MRSS_00039	WP_011412139.1	25.556	90	59	2	157	244	77	160	3.0	25.4
MRSS_00039	WP_011411409.1	25.000	56	37	1	21	71	309	364	3.0	25.4
MRSS_00039	WP_050747713.1	23.684	114	83	1	84	197	80	189	3.3	25.0
MRSS_00039	WP_011410908.1	32.203	59	23	3	39	92	297	343	5.3	24.6
MRSS_00039	WP_011410920.1	25.000	80	49	2	82	156	124	197	7.1	24.3
MRSS_00039	WP_011410738.1	38.462	26	14	1	151	174	544	569	7.2	24.3
MRSS_00039	WP_011410865.1	37.838	37	19	1	195	227	86	122	7.3	23.9
MRSS_00039	WP_011410809.1	25.000	36	27	0	78	113	197	232	8.1	24.3
MRSS_00039	WP_011410832.1	26.316	57	34	3	1	51	216	270	9.1	23.9
MRSS_00040	WP_011411818.1	90.706	269	25	0	1	269	1	269	0.0	500
MRSS_00040	WP_011410245.1	25.000	84	60	1	182	265	98	178	0.43	27.7
MRSS_00040	WP_011279195.1	24.528	53	40	0	2	54	145	197	0.92	26.9
MRSS_00040	WP_011409990.1	27.679	112	56	4	96	191	148	250	1.2	26.6
MRSS_00040	WP_011412241.1	25.641	39	28	1	227	265	52	89	4.2	23.9
MRSS_00040	WP_011410829.1	38.710	31	19	0	129	159	187	217	5.2	24.6
MRSS_00040	WP_011410820.1	42.105	19	11	0	247	265	183	201	7.0	23.9
MRSS_00040	WP_011410007.1	24.286	70	50	1	28	94	269	338	7.6	24.3
MRSS_00040	WP_011411744.1	25.862	58	36	1	57	107	207	264	9.7	23.9
MRSS_00041	WP_011411819.1	82.857	280	48	0	1	280	1	280	6.17e-160	442
MRSS_00041	WP_011411456.1	31.980	197	131	3	48	241	67	263	2.86e-22	90.5
MRSS_00041	WP_011410252.1	29.114	79	54	2	110	188	196	272	6.69e-04	37.0
MRSS_00041	WP_011412212.1	26.829	123	77	1	41	163	8	117	0.002	35.0
MRSS_00041	WP_011410752.1	38.182	55	32	1	114	168	56	108	0.025	32.3
MRSS_00041	WP_011411403.1	35.185	54	32	2	114	167	67	117	0.20	28.9
MRSS_00041	WP_011410502.1	26.050	119	76	4	113	227	77	187	0.29	28.5
MRSS_00041	WP_011411764.1	30.488	82	47	3	89	164	39	116	0.86	26.9
MRSS_00041	WP_050747963.1	33.333	48	26	1	233	280	185	226	1.8	26.2
MRSS_00041	WP_011410015.1	29.577	71	48	2	115	185	162	230	3.8	25.0
MRSS_00041	WP_011410566.1	37.037	27	17	0	53	79	56	82	7.1	24.3
MRSS_00041	WP_011410817.1	43.750	32	17	1	239	270	193	223	9.8	23.9
MRSS_00041	WP_011411147.1	40.000	30	17	1	241	270	153	181	9.8	23.9
MRSS_00042	WP_011411820.1	90.278	360	35	0	1	360	1	360	0.0	647
MRSS_00042	WP_148203579.1	36.283	339	204	5	13	346	31	362	3.25e-60	194
MRSS_00042	WP_011410985.1	32.394	71	40	2	296	358	125	195	0.87	27.7
MRSS_00042	WP_041866689.1	28.916	83	41	5	35	104	21	98	3.2	25.4
MRSS_00042	WP_050747674.1	32.308	65	43	1	216	279	187	251	3.9	25.4
MRSS_00042	WP_050747733.1	32.759	58	30	2	275	329	64	115	4.6	25.0
MRSS_00042	WP_011410502.1	27.419	62	37	1	199	252	144	205	4.9	25.0
MRSS_00042	WP_011410450.1	27.885	104	40	5	98	185	681	765	6.1	25.0
MRSS_00043	WP_011410851.1	87.966	349	42	0	1	349	13	361	0.0	647
MRSS_00043	WP_011410600.1	20.423	142	102	3	75	210	67	203	0.63	28.1
MRSS_00043	WP_243466231.1	25.641	39	29	0	168	206	22	60	1.7	26.2
MRSS_00043	WP_011410935.1	43.478	23	13	0	8	30	712	734	4.4	25.4
MRSS_00043	WP_011411007.1	27.778	54	27	3	96	137	77	130	8.0	24.3
MRSS_00043	WP_011410352.1	38.889	36	17	2	125	160	239	269	9.5	24.3
MRSS_00044	WP_041866638.1	72.253	364	97	1	1	364	1	360	1.36e-165	463
MRSS_00044	WP_011412000.1	37.069	116	68	3	247	358	313	427	1.41e-16	77.0
MRSS_00044	WP_011411093.1	38.776	98	52	3	265	358	316	409	2.18e-11	60.8
MRSS_00044	WP_041867655.1	31.579	76	35	2	289	363	475	534	0.060	31.6
MRSS_00044	WP_011410341.1	39.623	53	32	0	96	148	347	399	0.098	30.8
MRSS_00044	WP_011410341.1	34.211	38	25	0	86	123	394	431	5.5	25.0
MRSS_00044	WP_011410039.1	26.136	88	52	3	173	250	279	363	0.55	28.1
MRSS_00044	WP_011412104.1	23.913	138	80	6	177	309	93	210	2.7	26.2
MRSS_00044	WP_011411490.1	26.733	101	57	4	151	234	26	126	3.5	25.4
MRSS_00044	WP_341532826.1	47.826	23	5	1	228	250	60	75	5.5	23.5
MRSS_00044	WP_148203317.1	27.083	48	33	2	58	104	65	111	9.0	23.9
MRSS_00045	WP_011411604.1	81.325	166	31	0	1	166	1	166	1.47e-100	283
MRSS_00045	WP_011410404.1	37.931	116	55	4	7	114	4	110	2.01e-11	57.4
MRSS_00045	WP_011411267.1	50.000	22	11	0	125	146	26	47	2.3	24.6
MRSS_00045	WP_011411072.1	36.986	73	35	5	16	85	805	869	3.9	24.3
MRSS_00045	WP_148203409.1	37.037	27	17	0	16	42	22	48	7.7	21.9
MRSS_00046	WP_011410498.1	88.571	105	12	0	1	105	1	105	4.64e-55	163
MRSS_00046	WP_050747839.1	29.787	47	31	1	57	103	147	191	1.2	24.3
MRSS_00046	WP_011410276.1	64.286	14	5	0	47	60	278	291	2.7	23.5
MRSS_00046	WP_011410681.1	38.710	31	17	1	44	74	95	123	3.3	23.1
MRSS_00046	WP_041866835.1	33.333	30	20	0	40	69	3	32	4.8	21.9
MRSS_00046	WP_011410619.1	45.455	22	12	0	35	56	429	450	9.5	21.9
MRSS_00047	WP_011410499.1	85.232	237	35	0	1	237	1	237	1.97e-146	405
MRSS_00047	WP_011412221.1	43.243	37	21	0	14	50	9	45	0.002	35.4
MRSS_00047	WP_011411422.1	35.135	37	21	1	13	46	11	47	0.058	30.4
MRSS_00047	WP_011411440.1	40.000	55	29	3	122	174	133	185	0.21	28.5
MRSS_00047	WP_011409877.1	30.909	55	34	1	184	238	637	687	0.88	26.9
MRSS_00047	WP_050747787.1	37.143	35	22	0	15	49	100	134	0.92	26.2
MRSS_00047	WP_011411998.1	34.483	29	19	0	52	80	13	41	2.5	24.3
MRSS_00047	WP_158302410.1	27.885	104	70	2	13	115	76	175	3.5	24.6
MRSS_00047	WP_011410493.1	42.308	26	15	0	58	83	444	469	6.9	24.3
MRSS_00048	WP_011410500.1	85.714	154	22	0	1	154	1	154	1.93e-97	274
MRSS_00048	WP_041866951.1	27.692	65	42	1	6	65	35	99	0.94	25.0
MRSS_00048	WP_001569394.1	35.135	37	24	0	7	43	96	132	1.9	25.0
MRSS_00048	WP_011411978.1	30.882	68	37	3	3	64	12	75	3.2	24.3
MRSS_00048	WP_011412164.1	37.037	27	17	0	62	88	152	178	4.1	23.5
MRSS_00048	WP_011411526.1	40.741	27	16	0	36	62	365	391	5.2	23.5
MRSS_00048	WP_011411888.1	32.075	53	27	3	62	110	158	205	5.8	23.5
MRSS_00048	WP_041866912.1	23.577	123	77	5	30	151	81	187	8.8	22.7
MRSS_00049	WP_011410967.1	84.989	473	71	0	1	473	1	473	0.0	833
MRSS_00049	WP_011410923.1	34.426	61	34	1	233	293	24	78	0.36	29.3
MRSS_00049	WP_011411427.1	38.710	31	19	0	397	427	332	362	1.1	28.1
MRSS_00049	WP_011410079.1	28.125	96	58	2	307	396	170	260	1.3	27.7
MRSS_00049	WP_279379442.1	28.571	49	35	0	183	231	144	192	3.9	26.2
MRSS_00049	WP_050747938.1	26.316	38	28	0	119	156	316	353	5.9	25.4
MRSS_00049	WP_158302299.1	42.105	38	18	2	77	113	194	228	6.8	25.4
MRSS_00050	WP_011411617.1	74.468	47	12	0	1	47	144	190	8.33e-19	73.2
MRSS_00050	WP_243466041.1	29.167	24	17	0	1	24	8	31	7.9	21.2
MRSS_00050	WP_011412126.1	42.857	21	12	0	50	70	16	36	9.0	21.6
MRSS_00051	WP_011411613.1	90.317	599	58	0	33	631	1	599	0.0	1108
MRSS_00051	WP_011412040.1	28.814	413	234	15	33	407	2	392	1.59e-36	140
MRSS_00051	WP_011412092.1	32.911	158	101	2	29	181	3	160	1.82e-18	85.5
MRSS_00051	WP_011412092.1	24.084	191	121	7	222	404	315	489	1.53e-06	47.4
MRSS_00051	WP_011412092.1	24.731	93	69	1	431	523	608	699	0.002	37.0
MRSS_00051	WP_011410255.1	32.903	155	86	4	37	181	14	160	2.02e-17	82.0
MRSS_00051	WP_011410255.1	20.548	219	144	6	194	396	258	462	0.046	32.7
MRSS_00051	WP_011410240.1	28.378	222	132	3	39	253	398	599	1.62e-15	76.3
MRSS_00051	WP_011410495.1	26.087	161	95	3	30	171	21	176	6.57e-10	57.8
MRSS_00051	WP_011409992.1	30.597	134	82	4	38	167	14	140	2.67e-09	55.8
MRSS_00051	WP_011411580.1	31.915	94	59	3	118	206	271	364	0.072	32.0
MRSS_00051	WP_011411603.1	31.915	47	27	1	232	273	74	120	1.7	27.7
MRSS_00051	WP_011411852.1	30.000	60	32	2	93	147	192	246	2.8	26.9
MRSS_00051	WP_041867052.1	34.286	35	20	1	4	38	44	75	4.1	25.8
MRSS_00051	WP_041867430.1	28.205	39	27	1	32	70	9	46	6.3	24.6
MRSS_00051	WP_148203470.1	34.286	35	20	1	4	38	144	175	7.1	25.4
MRSS_00052	WP_011411612.1	79.268	328	68	0	1	328	1	328	0.0	532
MRSS_00052	WP_050747828.1	36.957	46	29	0	14	59	11	56	0.35	26.9
MRSS_00052	WP_011412008.1	35.849	53	28	2	14	60	129	181	2.6	25.8
MRSS_00052	WP_011411971.1	28.070	57	37	2	224	280	130	182	4.0	25.4
MRSS_00052	WP_011410164.1	30.000	50	27	1	224	273	470	511	4.5	25.4
MRSS_00052	WP_011411404.1	66.667	12	4	0	140	151	184	195	5.9	25.0
MRSS_00052	WP_011410547.1	25.424	59	40	2	61	116	334	391	6.2	25.0
MRSS_00052	WP_011412241.1	34.211	38	24	1	143	180	52	88	9.1	23.1
MRSS_00053	WP_011411611.1	88.496	226	26	0	1	226	1	226	1.20e-144	399
MRSS_00053	WP_011411561.1	30.702	114	61	5	38	139	241	348	0.084	30.0
MRSS_00053	WP_011410068.1	28.125	64	41	3	110	169	240	302	0.23	28.5
MRSS_00053	WP_011411743.1	24.771	109	69	2	55	151	125	232	0.89	26.6
MRSS_00053	WP_011410440.1	47.619	21	11	0	185	205	253	273	3.3	25.0
MRSS_00053	WP_011411197.1	30.769	52	31	1	51	97	123	174	3.7	24.6
MRSS_00053	WP_041867161.1	28.125	64	42	2	135	194	85	148	5.5	24.3
MRSS_00053	WP_083764654.1	53.333	15	7	0	77	91	25	39	7.0	22.7
MRSS_00053	WP_011410341.1	40.000	30	17	1	73	102	367	395	7.5	23.9
MRSS_00053	WP_041866989.1	38.298	47	21	4	148	191	1121	1162	10.0	23.5
MRSS_00054	WP_011411610.1	81.338	284	53	0	1	284	1	284	6.06e-177	487
MRSS_00054	WP_011411580.1	29.442	197	121	7	11	196	203	392	6.94e-11	58.5
MRSS_00054	WP_011411580.1	28.571	182	115	7	11	183	5	180	4.20e-09	53.1
MRSS_00054	WP_011412233.1	43.860	57	30	2	11	66	219	274	4.22e-05	40.8
MRSS_00054	WP_011412045.1	27.612	134	85	7	11	135	30	160	6.22e-04	36.6
MRSS_00054	WP_011411826.1	71.429	21	3	1	8	28	5	22	0.11	30.0
MRSS_00054	WP_011410201.1	22.989	174	111	5	11	173	198	359	0.15	29.6
MRSS_00054	WP_011410743.1	35.294	34	22	0	210	243	137	170	1.1	26.6
MRSS_00054	WP_011410713.1	30.556	36	25	0	184	219	197	232	1.2	26.9
MRSS_00054	WP_158302314.1	34.286	35	23	0	142	176	57	91	1.7	25.4
MRSS_00054	WP_011410229.1	33.333	57	36	2	11	66	162	217	2.1	26.2
MRSS_00054	WP_011410679.1	39.130	23	14	0	7	29	143	165	4.3	25.0
MRSS_00054	WP_011411623.1	34.091	44	29	0	245	288	68	111	4.9	24.6
MRSS_00054	WP_011410536.1	24.242	99	57	4	10	96	351	443	5.0	25.0
MRSS_00054	WP_011411944.1	29.032	31	21	1	10	40	223	252	6.5	24.6
MRSS_00054	WP_011412164.1	41.935	31	14	2	88	116	114	142	7.3	23.9
MRSS_00054	WP_011410557.1	29.787	47	33	0	146	192	191	237	9.6	23.9
MRSS_00054	WP_011410495.1	22.564	195	109	6	15	174	34	221	9.8	23.9
MRSS_00055	WP_011410222.1	88.462	156	18	0	1	156	1	156	3.18e-101	284
MRSS_00055	WP_011411490.1	31.169	77	45	2	15	87	80	152	0.097	28.5
MRSS_00055	WP_011410483.1	26.000	150	88	6	4	143	499	635	0.10	28.9
MRSS_00055	WP_424141178.1	36.842	38	23	1	16	53	1034	1070	0.58	26.6
MRSS_00055	WP_424141178.1	22.581	124	81	4	5	120	43	159	4.3	23.9
MRSS_00055	WP_050747292.1	21.429	70	43	2	17	80	1	64	0.64	25.8
MRSS_00055	WP_011411530.1	36.735	49	18	2	62	97	262	310	0.94	25.8
MRSS_00055	WP_011410706.1	28.788	66	42	2	70	133	130	192	2.3	24.6
MRSS_00055	WP_011411080.1	28.571	70	42	2	4	65	147	216	2.8	24.3
MRSS_00055	WP_011411281.1	38.462	39	24	0	9	47	80	118	6.7	23.1
MRSS_00055	WP_011411777.1	37.500	24	15	0	127	150	8	31	8.8	22.3
MRSS_00055	WP_011410122.1	28.947	38	24	1	95	132	33	67	9.1	22.7
MRSS_00055	WP_011411744.1	27.273	33	24	0	95	127	57	89	9.1	22.7
MRSS_00056	WP_011410631.1	57.143	35	15	0	3	37	92	126	8.51e-06	36.2
MRSS_00056	WP_011410900.1	57.143	35	15	0	3	37	92	126	8.60e-06	36.2
MRSS_00056	WP_011412178.1	54.286	35	16	0	3	37	92	126	1.91e-05	35.4
MRSS_00056	WP_011411000.1	54.286	35	16	0	3	37	92	126	2.15e-05	35.0
MRSS_00056	WP_011410636.1	54.286	35	16	0	3	37	92	126	2.15e-05	35.0
MRSS_00056	WP_011410889.1	54.286	35	16	0	3	37	93	127	2.17e-05	35.0
MRSS_00056	WP_011409963.1	54.286	35	16	0	3	37	92	126	2.19e-05	35.0
MRSS_00056	WP_083764881.1	47.619	21	11	0	9	29	82	102	2.3	21.2
MRSS_00056	WP_011409932.1	47.059	17	9	0	20	36	227	243	3.4	20.8
MRSS_00056	WP_011412262.1	25.000	24	18	0	1	24	13	36	3.6	20.4
MRSS_00056	WP_011410568.1	70.000	10	3	0	2	11	150	159	5.7	20.0
MRSS_00056	WP_011410854.1	33.333	24	16	0	15	38	442	465	6.5	20.0
MRSS_00056	WP_011411824.1	42.105	19	11	0	20	38	222	240	7.5	19.6
MRSS_00057	WP_011410234.1	36.364	33	20	1	104	136	104	135	1.2	28.1
MRSS_00057	WP_011410307.1	32.258	62	32	2	296	355	166	219	5.6	25.4
MRSS_00057	WP_041866559.1	35.484	31	20	0	495	525	46	76	9.3	23.9
MRSS_00058	WP_011411959.1	84.615	455	68	2	1	454	1	454	0.0	762
MRSS_00058	WP_011410267.1	28.419	468	302	12	11	454	3	461	2.39e-41	153
MRSS_00058	WP_011411672.1	28.571	84	57	1	205	288	145	225	0.002	36.2
MRSS_00058	WP_011410353.1	43.478	23	13	0	225	247	169	191	2.2	26.6
MRSS_00058	WP_011411678.1	21.795	78	55	1	18	95	56	127	3.2	25.4
MRSS_00058	WP_011411817.1	31.707	41	27	1	121	160	173	213	4.6	25.4
MRSS_00058	WP_011411451.1	27.536	69	44	1	132	194	290	358	6.9	25.0
MRSS_00059	WP_011410525.1	86.093	453	63	0	1	453	1	453	0.0	760
MRSS_00059	WP_243466288.1	26.596	188	130	3	31	214	13	196	7.68e-07	47.4
MRSS_00059	WP_011279191.1	27.200	125	89	1	69	191	63	187	3.04e-06	45.4
MRSS_00059	WP_011411074.1	29.464	112	77	1	26	135	24	135	4.28e-06	45.1
MRSS_00059	WP_011411985.1	28.571	140	94	2	31	168	30	165	6.11e-06	44.3
MRSS_00059	WP_011409884.1	29.577	71	50	0	325	395	121	191	0.063	31.6
MRSS_00059	WP_011409884.1	24.269	342	220	11	59	379	57	380	1.2	27.7
MRSS_00059	WP_041866653.1	29.825	57	35	1	28	84	20	71	0.090	29.6
MRSS_00059	WP_050747932.1	31.707	82	54	2	285	366	297	376	0.32	29.3
MRSS_00059	WP_011411690.1	30.909	55	32	3	162	214	36	86	1.2	27.3
MRSS_00059	WP_050747701.1	27.848	79	51	1	25	97	32	110	2.0	25.8
MRSS_00059	WP_011410271.1	37.288	59	29	3	19	76	223	274	2.6	26.6
MRSS_00059	WP_070108731.1	26.667	75	48	2	307	374	19	93	5.3	25.0
MRSS_00059	WP_011411111.1	41.176	34	18	1	199	230	306	339	5.6	25.4
MRSS_00059	WP_011410618.1	33.333	36	23	1	336	370	67	102	8.5	24.3
MRSS_00060	WP_002211347.1	98.611	72	1	0	1	72	1	72	8.47e-50	147
MRSS_00060	WP_011410787.1	25.000	36	27	0	20	55	331	366	2.5	22.3
MRSS_00060	WP_011410252.1	36.364	22	14	0	8	29	164	185	4.4	21.9
MRSS_00060	WP_011411970.1	42.857	21	12	0	22	42	18	38	5.9	21.6
MRSS_00060	WP_011412085.1	34.375	32	19	1	13	44	33	62	6.2	21.2
MRSS_00060	WP_011410349.1	52.941	17	8	0	23	39	85	101	6.2	21.2
MRSS_00060	WP_011412201.1	61.538	13	5	0	60	72	43	55	7.2	21.2
MRSS_00060	WP_011411949.1	27.778	36	26	0	1	36	57	92	7.3	21.2
MRSS_00060	WP_011410939.1	38.889	18	11	0	39	56	35	52	7.5	21.2
MRSS_00061	WP_011411525.1	92.941	85	6	0	1	85	1	85	7.17e-54	158
MRSS_00061	WP_011410059.1	26.582	79	57	1	3	80	4	82	2.49e-05	35.8
MRSS_00061	WP_011410351.1	25.000	72	51	1	14	85	14	82	0.77	24.3
MRSS_00061	WP_011410939.1	40.000	35	20	1	15	49	216	249	1.2	23.9
MRSS_00061	WP_041867523.1	34.146	41	25	1	25	65	4	42	1.2	23.5
MRSS_00061	WP_011411024.1	25.926	81	35	2	5	85	376	431	2.4	23.1
MRSS_00061	WP_011411823.1	28.205	39	28	0	30	68	110	148	6.0	21.9
MRSS_00061	WP_011411197.1	36.364	33	21	0	39	71	57	89	6.3	21.9
MRSS_00061	WP_011410202.1	28.571	21	15	0	21	41	257	277	7.6	21.6
MRSS_00062	WP_011411526.1	93.043	575	40	0	1	575	1	575	0.0	1078
MRSS_00062	WP_011411709.1	33.677	582	357	10	2	570	171	736	1.44e-99	315
MRSS_00062	WP_011411249.1	25.160	469	277	15	108	530	341	781	9.33e-28	114
MRSS_00062	WP_158302481.1	46.154	26	14	0	26	51	1	26	0.42	26.6
MRSS_00062	WP_011411263.1	34.000	50	29	2	294	342	29	75	0.53	28.1
MRSS_00062	WP_011410891.1	27.907	86	53	3	142	226	523	600	3.4	26.6
MRSS_00062	WP_011410484.1	34.091	44	25	2	237	276	118	161	5.9	25.4
MRSS_00062	WP_011410429.1	52.381	21	10	0	243	263	53	73	6.4	25.0
MRSS_00062	WP_279379432.1	32.787	61	40	1	369	428	96	156	8.1	25.0
MRSS_00063	WP_011411527.1	90.533	169	16	0	1	169	1	169	1.67e-106	298
MRSS_00063	WP_011410696.1	41.429	140	82	0	21	160	528	667	6.86e-38	133
MRSS_00063	WP_005968829.1	33.333	57	30	4	61	115	1	51	0.046	28.1
MRSS_00063	WP_011410500.1	32.258	62	28	2	66	126	55	103	0.13	28.1
MRSS_00063	WP_011410009.1	31.250	48	26	3	70	115	10	52	1.0	24.3
MRSS_00063	WP_243466239.1	33.333	24	16	0	26	49	29	52	3.0	23.1
MRSS_00063	WP_279379387.1	42.857	21	12	0	102	122	5	25	5.1	21.9
MRSS_00063	WP_011409998.1	26.950	141	90	6	29	161	1074	1209	6.5	23.5
MRSS_00063	WP_011411731.1	60.000	15	6	0	22	36	69	83	8.8	22.7
MRSS_00064	WP_050747920.1	82.060	563	101	0	18	580	1	563	0.0	963
MRSS_00064	WP_011411666.1	23.936	188	128	7	100	282	260	437	3.60e-04	39.7
MRSS_00064	WP_011411666.1	25.333	150	66	6	471	575	657	805	4.10e-04	39.3
MRSS_00064	WP_011411666.1	20.497	161	121	3	75	229	145	304	0.029	33.5
MRSS_00064	WP_050747632.1	34.211	38	25	0	198	235	13	50	3.4	24.6
MRSS_00064	WP_011409866.1	28.788	66	32	2	436	490	23	84	5.2	26.2
MRSS_00064	WP_041866951.1	42.105	19	11	0	405	423	6	24	7.3	24.3
MRSS_00064	WP_011410922.1	47.826	23	12	0	268	290	4	26	9.7	25.0
MRSS_00065	WP_011410216.1	74.277	1279	294	4	1	1249	1	1274	0.0	1832
MRSS_00065	WP_011410148.1	25.000	128	88	4	37	161	66	188	0.60	29.6
MRSS_00065	WP_083764685.1	37.838	37	19	1	733	765	144	180	2.0	28.1
MRSS_00065	WP_243466270.1	40.000	35	18	2	34	66	1	34	2.2	25.8
MRSS_00065	WP_011412145.1	42.500	40	21	1	919	956	165	204	4.0	27.3
MRSS_00065	WP_011410263.1	24.299	107	61	3	922	1019	148	243	4.1	27.7
MRSS_00065	WP_011410201.1	28.571	56	40	0	631	686	343	398	4.9	27.3
MRSS_00065	WP_011410363.1	24.590	61	43	1	683	743	119	176	5.2	26.9
MRSS_00065	WP_011410761.1	22.340	94	68	1	341	429	1	94	6.9	26.6
MRSS_00066	WP_011410731.1	82.000	250	45	0	1	250	1	250	8.64e-155	427
MRSS_00066	WP_011409933.1	43.750	32	18	0	97	128	353	384	0.006	33.9
MRSS_00066	WP_011410887.1	29.167	48	33	1	75	121	279	326	0.89	26.9
MRSS_00066	WP_158302342.1	37.037	27	14	1	68	91	19	45	2.9	23.1
MRSS_00066	WP_011410539.1	30.233	43	30	0	125	167	73	115	5.0	24.3
MRSS_00066	WP_041867263.1	28.889	45	31	1	196	240	70	113	5.7	24.3
MRSS_00066	WP_011411036.1	30.435	46	28	1	70	111	49	94	9.3	23.1
MRSS_00066	WP_050747847.1	57.895	19	8	0	54	72	79	97	9.6	23.5
MRSS_00067	WP_011412178.1	52.542	118	43	2	12	127	57	163	2.73e-31	110
MRSS_00067	WP_011410900.1	50.862	116	48	2	12	127	57	163	8.77e-31	109
MRSS_00067	WP_011411000.1	50.000	116	49	2	12	127	57	163	5.25e-30	107
MRSS_00067	WP_011410889.1	54.286	105	46	1	25	127	60	164	8.66e-30	104
MRSS_00067	WP_011409963.1	50.847	118	45	2	12	127	57	163	2.44e-28	102
MRSS_00067	WP_011410636.1	47.414	116	52	2	12	127	57	163	3.81e-26	97.1
MRSS_00067	WP_011410631.1	47.458	118	41	3	12	127	57	155	2.90e-22	86.7
MRSS_00067	WP_083764685.1	38.235	34	21	0	56	89	36	69	0.007	32.0
MRSS_00067	WP_083764726.1	29.268	82	49	4	47	122	76	154	0.40	26.9
MRSS_00067	WP_050747463.1	30.303	33	23	0	54	86	19	51	1.8	23.9
MRSS_00067	WP_011410887.1	27.869	61	35	2	103	155	313	372	1.9	25.0
MRSS_00067	WP_011410364.1	31.579	38	26	0	26	63	135	172	2.3	24.6
MRSS_00067	WP_011410630.1	26.415	53	37	1	28	80	126	176	3.7	23.9
MRSS_00067	WP_011411129.1	24.211	95	48	4	59	151	507	579	4.0	23.9
MRSS_00067	WP_011411660.1	28.571	35	24	1	44	77	145	179	4.2	23.5
MRSS_00067	WP_011411681.1	20.513	78	62	0	13	90	12	89	4.5	23.5
MRSS_00067	WP_011411061.1	24.324	37	27	1	103	139	87	122	5.9	23.1
MRSS_00067	WP_011411928.1	36.842	19	12	0	60	78	114	132	7.8	22.7
MRSS_00067	WP_041867655.1	53.846	13	6	0	103	115	7	19	10.0	22.7
MRSS_00068	WP_011410741.1	62.617	107	40	0	1	107	58	164	2.69e-47	145
MRSS_00068	WP_011410341.1	31.915	47	26	1	60	100	74	120	0.27	26.6
MRSS_00068	WP_041866676.1	23.256	86	57	2	29	105	24	109	1.0	24.3
MRSS_00068	WP_000859115.1	34.211	38	21	2	17	53	50	84	1.3	23.9
MRSS_00068	WP_011411189.1	31.373	51	35	0	17	67	3	53	1.3	24.6
MRSS_00068	WP_011411780.1	27.500	40	29	0	13	52	16	55	2.1	23.5
MRSS_00068	WP_243466145.1	27.500	40	29	0	13	52	16	55	2.2	23.5
MRSS_00068	WP_158302311.1	41.667	36	19	1	41	76	28	61	2.2	23.5
MRSS_00068	WP_011410576.1	30.556	36	25	0	32	67	31	66	2.5	23.5
MRSS_00068	WP_011412027.1	27.500	40	29	0	13	52	16	55	3.3	23.1
MRSS_00068	WP_011411580.1	28.571	35	21	1	66	100	230	260	4.6	22.7
MRSS_00068	WP_011410605.1	31.250	48	24	1	8	55	58	96	5.5	22.3
MRSS_00068	WP_011411646.1	31.250	48	24	1	8	55	58	96	5.5	22.3
MRSS_00068	WP_011410723.1	52.941	17	8	0	53	69	65	81	6.1	22.3
MRSS_00068	WP_011410355.1	27.027	37	27	0	32	68	73	109	6.6	22.3
MRSS_00068	WP_041867655.1	50.000	18	9	0	52	69	416	433	8.1	22.3
MRSS_00069	WP_011410742.1	68.664	217	68	0	1	217	16	232	1.14e-100	312
MRSS_00069	WP_011411690.1	37.333	75	40	5	50	122	39	108	0.005	33.5
MRSS_00069	WP_011410767.1	46.667	30	13	1	51	77	117	146	3.9	24.6
MRSS_00069	WP_011411584.1	39.583	48	23	2	111	152	191	238	4.8	24.6
MRSS_00069	WP_148203351.1	24.490	49	31	1	44	92	47	89	6.0	23.5
MRSS_00069	WP_041867164.1	33.333	48	28	2	126	173	10	53	6.6	23.1
MRSS_00069	WP_011409982.1	24.771	109	69	5	31	137	92	189	7.3	23.9
MRSS_00070	WP_041867078.1	91.045	67	6	0	1	67	1	67	9.63e-43	129
MRSS_00070	WP_041866869.1	89.552	67	7	0	1	67	1	67	6.30e-42	127
MRSS_00070	WP_041866814.1	75.000	64	16	0	1	64	1	64	3.76e-33	105
MRSS_00070	WP_041867029.1	65.625	64	22	0	1	64	1	64	8.71e-27	89.0
MRSS_00070	WP_166506638.1	73.469	49	13	0	1	49	1	49	3.40e-22	77.0
MRSS_00070	WP_243466239.1	74.359	39	10	0	1	39	1	39	4.60e-17	64.7
MRSS_00070	WP_148203520.1	53.061	49	21	1	1	47	1	49	2.34e-13	55.5
MRSS_00070	WP_041866680.1	40.625	32	14	2	17	45	65	94	0.64	23.9
MRSS_00070	WP_173340363.1	30.952	42	23	1	5	46	80	115	3.4	21.9
MRSS_00070	WP_011410552.1	42.857	14	8	0	32	45	74	87	6.9	21.2
MRSS_00070	WP_011410582.1	63.636	11	4	0	10	20	447	457	7.6	20.8
MRSS_00070	WP_341532877.1	58.333	12	5	0	7	18	70	81	7.8	20.8
MRSS_00071	WP_011411296.1	36.585	41	23	2	20	60	61	98	3.1	21.9
MRSS_00071	WP_011412007.1	26.829	41	28	1	2	42	107	145	10.0	20.8
MRSS_00072	WP_011410218.1	87.429	175	22	0	1	175	1	175	1.10e-117	327
MRSS_00072	WP_011411865.1	22.535	71	41	2	64	120	188	258	0.96	25.8
MRSS_00072	WP_011411423.1	30.357	56	38	1	3	57	208	263	3.6	24.3
MRSS_00072	WP_011412222.1	31.111	45	28	1	64	108	318	359	5.5	23.9
MRSS_00072	WP_041866925.1	36.667	30	19	0	105	134	62	91	9.3	22.7
MRSS_00073	WP_011411710.1	93.038	158	11	0	1	158	1	158	3.00e-111	310
MRSS_00073	WP_011410431.1	39.062	64	35	1	14	73	10	73	1.61e-09	49.7
MRSS_00073	WP_011411087.1	29.839	124	76	6	8	127	5	121	9.03e-06	39.7
MRSS_00073	WP_011412120.1	35.000	60	35	1	13	68	51	110	4.66e-05	38.1
MRSS_00073	WP_243466119.1	28.571	49	35	0	20	68	89	137	0.004	32.3
MRSS_00073	WP_243466097.1	24.390	82	55	2	35	110	1	81	0.90	25.4
MRSS_00073	WP_341532822.1	46.429	28	14	1	59	86	82	108	4.3	23.5
MRSS_00073	WP_158302356.1	50.000	20	8	1	32	49	19	38	4.3	21.9
MRSS_00073	WP_011411258.1	35.714	42	26	1	35	76	391	431	4.5	23.9
MRSS_00073	WP_341532836.1	35.294	17	11	0	8	24	21	37	5.2	23.5
MRSS_00073	WP_011411616.1	22.549	102	59	4	43	138	12	99	5.9	23.1
MRSS_00073	WP_011410850.1	28.302	53	35	1	11	60	115	167	6.2	23.1
MRSS_00073	WP_011410601.1	32.759	58	27	2	40	86	123	179	6.2	23.1
MRSS_00073	WP_011411072.1	34.783	46	29	1	3	48	758	802	8.1	23.1
MRSS_00073	WP_011410541.1	33.333	21	13	1	126	146	4	23	8.4	23.1
MRSS_00073	WP_158302366.1	50.000	20	8	1	32	49	19	38	9.1	21.6
MRSS_00074	WP_011411537.1	82.119	151	27	0	1	151	1	151	2.42e-89	253
MRSS_00074	WP_243466053.1	28.986	69	40	2	26	94	59	118	0.44	26.2
MRSS_00074	WP_011411137.1	23.148	108	71	3	18	119	43	144	0.57	26.2
MRSS_00074	WP_041867758.1	33.333	36	22	1	114	149	196	229	0.58	26.6
MRSS_00074	WP_243466099.1	27.083	48	29	2	85	127	205	251	1.8	24.6
MRSS_00074	WP_011411363.1	26.761	71	45	4	45	110	79	147	3.3	23.9
MRSS_00074	WP_011411552.1	25.373	67	31	1	77	124	3	69	5.2	23.1
MRSS_00074	WP_011410288.1	30.233	43	29	1	103	144	220	262	6.9	23.1
MRSS_00074	WP_083764726.1	34.884	43	25	1	5	47	297	336	7.0	23.1
MRSS_00074	WP_011410864.1	37.838	37	20	2	80	113	1309	1345	7.5	23.1
MRSS_00075	WP_041867589.1	84.674	261	39	1	27	286	2	262	4.56e-166	457
MRSS_00075	WP_041866627.1	20.588	68	54	0	117	184	7	74	2.6	25.4
MRSS_00075	WP_050747879.1	52.381	21	10	0	151	171	84	104	3.8	25.0
MRSS_00075	WP_050747745.1	50.000	22	11	0	100	121	47	68	7.4	22.7
MRSS_00075	WP_011410350.1	25.532	47	35	0	42	88	419	465	7.9	24.3
MRSS_00076	WP_011411607.1	88.095	126	15	0	1	126	1	126	3.60e-80	228
MRSS_00076	WP_011411959.1	35.385	65	34	3	50	113	1	58	0.83	25.4
MRSS_00076	WP_011409896.1	32.075	53	31	1	73	125	3	50	1.2	24.6
MRSS_00076	WP_011410605.1	30.769	39	26	1	17	54	128	166	1.4	24.6
MRSS_00076	WP_011411646.1	30.769	39	26	1	17	54	128	166	1.5	24.6
MRSS_00076	WP_011409950.1	39.130	46	20	2	81	122	169	210	3.1	23.5
MRSS_00076	WP_011410378.1	33.333	39	23	1	22	57	151	189	3.7	23.5
MRSS_00076	WP_083764616.1	27.536	69	49	1	55	123	208	275	4.7	23.1
MRSS_00076	WP_011410132.1	40.000	20	12	0	19	38	104	123	5.6	22.7
MRSS_00076	WP_011410076.1	29.268	41	27	1	44	84	87	125	6.0	22.7
MRSS_00076	WP_011411683.1	29.630	27	19	0	34	60	211	237	6.9	22.7
MRSS_00077	WP_011411608.1	52.703	74	35	0	1	74	4	77	5.75e-23	84.3
MRSS_00077	WP_011410540.1	35.000	40	24	1	10	47	204	243	1.3	23.5
MRSS_00077	WP_041867108.1	40.000	30	15	1	22	51	218	244	2.6	22.7
MRSS_00077	WP_011410882.1	31.915	47	23	2	14	51	37	83	5.0	21.9
MRSS_00077	WP_011410036.1	44.444	18	10	0	43	60	46	63	6.7	21.6
MRSS_00077	WP_011410354.1	36.667	30	19	0	49	78	226	255	7.1	21.6
MRSS_00078	WP_011411657.1	47.368	19	8	1	38	56	65	81	3.1	23.1
MRSS_00078	WP_011410985.1	38.710	31	15	1	11	37	81	111	3.7	22.7
MRSS_00078	WP_011410831.1	52.941	17	8	0	65	81	301	317	4.6	22.7
MRSS_00078	WP_279379395.1	50.000	18	9	0	30	47	18	35	5.4	21.2
MRSS_00078	WP_424141124.1	26.667	45	33	0	42	86	158	202	5.7	22.3
MRSS_00079	WP_011410173.1	86.462	325	44	0	1	325	1	325	0.0	582
MRSS_00079	WP_011411719.1	30.030	333	189	6	19	324	188	503	3.58e-39	140
MRSS_00079	WP_011411086.1	25.806	124	85	2	16	138	138	255	8.22e-08	49.7
MRSS_00079	WP_011411086.1	27.407	135	68	4	209	320	427	554	2.61e-06	45.1
MRSS_00079	WP_011410875.1	22.599	177	110	5	150	320	302	457	0.63	28.1
MRSS_00079	WP_011409904.1	29.167	48	33	1	93	139	506	553	1.4	26.9
MRSS_00079	WP_011409981.1	26.667	90	59	3	197	283	46	131	4.4	25.4
MRSS_00079	WP_011409976.1	25.926	54	40	0	105	158	182	235	8.2	24.3
MRSS_00080	WP_011410174.1	92.864	1093	78	0	1	1093	1	1093	0.0	1951
MRSS_00080	WP_011411743.1	24.691	162	109	4	864	1018	59	214	7.72e-12	64.3
MRSS_00080	WP_011410815.1	26.984	126	71	5	917	1037	69	178	0.038	33.9
MRSS_00080	WP_011410547.1	22.727	132	78	4	531	657	452	564	1.1	29.3
MRSS_00080	WP_041867175.1	28.788	66	41	2	486	550	10	70	3.5	25.8
MRSS_00080	WP_011411737.1	30.159	63	44	0	144	206	21	83	5.1	25.8
MRSS_00080	WP_011410256.1	29.545	44	31	0	675	718	4	47	8.0	23.9
MRSS_00080	WP_158302393.1	61.538	13	5	0	548	560	45	57	9.1	23.9
MRSS_00080	WP_011411699.1	29.730	74	48	2	48	119	12	83	9.3	25.4
MRSS_00080	WP_011411187.1	32.759	58	27	3	889	943	305	353	9.9	26.2
MRSS_00081	WP_011410175.1	84.014	294	47	0	1	294	1	294	0.0	516
MRSS_00081	WP_011411592.1	32.394	71	41	2	142	207	349	417	0.040	31.6
MRSS_00081	WP_011411021.1	63.158	19	7	0	118	136	322	340	2.0	26.2
MRSS_00081	WP_011412222.1	21.591	88	60	1	92	170	417	504	2.9	25.8
MRSS_00081	WP_243466051.1	57.895	19	8	0	118	136	51	69	4.4	24.6
MRSS_00081	WP_011411734.1	29.310	58	31	2	33	87	22	72	6.7	24.6
MRSS_00081	WP_011412139.1	28.889	45	29	1	246	290	170	211	6.9	24.3
MRSS_00081	WP_011411790.1	26.000	50	34	1	68	114	247	296	8.4	24.3
MRSS_00081	WP_011409866.1	37.500	32	15	1	99	125	231	262	8.5	24.3
MRSS_00081	WP_011409988.1	25.000	52	38	1	141	191	22	73	9.7	23.1
MRSS_00082	WP_011410177.1	90.608	181	17	0	1	181	1	181	6.76e-125	345
MRSS_00082	WP_424141183.1	47.826	23	12	0	146	168	110	132	0.55	26.9
MRSS_00082	WP_011410024.1	30.000	50	31	1	101	150	1058	1103	1.1	26.2
MRSS_00082	WP_011410001.1	42.857	28	15	1	73	100	42	68	2.1	24.6
MRSS_00082	WP_011410076.1	24.615	65	45	2	23	83	123	187	2.5	24.6
MRSS_00082	WP_011410704.1	32.468	77	43	3	37	106	38	112	3.2	24.3
MRSS_00082	WP_011412047.1	33.333	33	22	0	146	178	108	140	3.5	24.3
MRSS_00082	WP_011410489.1	46.154	26	14	0	67	92	220	245	5.4	23.9
MRSS_00082	WP_011411995.1	38.462	26	16	0	107	132	11	36	8.8	23.1
MRSS_00083	WP_011411443.1	52.838	229	58	2	1	179	1	229	7.92e-72	213
MRSS_00083	WP_158302422.1	34.211	38	20	1	47	79	467	504	0.77	26.6
MRSS_00083	WP_011411086.1	21.875	64	47	2	110	171	286	348	0.87	26.2
MRSS_00083	WP_011411953.1	50.000	28	9	2	41	68	165	187	1.2	25.4
MRSS_00083	WP_011410481.1	27.907	86	57	3	58	140	715	798	2.3	25.0
MRSS_00083	WP_011411072.1	36.000	25	16	0	123	147	971	995	2.7	25.0
MRSS_00083	WP_011410652.1	29.231	65	43	1	23	84	94	158	8.2	23.1
MRSS_00084	WP_011411444.1	83.452	423	68	1	1	423	1	421	0.0	680
MRSS_00084	WP_011410547.1	39.286	56	23	3	81	125	810	865	0.81	28.1
MRSS_00084	WP_011410742.1	37.931	29	15	1	213	241	595	620	2.9	26.6
MRSS_00084	WP_011410647.1	21.078	204	121	8	176	370	43	215	3.8	25.8
MRSS_00084	WP_011410931.1	54.167	24	8	2	332	352	224	247	5.0	25.4
MRSS_00084	WP_050747583.1	33.333	45	27	1	264	308	52	93	6.7	24.3
MRSS_00084	WP_011410220.1	40.000	30	18	0	50	79	104	133	6.9	25.0
MRSS_00084	WP_011411330.1	26.087	46	30	1	82	127	199	240	8.5	24.6
MRSS_00085	WP_011411445.1	88.889	306	34	0	1	306	1	306	0.0	560
MRSS_00085	WP_011411756.1	29.787	47	33	0	160	206	117	163	3.7	25.0
MRSS_00085	WP_011410764.1	42.857	21	12	0	273	293	203	223	5.5	24.6
MRSS_00085	WP_011410002.1	27.660	47	29	1	145	191	128	169	7.1	24.3
MRSS_00087	WP_011411102.1	86.067	689	96	0	1	689	1	689	0.0	1236
MRSS_00087	WP_041866921.1	24.138	87	63	1	296	379	22	108	0.37	28.5
MRSS_00087	WP_243466159.1	35.000	40	26	0	313	352	38	77	1.7	26.2
MRSS_00087	WP_011411337.1	30.000	40	28	0	572	611	69	108	5.1	26.2
MRSS_00087	WP_198408788.1	30.952	42	27	1	161	200	30	71	5.7	25.0
MRSS_00087	WP_011410702.1	27.941	68	40	2	13	71	110	177	5.8	25.8
MRSS_00087	WP_162010793.1	25.455	55	39	1	410	464	10	62	8.3	25.0
MRSS_00088	WP_011410485.1	91.560	545	46	0	1	545	1	545	0.0	1011
MRSS_00088	WP_011410282.1	22.143	140	101	3	408	544	246	380	0.001	37.4
MRSS_00088	WP_011411127.1	29.412	51	36	0	7	57	119	169	0.026	33.1
MRSS_00088	WP_011411572.1	34.483	29	19	0	367	395	74	102	1.9	27.3
MRSS_00088	WP_011410239.1	26.882	93	50	5	370	446	242	332	2.2	27.3
MRSS_00088	WP_011412110.1	35.417	48	31	0	347	394	49	96	2.8	26.2
MRSS_00088	WP_041866899.1	41.667	24	14	0	359	382	26	49	3.7	24.3
MRSS_00088	WP_011411859.1	25.641	78	53	1	105	177	78	155	4.1	26.2
MRSS_00088	WP_148203440.1	28.571	42	30	0	15	56	14	55	5.0	24.3
MRSS_00088	WP_011410985.1	47.826	23	12	0	13	35	178	200	7.5	25.4
MRSS_00088	WP_011412096.1	34.043	47	29	1	234	280	66	110	9.0	24.3
MRSS_00089	WP_011410486.1	93.056	432	30	0	1	432	1	432	0.0	779
MRSS_00089	WP_011412196.1	26.316	38	25	1	272	306	454	491	0.27	29.6
MRSS_00089	WP_011412222.1	33.824	68	39	3	326	391	333	396	0.35	29.3
MRSS_00089	WP_011411709.1	22.772	101	73	1	138	233	546	646	3.7	26.2
MRSS_00089	WP_011410892.1	25.806	93	48	4	129	205	36	123	4.0	25.4
MRSS_00089	WP_011411072.1	28.333	60	39	1	53	112	1255	1310	4.6	25.8
MRSS_00089	WP_011279209.1	39.583	48	24	3	203	245	25	72	5.4	25.0
MRSS_00089	WP_011279190.1	21.930	114	73	4	214	318	480	586	5.8	25.4
MRSS_00089	WP_011410348.1	27.397	73	33	3	247	318	57	110	5.8	25.0
MRSS_00089	WP_011411070.1	33.333	51	29	1	368	413	383	433	6.9	25.0
MRSS_00090	WP_011410487.1	85.135	222	33	0	1	222	1	222	2.32e-144	398
MRSS_00090	WP_011410507.1	71.429	14	4	0	35	48	7	20	0.072	28.9
MRSS_00090	WP_011409903.1	22.414	116	81	4	36	145	137	249	0.16	28.9
MRSS_00090	WP_011410848.1	29.412	34	24	0	24	57	23	56	0.54	27.3
MRSS_00090	WP_011410171.1	23.529	51	38	1	4	53	93	143	0.75	26.9
MRSS_00090	WP_148203596.1	35.294	34	19	1	22	55	96	126	1.0	26.2
MRSS_00090	WP_011412102.1	42.857	28	15	1	25	52	8	34	1.1	24.6
MRSS_00090	WP_041867023.1	40.741	27	16	0	165	191	29	55	3.7	23.1
MRSS_00090	WP_011279165.1	29.333	75	44	4	45	111	17	90	4.6	23.5
MRSS_00090	WP_011410674.1	43.478	23	12	1	22	43	147	169	5.3	24.3
MRSS_00090	WP_041867010.1	55.000	20	9	0	52	71	37	56	6.1	22.7
MRSS_00090	WP_011410730.1	30.645	62	38	3	61	117	201	262	6.6	23.9
MRSS_00090	WP_041867121.1	35.714	28	18	0	83	110	45	72	8.2	23.1
MRSS_00091	WP_011410488.1	90.000	120	12	0	1	120	1	120	6.25e-82	232
MRSS_00091	WP_011411609.1	26.389	72	47	2	4	75	104	169	0.71	25.4
MRSS_00091	WP_011410891.1	33.333	39	25	1	66	104	544	581	3.0	23.9
MRSS_00091	WP_011412122.1	28.261	46	33	0	44	89	158	203	3.3	23.5
MRSS_00091	WP_011410039.1	39.286	28	17	0	42	69	352	379	3.7	23.5
MRSS_00091	WP_011411501.1	33.898	59	29	3	68	117	306	363	7.6	22.3
MRSS_00091	WP_011410470.1	50.000	14	7	0	62	75	69	82	8.2	21.9
MRSS_00091	WP_011411084.1	30.435	46	27	2	43	84	66	110	8.7	22.3
MRSS_00091	WP_011411279.1	31.707	41	22	1	15	49	141	181	8.8	22.3
MRSS_00092	WP_011411824.1	96.508	315	11	0	1	315	1	315	0.0	619
MRSS_00092	WP_011410455.1	39.394	33	20	0	210	242	89	121	0.47	27.7
MRSS_00092	WP_011410551.1	34.615	26	17	0	217	242	123	148	1.4	26.2
MRSS_00092	WP_050747718.1	31.429	35	24	0	87	121	21	55	1.4	25.0
MRSS_00092	WP_011410460.1	32.857	70	44	2	184	253	33	99	2.1	26.2
MRSS_00092	WP_011410566.1	29.231	65	41	2	196	258	27	88	3.0	25.4
MRSS_00092	WP_011411441.1	33.333	39	26	0	213	251	360	398	3.0	25.8
MRSS_00092	WP_041867747.1	32.000	25	17	0	133	157	20	44	3.1	24.3
MRSS_00092	WP_011411555.1	31.429	35	24	0	207	241	117	151	3.9	25.0
MRSS_00092	WP_011412173.1	42.857	21	12	0	1	21	29	49	5.0	24.6
MRSS_00092	WP_011411866.1	37.778	45	27	1	233	277	15	58	5.4	24.3
MRSS_00092	WP_011412085.1	30.233	43	30	0	48	90	176	218	7.0	24.3
MRSS_00092	WP_050747429.1	22.642	53	39	1	25	77	10	60	8.2	23.9
MRSS_00092	WP_011410773.1	29.688	64	33	2	187	250	186	237	10.0	23.9
MRSS_00093	WP_011410460.1	77.273	44	10	0	6	49	28	71	3.01e-20	77.0
MRSS_00093	WP_011411572.1	40.000	20	12	0	10	29	128	147	0.14	25.4
MRSS_00093	WP_011410880.1	28.889	45	32	0	3	47	584	628	0.14	25.4
MRSS_00093	WP_011410126.1	31.579	38	26	0	20	57	179	216	3.7	21.6
MRSS_00093	WP_011410768.1	21.429	42	33	0	6	47	345	386	4.4	21.2
MRSS_00093	WP_011412190.1	31.818	22	15	0	25	46	137	158	5.8	20.8
MRSS_00093	WP_011411268.1	58.333	12	5	0	5	16	41	52	6.1	20.8
MRSS_00093	WP_050747689.1	62.500	16	6	0	17	32	159	174	6.7	20.8
MRSS_00093	WP_011410530.1	37.500	24	15	0	30	53	60	83	7.1	20.8
MRSS_00093	WP_011412139.1	39.130	23	14	0	22	44	196	218	7.3	20.8
MRSS_00093	WP_011412040.1	33.333	21	14	0	38	58	345	365	8.5	20.4
MRSS_00094	WP_011410461.1	78.947	114	24	0	1	114	47	160	1.42e-62	187
MRSS_00094	WP_011409989.1	34.615	52	30	2	42	89	33	84	0.87	25.0
MRSS_00094	WP_011411308.1	26.389	72	34	3	36	107	450	502	0.96	25.0
MRSS_00094	WP_011410036.1	34.286	35	23	0	32	66	2	36	2.1	23.9
MRSS_00094	WP_011411857.1	24.444	45	34	0	19	63	253	297	3.0	23.5
MRSS_00094	WP_011409994.1	27.027	74	34	2	10	83	53	106	3.8	22.7
MRSS_00094	WP_011411017.1	30.769	39	25	1	29	65	419	457	4.5	23.1
MRSS_00094	WP_011410541.1	81.818	11	2	0	11	21	424	434	4.8	23.1
MRSS_00094	WP_341532811.1	18.000	50	41	0	33	82	4	53	5.1	22.3
MRSS_00094	WP_011410763.1	38.235	34	18	1	58	88	320	353	6.2	22.7
MRSS_00094	WP_050747925.1	29.412	68	35	2	48	103	7	73	6.7	22.3
MRSS_00094	WP_148203543.1	57.143	14	6	0	34	47	87	100	9.1	21.6
MRSS_00095	WP_011410894.1	92.381	105	8	0	1	105	1	105	5.61e-70	201
MRSS_00095	WP_011410104.1	33.333	21	14	0	37	57	256	276	1.1	24.6
MRSS_00095	WP_173340363.1	31.250	80	35	4	2	74	418	484	1.1	24.6
MRSS_00095	WP_011411735.1	58.824	17	7	0	85	101	141	157	1.3	24.3
MRSS_00095	WP_011410121.1	28.261	46	27	1	5	44	57	102	4.3	22.7
MRSS_00095	WP_011410332.1	28.571	70	38	1	43	100	115	184	5.4	22.7
MRSS_00095	WP_148203421.1	37.500	16	10	0	81	96	16	31	7.4	20.8
MRSS_00095	WP_011412149.1	37.500	24	14	1	4	27	668	690	9.7	21.9
MRSS_00096	WP_011410540.1	90.541	592	56	0	1	592	1	592	0.0	1058
MRSS_00096	WP_011410856.1	30.533	488	333	3	87	571	95	579	2.76e-73	242
MRSS_00096	WP_011410541.1	29.519	603	368	17	11	586	17	589	1.42e-49	177
MRSS_00096	WP_011410738.1	36.596	235	147	1	335	569	339	571	2.88e-35	136
MRSS_00096	WP_011411530.1	33.333	240	135	7	335	561	1	228	1.92e-23	98.6
MRSS_00096	WP_011411857.1	29.545	220	139	6	351	561	20	232	2.12e-17	80.1
MRSS_00096	WP_011409929.1	28.636	220	145	7	351	561	38	254	4.44e-15	73.2
MRSS_00096	WP_011410773.1	27.313	227	146	8	352	565	19	239	1.46e-14	70.1
MRSS_00096	WP_011411279.1	31.696	224	139	6	346	561	19	236	3.82e-14	71.6
MRSS_00096	WP_148203612.1	28.333	240	145	9	341	561	12	243	9.28e-14	68.6
MRSS_00096	WP_011410809.1	31.977	172	107	4	347	512	298	465	1.51e-13	69.3
MRSS_00096	WP_011410809.1	29.218	243	142	9	341	561	15	249	1.55e-10	59.7
MRSS_00096	WP_011410668.1	27.074	229	146	7	352	570	17	234	1.62e-13	67.0
MRSS_00096	WP_011411332.1	26.577	222	144	4	351	561	28	241	2.00e-13	67.8
MRSS_00096	WP_011410294.1	31.604	212	119	9	348	548	12	208	2.22e-13	66.2
MRSS_00096	WP_011410457.1	29.864	221	130	7	351	560	20	226	9.52e-13	65.5
MRSS_00096	WP_011410956.1	29.864	221	122	9	351	552	17	223	9.88e-13	64.7
MRSS_00096	WP_011411337.1	26.667	225	154	6	329	548	13	231	5.01e-12	62.8
MRSS_00096	WP_148203518.1	32.075	212	114	11	351	548	14	209	2.72e-11	60.5
MRSS_00096	WP_011411360.1	31.081	222	130	10	352	560	21	232	2.82e-11	60.5
MRSS_00096	WP_011409950.1	30.952	210	122	8	351	548	17	215	3.12e-11	59.7
MRSS_00096	WP_011410787.1	25.551	227	140	8	349	562	33	243	1.72e-10	59.3
MRSS_00096	WP_011279184.1	26.667	240	153	8	334	560	1	230	3.94e-10	57.0
MRSS_00096	WP_011411197.1	26.337	243	140	9	342	561	30	256	5.55e-10	57.4
MRSS_00096	WP_424141158.1	37.647	85	49	2	352	432	2	86	1.53e-09	52.4
MRSS_00096	WP_011410365.1	22.791	215	138	6	352	548	278	482	1.81e-09	56.2
MRSS_00096	WP_011410365.1	26.860	242	136	11	350	574	27	244	3.60e-08	52.4
MRSS_00096	WP_011410937.1	29.570	186	102	8	352	520	26	199	1.90e-09	54.7
MRSS_00096	WP_011411196.1	23.770	244	154	8	341	562	31	264	2.28e-09	55.5
MRSS_00096	WP_011410064.1	26.887	212	135	8	352	553	19	220	3.48e-09	53.9
MRSS_00096	WP_011411465.1	27.513	189	121	6	346	530	11	187	7.64e-09	52.4
MRSS_00096	WP_041867326.1	29.469	207	118	8	362	563	27	210	8.95e-09	52.8
MRSS_00096	WP_011410825.1	21.905	210	152	7	344	547	23	226	9.95e-09	53.9
MRSS_00096	WP_011410825.1	24.454	229	148	9	337	548	264	484	3.22e-07	49.3
MRSS_00096	WP_011411253.1	25.333	225	146	7	352	560	17	235	1.26e-08	52.4
MRSS_00096	WP_011410263.1	28.692	237	133	10	352	560	22	250	1.16e-07	50.8
MRSS_00096	WP_011410263.1	25.000	232	150	6	303	525	281	497	8.08e-07	48.1
MRSS_00096	WP_011410881.1	25.287	261	156	10	352	592	19	260	3.57e-07	49.3
MRSS_00096	WP_011410881.1	25.595	168	108	5	362	529	345	495	2.28e-05	43.5
MRSS_00096	WP_011411092.1	24.413	213	136	5	337	545	5	196	3.81e-06	45.1
MRSS_00096	WP_011410751.1	25.346	217	126	7	348	553	37	228	1.65e-05	43.5
MRSS_00096	WP_011411331.1	22.568	257	158	10	334	561	6	250	6.13e-05	41.6
MRSS_00096	WP_011410562.1	28.108	185	83	9	352	530	27	167	1.22e-04	39.7
MRSS_00096	WP_011409928.1	24.324	222	137	8	362	561	33	245	5.17e-04	38.5
MRSS_00096	WP_011412104.1	27.027	185	105	8	350	529	326	485	8.92e-04	38.1
MRSS_00096	WP_011412104.1	23.563	174	103	4	352	504	17	181	0.029	33.5
MRSS_00096	WP_011410069.1	27.000	100	69	2	337	432	8	107	0.002	37.0
MRSS_00096	WP_243466019.1	36.538	52	33	0	350	401	1	52	0.005	32.7
MRSS_00096	WP_050747487.1	25.444	169	110	6	341	504	10	167	0.019	33.1
MRSS_00096	WP_050747885.1	48.148	27	14	0	352	378	31	57	0.14	29.3
MRSS_00096	WP_050747733.1	28.058	139	89	6	412	547	16	146	0.16	30.4
MRSS_00096	WP_011411941.1	45.455	33	18	0	347	379	618	650	0.57	29.3
MRSS_00096	WP_011411941.1	26.190	84	54	3	466	543	823	904	1.5	28.1
MRSS_00096	WP_011410679.1	34.545	55	35	1	324	378	107	160	1.9	27.3
MRSS_00096	WP_011410318.1	37.931	29	18	0	357	385	153	181	2.1	27.3
MRSS_00096	WP_011411130.1	41.379	29	17	0	354	382	154	182	2.8	26.9
MRSS_00096	WP_011412032.1	43.478	23	13	0	362	384	4	26	4.5	25.8
MRSS_00096	WP_050747273.1	37.838	37	23	0	105	141	151	187	4.9	25.8
MRSS_00096	WP_011410348.1	26.786	56	39	1	422	475	62	117	7.7	25.0
MRSS_00096	WP_011409989.1	32.727	55	32	1	343	392	250	304	7.8	25.4
MRSS_00096	WP_011412157.1	30.263	76	41	4	313	386	78	143	8.4	24.6
MRSS_00096	WP_050747912.1	45.455	22	12	0	162	183	100	121	8.8	24.6
MRSS_00096	WP_011410744.1	56.522	23	8	1	369	389	57	79	9.0	25.4
MRSS_00097	WP_011410541.1	90.355	591	57	0	1	591	1	591	0.0	1042
MRSS_00097	WP_011410856.1	29.088	581	392	8	6	575	8	579	1.13e-66	224
MRSS_00097	WP_011410540.1	29.921	508	336	8	81	576	73	572	7.77e-49	175
MRSS_00097	WP_011410738.1	34.894	235	149	3	341	573	339	571	2.30e-31	125
MRSS_00097	WP_011411857.1	32.314	229	137	7	341	557	2	224	5.19e-18	82.0
MRSS_00097	WP_011409950.1	29.596	223	133	7	341	550	2	213	1.50e-17	78.2
MRSS_00097	WP_148203612.1	29.804	255	142	10	341	569	4	247	1.42e-16	77.0
MRSS_00097	WP_011411197.1	29.146	199	127	7	370	557	53	248	6.23e-16	75.5
MRSS_00097	WP_011410825.1	26.106	226	143	8	341	553	14	228	8.61e-16	76.3
MRSS_00097	WP_011411332.1	29.661	236	134	6	344	557	8	233	2.24e-15	73.6
MRSS_00097	WP_011410365.1	30.870	230	127	10	338	556	24	232	1.33e-14	72.8
MRSS_00097	WP_011410365.1	24.272	206	141	7	357	550	278	480	8.48e-08	51.2
MRSS_00097	WP_011411337.1	29.386	228	132	7	350	562	28	241	6.67e-13	65.5
MRSS_00097	WP_011410809.1	27.600	250	157	7	341	569	7	253	1.16e-12	66.6
MRSS_00097	WP_011410809.1	32.258	186	97	7	370	538	316	489	4.60e-12	64.7
MRSS_00097	WP_011411530.1	28.182	220	132	5	352	557	13	220	3.04e-12	64.7
MRSS_00097	WP_011410294.1	31.111	180	101	5	370	539	28	194	3.17e-12	62.8
MRSS_00097	WP_041867326.1	32.386	176	94	7	368	533	28	188	3.74e-12	62.8
MRSS_00097	WP_011410787.1	26.201	229	154	7	341	563	21	240	6.18e-12	63.5
MRSS_00097	WP_011409928.1	28.750	240	154	9	351	573	15	254	8.36e-12	62.8
MRSS_00097	WP_011410956.1	26.522	230	141	6	360	572	21	239	1.77e-11	60.8
MRSS_00097	WP_011410773.1	28.821	229	127	11	356	562	18	232	2.11e-11	60.8
MRSS_00097	WP_011410937.1	29.412	187	121	5	356	535	25	207	2.85e-11	60.1
MRSS_00097	WP_011411196.1	23.506	251	168	9	341	571	23	269	2.99e-11	61.2
MRSS_00097	WP_011409929.1	27.731	238	150	10	348	570	30	260	1.40e-10	59.3
MRSS_00097	WP_011410457.1	28.111	217	137	6	340	550	4	207	5.86e-10	57.0
MRSS_00097	WP_011279184.1	25.352	213	151	5	356	562	18	228	1.17e-09	55.8
MRSS_00097	WP_148203518.1	30.736	231	125	10	343	556	1	213	4.86e-09	53.5
MRSS_00097	WP_011410668.1	24.681	235	152	8	341	562	2	224	7.20e-09	53.1
MRSS_00097	WP_011411360.1	28.829	222	138	7	353	562	17	230	8.91e-09	53.1
MRSS_00097	WP_011410064.1	22.472	178	117	4	356	523	18	184	2.19e-08	51.6
MRSS_00097	WP_011410069.1	28.505	214	141	7	356	561	22	231	2.61e-08	51.6
MRSS_00097	WP_011410562.1	28.889	180	86	5	356	533	26	165	6.11e-08	49.3
MRSS_00097	WP_011411253.1	22.800	250	176	8	341	576	2	248	6.76e-08	50.1
MRSS_00097	WP_011411465.1	25.806	155	100	3	370	520	29	172	7.20e-08	49.7
MRSS_00097	WP_011411279.1	24.880	209	147	4	351	553	19	223	2.50e-07	49.7
MRSS_00097	WP_011411331.1	26.275	255	158	10	341	569	4	254	3.49e-07	48.5
MRSS_00097	WP_011410263.1	27.160	243	132	10	356	565	21	251	4.60e-07	48.9
MRSS_00097	WP_011410263.1	25.150	167	105	5	356	519	338	487	1.28e-04	40.8
MRSS_00097	WP_011411092.1	27.315	216	126	8	341	549	5	196	5.81e-06	44.3
MRSS_00097	WP_011410881.1	24.701	251	151	9	354	576	16	256	1.38e-05	44.3
MRSS_00097	WP_011410881.1	25.481	208	118	8	337	533	314	495	7.06e-04	38.5
MRSS_00097	WP_424141158.1	36.047	86	51	2	356	437	1	86	2.06e-05	40.4
MRSS_00097	WP_011412104.1	28.571	182	103	6	356	533	327	485	8.98e-05	41.6
MRSS_00097	WP_011412104.1	25.926	162	87	6	370	508	30	181	1.6	27.7
MRSS_00097	WP_011411941.1	35.294	85	51	2	467	547	820	904	3.05e-04	40.0
MRSS_00097	WP_011411941.1	28.571	91	52	3	357	445	14	93	0.28	30.4
MRSS_00097	WP_011411941.1	40.541	37	20	1	357	393	623	657	0.61	29.3
MRSS_00097	WP_011410751.1	31.646	79	49	2	467	540	132	210	0.003	36.6
MRSS_00097	WP_243466019.1	34.000	50	33	0	356	405	2	51	0.006	32.7
MRSS_00097	WP_148203351.1	25.000	100	70	2	467	561	37	136	0.010	33.5
MRSS_00097	WP_050747885.1	38.095	42	24	2	356	396	30	70	0.073	30.0
MRSS_00097	WP_050747487.1	25.625	160	86	6	371	515	33	174	0.26	29.6
MRSS_00097	WP_011411582.1	24.771	109	59	1	161	246	17	125	0.48	28.9
MRSS_00097	WP_011410756.1	28.000	50	36	0	330	379	129	178	0.51	29.3
MRSS_00097	WP_011410535.1	24.138	116	72	3	366	465	111	226	1.3	28.1
MRSS_00097	WP_011410679.1	52.381	21	10	0	363	383	140	160	3.5	26.6
MRSS_00097	WP_011411628.1	41.379	29	17	0	392	420	84	112	4.2	25.8
MRSS_00097	WP_011410645.1	33.333	39	26	0	203	241	127	165	5.1	25.8
MRSS_00097	WP_050747733.1	23.077	91	68	2	465	553	58	148	6.6	25.4
MRSS_00097	WP_011410293.1	32.353	68	40	2	485	551	830	892	8.1	25.4
MRSS_00098	WP_041867359.1	66.154	65	22	0	2	66	61	125	6.69e-23	81.6
MRSS_00098	WP_011410362.1	29.577	71	40	4	11	79	4	66	0.65	24.3
MRSS_00098	WP_011409938.1	34.211	38	24	1	28	64	529	566	1.5	23.5
MRSS_00098	WP_011411366.1	40.625	32	16	2	46	76	67	96	4.4	21.9
MRSS_00098	WP_011412031.1	46.154	26	14	0	2	27	34	59	9.2	21.2
MRSS_00098	WP_011411800.1	61.538	13	5	0	60	72	37	49	9.9	21.2
MRSS_00099	WP_041867666.1	34.615	26	17	0	2	27	211	236	2.8	21.6
MRSS_00099	WP_011411674.1	38.889	36	10	2	18	41	184	219	2.9	21.6
MRSS_00099	WP_011410880.1	47.368	19	10	0	10	28	106	124	4.6	20.8
MRSS_00099	WP_011410769.1	35.714	28	18	0	26	53	91	118	5.3	20.8
MRSS_00099	WP_041867279.1	39.130	23	14	0	19	41	116	138	9.3	20.0
MRSS_00100	WP_011410225.1	84.775	289	44	0	2	290	16	304	0.0	498
MRSS_00100	WP_011410520.1	28.244	262	143	7	12	245	28	272	9.37e-17	75.5
MRSS_00100	WP_011409998.1	51.724	29	14	0	50	78	1133	1161	0.86	27.7
MRSS_00100	WP_011409905.1	27.273	44	32	0	6	49	114	157	2.2	26.2
MRSS_00100	WP_041867251.1	32.432	37	22	1	26	62	108	141	6.3	24.3
MRSS_00100	WP_011411217.1	39.394	33	19	1	192	224	33	64	8.0	24.3
MRSS_00101	WP_041866639.1	22.749	422	295	10	15	426	20	420	2.28e-33	126
MRSS_00101	WP_011410671.1	25.490	255	182	5	176	426	33	283	1.05e-17	79.7
MRSS_00101	WP_041866755.1	30.000	50	30	1	187	236	3	47	1.5	25.8
MRSS_00101	WP_011410037.1	38.710	31	19	0	307	337	145	175	1.9	26.6
MRSS_00101	WP_011410272.1	39.474	38	23	0	355	392	377	414	2.6	26.6
MRSS_00101	WP_011412142.1	26.923	52	35	1	388	436	112	163	3.7	25.8
MRSS_00101	WP_041867177.1	28.000	50	31	1	187	236	3	47	4.8	23.9
MRSS_00101	WP_041866862.1	38.462	26	16	0	187	212	3	28	6.4	23.9
MRSS_00101	WP_011411168.1	31.250	48	27	1	76	123	128	169	7.2	24.6
MRSS_00101	WP_011411398.1	33.333	45	26	2	40	83	36	77	7.9	25.0
MRSS_00102	WP_041867090.1	91.561	237	20	0	2	238	6	242	1.06e-148	410
MRSS_00102	WP_011409866.1	25.911	247	164	6	7	236	116	360	1.94e-17	77.0
MRSS_00102	WP_011411982.1	37.500	40	22	2	125	161	48	87	0.20	28.1
MRSS_00102	WP_011411563.1	40.625	32	19	0	62	93	107	138	1.0	26.2
MRSS_00102	WP_011411373.1	28.000	50	32	1	182	231	59	104	1.6	25.8
MRSS_00102	WP_011410616.1	34.043	47	28	1	177	223	10	53	5.2	24.3
MRSS_00102	WP_011409953.1	40.741	27	16	0	22	48	37	63	9.1	23.1
MRSS_00103	WP_243466239.1	42.424	33	19	0	16	48	6	38	0.003	28.5
MRSS_00103	WP_041866814.1	42.424	33	19	0	16	48	6	38	0.004	28.1
MRSS_00103	WP_166506638.1	44.444	27	15	0	22	48	12	38	0.005	27.7
MRSS_00103	WP_041867029.1	36.364	33	21	0	16	48	6	38	0.63	22.7
MRSS_00103	WP_158302323.1	30.769	26	18	0	10	35	6	31	1.1	21.6
MRSS_00103	WP_011410205.1	58.333	12	5	0	25	36	168	179	1.9	21.9
MRSS_00103	WP_041867263.1	34.615	26	17	0	13	38	56	81	2.7	21.2
MRSS_00103	WP_011412045.1	42.857	14	8	0	24	37	3	16	4.3	20.8
MRSS_00103	WP_011410143.1	36.842	19	12	0	22	40	316	334	4.9	20.8
MRSS_00103	WP_011409973.1	45.000	20	11	0	21	40	196	215	5.7	20.4
MRSS_00103	WP_011411431.1	47.826	23	7	1	24	41	83	105	8.3	20.0
MRSS_00104	WP_011412011.1	84.469	367	57	0	1	367	1	367	0.0	647
MRSS_00104	WP_011412013.1	29.185	233	140	7	106	328	113	330	1.03e-09	55.5
MRSS_00104	WP_011410844.1	28.324	173	103	7	199	361	180	341	5.27e-06	43.9
MRSS_00104	WP_011410842.1	29.452	146	88	6	202	335	226	368	5.04e-04	37.7
MRSS_00104	WP_050747614.1	27.389	157	102	5	155	310	146	291	0.036	32.0
MRSS_00104	WP_011410753.1	27.523	109	74	3	202	305	666	774	0.064	31.6
MRSS_00104	WP_148203506.1	33.333	33	22	0	331	363	32	64	0.11	28.1
MRSS_00104	WP_011410755.1	22.517	151	93	5	199	337	194	332	0.11	30.4
MRSS_00104	WP_011411452.1	34.211	38	22	1	81	115	39	76	0.73	26.6
MRSS_00104	WP_011410754.1	25.217	115	77	4	195	302	198	310	0.73	27.7
MRSS_00104	WP_011410846.1	28.261	46	33	0	269	314	255	300	0.87	27.7
MRSS_00104	WP_041867315.1	31.746	63	37	1	108	170	38	94	1.8	26.6
MRSS_00104	WP_011411638.1	45.000	20	11	0	30	49	201	220	4.0	25.4
MRSS_00104	WP_011411471.1	41.667	24	14	0	250	273	27	50	4.5	25.0
MRSS_00104	WP_050747817.1	28.889	45	30	1	242	286	10	52	5.2	25.0
MRSS_00104	WP_011412106.1	30.000	50	33	1	64	111	23	72	7.4	23.1
MRSS_00104	WP_011410489.1	21.698	106	78	2	230	333	64	166	8.6	24.6
MRSS_00104	WP_011410796.1	36.364	55	28	4	238	285	186	240	8.6	24.6
MRSS_00104	WP_011410080.1	28.302	53	36	1	45	95	6	58	9.4	23.9
MRSS_00105	WP_011412010.1	89.506	324	34	0	1	324	1	324	0.0	613
MRSS_00105	WP_011412196.1	30.588	85	43	3	237	315	459	533	0.42	28.5
MRSS_00105	WP_011411953.1	32.000	50	34	0	251	300	153	202	1.3	26.6
MRSS_00105	WP_011411488.1	30.000	40	28	0	241	280	90	129	4.2	25.0
MRSS_00105	WP_050747367.1	38.298	47	25	3	268	310	131	177	6.2	24.3
MRSS_00105	WP_011410437.1	26.282	156	73	6	140	287	135	256	6.5	24.6
MRSS_00105	WP_424141111.1	26.829	41	30	0	28	68	35	75	7.2	23.5
MRSS_00105	WP_011411250.1	25.641	39	29	0	182	220	95	133	8.7	24.3
MRSS_00105	WP_083764708.1	56.250	16	7	0	285	300	2	17	9.5	22.7
MRSS_00106	WP_011412009.1	83.000	400	68	0	1	400	1	400	0.0	645
MRSS_00106	WP_011410104.1	37.008	381	229	6	16	393	18	390	2.60e-55	184
MRSS_00106	WP_011410774.1	27.907	86	62	0	104	189	80	165	0.12	30.4
MRSS_00106	WP_011410831.1	22.222	81	54	2	259	335	260	335	0.97	27.7
MRSS_00106	WP_011411102.1	56.250	16	7	0	47	62	51	66	5.6	25.4
MRSS_00107	WP_011412008.1	86.711	301	40	0	1	301	1	301	0.0	541
MRSS_00107	WP_011411237.1	30.000	70	41	4	182	246	61	127	0.076	30.0
MRSS_00107	WP_011412144.1	35.897	39	25	0	1	39	205	243	0.22	29.3
MRSS_00107	WP_011411194.1	29.457	129	77	6	4	127	185	304	0.36	28.5
MRSS_00107	WP_011411598.1	25.424	59	44	0	1	59	1	59	0.44	28.1
MRSS_00107	WP_011411990.1	29.730	74	46	3	71	143	86	154	1.0	26.9
MRSS_00107	WP_011410752.1	25.743	101	55	4	65	156	71	160	1.3	26.9
MRSS_00107	WP_011410332.1	28.736	87	48	4	172	257	292	365	4.4	25.0
MRSS_00107	WP_011410335.1	38.095	21	13	0	179	199	93	113	8.9	23.9
MRSS_00108	WP_011411541.1	77.586	58	13	0	1	58	1	58	2.49e-29	96.7
MRSS_00108	WP_011410354.1	34.483	58	29	2	1	55	273	324	0.28	24.6
MRSS_00108	WP_011410034.1	23.256	43	31	1	15	57	36	76	1.2	22.3
MRSS_00108	WP_011410044.1	40.741	27	16	0	28	54	185	211	2.3	21.9
MRSS_00108	WP_011279194.1	37.037	27	16	1	19	44	232	258	3.9	21.6
MRSS_00108	WP_011411654.1	75.000	8	2	0	24	31	311	318	4.2	21.2
MRSS_00108	WP_011410564.1	42.857	21	11	1	26	45	168	188	4.4	21.2
MRSS_00108	WP_011410229.1	33.333	24	16	0	32	55	348	371	5.3	21.2
MRSS_00108	WP_011410872.1	30.769	39	21	1	26	58	56	94	5.4	20.8
MRSS_00108	WP_011410208.1	27.027	37	21	1	3	39	52	82	6.3	20.8
MRSS_00108	WP_011411102.1	37.500	16	10	0	27	42	181	196	9.0	20.4
MRSS_00109	WP_011411542.1	91.200	375	33	0	1	375	1	375	0.0	711
MRSS_00109	WP_041867696.1	30.153	262	154	11	4	248	5	254	2.32e-16	75.9
MRSS_00109	WP_011411568.1	23.899	159	106	4	107	257	115	266	0.010	33.9
MRSS_00109	WP_011411232.1	30.556	72	38	1	250	321	33	92	0.80	26.6
MRSS_00109	WP_158302393.1	27.778	36	26	0	5	40	16	51	1.3	25.0
MRSS_00109	WP_041866789.1	37.931	29	10	1	44	72	76	96	2.0	25.4
MRSS_00109	WP_148203501.1	32.258	62	35	2	89	145	24	83	2.1	26.2
MRSS_00109	WP_011409898.1	41.935	31	18	0	240	270	351	381	3.4	25.8
MRSS_00109	WP_011410753.1	33.962	53	28	1	274	326	687	732	4.3	25.8
MRSS_00109	WP_243466321.1	38.889	18	11	0	274	291	8	25	4.4	22.7
MRSS_00109	WP_011410047.1	34.884	43	27	1	238	280	116	157	6.7	24.6
MRSS_00109	WP_011410344.1	34.286	35	20	2	258	292	94	125	8.8	23.9
MRSS_00109	WP_011410298.1	36.364	22	14	0	52	73	400	421	9.5	24.3
MRSS_00109	WP_011410778.1	25.352	71	51	1	286	356	52	120	9.8	23.9
MRSS_00110	WP_011410094.1	93.722	223	14	0	1	223	1	223	1.65e-141	391
MRSS_00110	WP_041867343.1	54.091	220	101	0	1	220	1	220	7.43e-86	250
MRSS_00110	WP_011411446.1	28.856	201	133	3	25	223	27	219	6.63e-27	99.8
MRSS_00110	WP_011411395.1	32.203	59	35	2	67	123	167	222	0.65	27.3
MRSS_00110	WP_050747580.1	37.209	43	26	1	88	130	105	146	1.3	25.4
MRSS_00110	WP_011411544.1	28.571	28	20	0	158	185	3	30	2.8	23.5
MRSS_00110	WP_011410084.1	35.000	20	13	0	84	103	755	774	5.0	24.6
MRSS_00110	WP_011411237.1	37.500	40	18	2	7	39	67	106	7.4	23.5
MRSS_00110	WP_279379467.1	32.500	40	22	2	111	150	10	44	9.9	21.6
MRSS_00111	WP_011410835.1	92.746	193	14	0	1	193	1	193	1.40e-131	363
MRSS_00111	WP_011411017.1	33.333	69	44	2	46	113	40	107	0.018	31.6
MRSS_00111	WP_198408771.1	40.000	45	26	1	86	129	92	136	0.039	30.4
MRSS_00111	WP_011410827.1	35.185	54	29	2	99	152	42	89	0.68	26.6
MRSS_00111	WP_041867250.1	27.778	108	62	6	62	163	28	125	0.98	25.8
MRSS_00111	WP_041866730.1	29.091	55	39	0	61	115	3	57	1.7	25.4
MRSS_00111	WP_011411427.1	32.075	53	36	0	100	152	163	215	1.9	25.4
MRSS_00111	WP_083764638.1	28.767	73	48	1	107	179	32	100	6.2	23.9
MRSS_00111	WP_011412201.1	35.484	31	20	0	120	150	23	53	8.9	23.1
MRSS_00112	WP_011410763.1	92.075	429	34	0	1	429	1	429	0.0	790
MRSS_00112	WP_011279195.1	28.959	442	261	16	17	422	26	450	6.86e-33	125
MRSS_00112	WP_011410473.1	31.833	311	185	12	28	336	35	320	8.42e-27	107
MRSS_00112	WP_011412008.1	32.203	59	35	2	296	349	122	180	0.27	29.3
MRSS_00112	WP_011412186.1	22.368	76	55	2	266	341	54	125	2.2	26.6
MRSS_00112	WP_011411337.1	68.750	16	5	0	85	100	81	96	2.6	26.2
MRSS_00112	WP_011411747.1	34.000	50	30	1	79	125	246	295	3.2	26.2
MRSS_00112	WP_050747373.1	55.000	20	9	0	264	283	17	36	3.8	24.6
MRSS_00112	WP_000988476.1	29.508	61	35	3	321	377	47	103	5.2	24.6
MRSS_00112	WP_011410539.1	33.333	30	20	0	126	155	174	203	7.3	24.6
MRSS_00112	WP_011411171.1	26.724	116	66	3	269	378	9	111	8.0	25.0
MRSS_00113	WP_011410764.1	90.407	344	33	0	1	344	1	344	0.0	659
MRSS_00113	WP_011410655.1	34.375	64	40	1	136	197	177	240	0.003	35.4
MRSS_00113	WP_011410708.1	30.882	68	45	1	241	308	101	166	0.049	31.6
MRSS_00113	WP_011411766.1	40.000	25	15	0	13	37	63	87	0.29	27.3
MRSS_00113	WP_011411378.1	28.571	63	38	2	11	73	56	111	4.1	24.6
MRSS_00113	WP_011410154.1	38.462	26	16	0	310	335	22	47	4.4	25.4
MRSS_00113	WP_011279193.1	22.581	93	69	2	111	202	396	486	4.6	25.4
MRSS_00113	WP_050747539.1	58.824	17	7	0	92	108	35	51	6.3	23.9
MRSS_00113	WP_011410703.1	24.800	125	70	5	78	185	173	290	7.8	24.6
MRSS_00113	WP_011411788.1	34.615	26	17	0	310	335	20	45	8.4	24.6
MRSS_00113	WP_011411492.1	30.769	39	22	1	154	187	287	325	10.0	24.3
MRSS_00114	WP_011410767.1	88.839	224	25	0	1	224	1	224	7.16e-138	383
MRSS_00114	WP_011410488.1	28.713	101	56	5	123	219	3	91	0.23	27.7
MRSS_00114	WP_011410628.1	26.190	42	30	1	140	181	74	114	1.5	26.2
MRSS_00114	WP_011410552.1	41.379	29	17	0	130	158	14	42	1.8	26.2
MRSS_00114	WP_011411529.1	37.500	56	32	3	49	102	120	174	2.2	25.4
MRSS_00114	WP_009639145.1	38.710	31	18	1	170	199	92	122	6.4	23.9
MRSS_00114	WP_011411666.1	31.579	57	38	1	32	88	141	196	8.0	23.9
MRSS_00114	WP_341538084.1	45.455	22	12	0	174	195	41	62	8.8	23.1
MRSS_00114	WP_243466152.1	39.286	28	17	0	215	242	64	91	9.8	22.7
MRSS_00115	WP_011412149.1	88.611	720	82	0	1	720	1	720	0.0	1319
MRSS_00115	WP_011412196.1	37.519	661	383	12	10	655	3	648	2.91e-125	385
MRSS_00115	WP_011410891.1	26.099	364	215	9	8	328	195	547	9.47e-20	90.1
MRSS_00115	WP_011410891.1	29.655	145	71	6	504	636	548	673	2.43e-04	40.4
MRSS_00115	WP_041867656.1	33.708	89	55	2	211	297	364	450	8.04e-08	52.0
MRSS_00115	WP_041867656.1	26.437	87	43	1	554	619	725	811	0.071	32.7
MRSS_00115	WP_041867656.1	41.935	62	28	2	21	74	5	66	1.2	28.5
MRSS_00115	WP_011410277.1	37.037	27	17	0	672	698	911	937	1.5	28.1
MRSS_00115	WP_341532869.1	28.205	39	28	0	339	377	10	48	1.8	25.4
MRSS_00115	WP_011410145.1	18.367	49	40	0	447	495	73	121	2.3	26.6
MRSS_00115	WP_011411109.1	30.952	84	54	3	557	637	597	679	2.4	27.7
MRSS_00115	WP_011411766.1	32.653	49	29	1	415	463	23	67	3.1	25.4
MRSS_00115	WP_011410492.1	43.243	37	19	2	162	197	85	120	5.8	25.8
MRSS_00115	WP_011410540.1	36.538	52	31	1	11	60	122	173	6.7	26.2
MRSS_00115	WP_158302387.1	41.176	17	10	0	233	249	14	30	8.0	23.5
MRSS_00115	WP_011412121.1	30.303	33	20	1	171	200	463	495	8.3	25.8
MRSS_00116	WP_011412148.1	94.620	316	17	0	1	316	1	316	0.0	615
MRSS_00116	WP_050747555.1	31.148	61	36	1	129	189	102	156	0.11	29.6
MRSS_00116	WP_011410206.1	28.333	60	36	1	142	194	243	302	0.15	30.0
MRSS_00116	WP_011409964.1	36.735	49	29	1	197	243	26	74	1.5	25.8
MRSS_00116	WP_011410164.1	30.435	46	32	0	157	202	394	439	2.0	26.2
MRSS_00116	WP_011411790.1	29.851	67	37	1	67	123	125	191	2.3	26.2
MRSS_00116	WP_243466226.1	34.783	46	24	1	134	179	125	164	4.2	25.0
MRSS_00116	WP_011411465.1	41.176	34	16	1	277	306	18	51	5.2	24.6
MRSS_00116	WP_011410646.1	50.000	22	10	1	94	114	81	102	8.2	23.9
MRSS_00117	WP_011412013.1	90.107	374	37	0	1	374	1	374	0.0	702
MRSS_00117	WP_011412011.1	29.493	217	132	7	113	316	106	314	1.14e-10	58.5
MRSS_00117	WP_011410754.1	29.851	201	109	9	149	330	147	334	3.83e-08	50.8
MRSS_00117	WP_011410846.1	23.043	230	154	6	149	373	146	357	1.28e-07	49.3
MRSS_00117	WP_011410842.1	26.471	136	87	3	208	330	226	361	7.05e-07	47.0
MRSS_00117	WP_011410753.1	27.528	178	94	7	150	302	602	769	2.74e-04	39.3
MRSS_00117	WP_011410753.1	24.194	62	47	0	267	328	299	360	0.26	29.6
MRSS_00117	WP_011410534.1	42.857	28	12	1	38	61	55	82	0.66	27.7
MRSS_00117	WP_148203570.1	31.111	45	30	1	168	211	87	131	1.0	26.6
MRSS_00117	WP_041867107.1	29.730	37	26	0	297	333	38	74	1.1	25.4
MRSS_00117	WP_011411083.1	42.424	33	16	2	47	78	67	97	1.1	26.6
MRSS_00117	WP_011411083.1	32.353	34	23	0	134	167	59	92	3.5	25.0
MRSS_00117	WP_011410283.1	39.286	28	15	1	263	290	878	903	1.2	27.3
MRSS_00117	WP_011410844.1	31.373	51	35	0	276	326	263	313	2.1	26.6
MRSS_00117	WP_050747657.1	36.111	36	22	1	175	210	27	61	3.3	24.6
MRSS_00117	WP_011411254.1	43.243	37	20	1	181	216	61	97	3.8	25.8
MRSS_00117	WP_011410207.1	31.250	32	22	0	13	44	26	57	6.0	24.6
MRSS_00117	WP_341532826.1	45.161	31	14	2	237	267	1	28	8.8	23.1
MRSS_00118	WP_011412014.1	89.812	373	38	0	1	373	49	421	0.0	686
MRSS_00118	WP_011410754.1	33.333	81	49	2	260	340	273	348	0.17	30.0
MRSS_00118	WP_011411241.1	35.185	54	34	1	118	171	57	109	1.6	25.8
MRSS_00118	WP_011411291.1	25.000	96	52	2	118	196	149	241	2.2	26.6
MRSS_00118	WP_011412043.1	21.739	69	47	1	11	72	60	128	3.1	26.2
MRSS_00118	WP_070108754.1	46.429	28	10	1	160	182	343	370	5.9	25.0
MRSS_00118	WP_011412137.1	21.311	122	80	5	171	280	21	138	7.8	24.6
MRSS_00118	WP_011410358.1	32.727	55	35	1	102	156	7	59	8.4	24.3
MRSS_00118	WP_243466065.1	25.316	79	52	2	186	258	34	111	9.1	23.9
MRSS_00118	WP_243466057.1	25.316	79	52	2	186	258	34	111	9.3	23.9
MRSS_00119	WP_011412015.1	88.372	258	30	0	1	258	1	258	6.21e-172	471
MRSS_00119	WP_011410822.1	26.606	109	63	5	6	100	2	107	0.51	27.3
MRSS_00119	WP_148203570.1	41.667	24	14	0	33	56	8	31	0.89	26.2
MRSS_00119	WP_011410198.1	27.778	108	72	2	19	126	5	106	3.0	25.4
MRSS_00119	WP_011410836.1	35.714	42	20	2	156	194	511	548	3.1	25.4
MRSS_00119	WP_011410504.1	28.767	73	49	2	56	127	217	287	3.5	25.4
MRSS_00119	WP_011410153.1	29.126	103	60	4	2	91	5	107	4.2	24.6
MRSS_00119	WP_011411164.1	38.710	31	19	0	48	78	144	174	4.9	24.3
MRSS_00119	WP_011411404.1	41.379	29	17	0	165	193	534	562	6.9	24.3
MRSS_00119	WP_011412034.1	35.417	48	31	0	167	214	7	54	7.5	24.3
MRSS_00119	WP_011410933.1	29.167	48	31	1	118	165	377	421	10.0	23.9
MRSS_00120	WP_011412016.1	85.625	160	23	0	1	160	1	160	9.34e-101	283
MRSS_00120	WP_041866741.1	29.412	68	44	1	5	68	8	75	0.001	34.3
MRSS_00120	WP_011410124.1	32.432	37	25	0	5	41	343	379	0.76	26.2
MRSS_00120	WP_050747585.1	30.769	39	23	1	125	159	26	64	3.5	23.5
MRSS_00120	WP_011410240.1	42.857	21	12	0	24	44	461	481	5.1	23.9
MRSS_00120	WP_243466263.1	30.986	71	41	2	50	114	8	76	6.2	22.3
MRSS_00120	WP_011409975.1	35.000	40	22	1	47	82	68	107	7.4	23.1
MRSS_00120	WP_011411070.1	28.571	56	35	2	101	153	248	301	7.7	23.1
MRSS_00120	WP_011410246.1	39.394	33	17	1	10	39	287	319	8.8	23.1
MRSS_00120	WP_011410691.1	27.778	108	75	2	52	157	156	262	9.4	23.1
MRSS_00121	WP_011411553.1	47.059	51	26	1	2	52	34	83	3.96e-07	40.8
MRSS_00121	WP_148203336.1	57.143	14	6	0	44	57	28	41	1.9	21.9
MRSS_00121	WP_011410409.1	35.714	28	17	1	26	52	516	543	2.3	21.9
MRSS_00121	WP_148203351.1	52.941	17	8	0	28	44	28	44	5.2	20.8
MRSS_00121	WP_011412040.1	26.000	50	37	0	6	55	306	355	7.0	20.8
MRSS_00121	WP_011410834.1	50.000	16	8	0	32	47	69	84	7.4	20.4
MRSS_00121	WP_011410650.1	77.778	9	2	0	25	33	55	63	7.8	20.4
MRSS_00121	WP_011279190.1	34.545	55	26	4	8	54	336	388	9.1	20.4
MRSS_00122	WP_011411552.1	84.516	155	24	0	1	155	1	155	2.13e-97	274
MRSS_00122	WP_011410395.1	22.143	140	83	5	2	132	15	137	0.001	34.3
MRSS_00122	WP_011410390.1	41.379	29	16	1	120	147	238	266	0.49	26.6
MRSS_00122	WP_011411762.1	32.836	67	40	1	65	126	59	125	1.4	25.4
MRSS_00122	WP_011409957.1	32.609	46	26	2	33	75	561	604	1.9	25.0
MRSS_00122	WP_011410726.1	46.667	30	13	1	39	68	18	44	3.6	23.9
MRSS_00122	WP_001281697.1	25.926	81	54	3	75	151	12	90	4.1	23.5
MRSS_00122	WP_011411427.1	35.897	39	24	1	118	155	819	857	7.9	23.1
MRSS_00122	WP_011410902.1	41.667	24	11	1	5	25	337	360	8.8	22.7
MRSS_00122	WP_041867039.1	55.000	20	8	1	12	30	17	36	8.8	22.3
MRSS_00123	WP_011412019.1	94.872	78	4	0	1	78	1	78	3.00e-53	156
MRSS_00123	WP_050747897.1	30.769	26	18	0	22	47	119	144	0.64	24.3
MRSS_00123	WP_011412220.1	81.818	11	2	0	66	76	79	89	3.2	22.3
MRSS_00123	WP_011410154.1	42.105	19	11	0	28	46	230	248	4.1	21.9
MRSS_00123	WP_011411061.1	28.125	32	23	0	14	45	69	100	4.5	21.9
MRSS_00123	WP_041866511.1	42.857	21	12	0	57	77	10	30	6.4	20.8
MRSS_00123	WP_041867666.1	37.500	24	15	0	2	25	169	192	7.6	21.2
MRSS_00124	WP_011412018.1	90.909	55	5	0	1	55	1	55	5.59e-32	101
MRSS_00124	WP_011411189.1	38.462	26	16	0	23	48	387	412	1.9	21.9
MRSS_00124	WP_011410658.1	25.581	43	32	0	1	43	254	296	2.0	21.9
MRSS_00124	WP_011411294.1	47.619	21	11	0	4	24	455	475	3.4	21.6
MRSS_00125	WP_011410227.1	85.882	85	12	0	1	85	1	85	3.29e-50	149
MRSS_00125	WP_011410849.1	52.632	19	9	0	39	57	624	642	2.8	22.7
MRSS_00125	WP_011411995.1	53.846	13	6	0	42	54	141	153	3.3	22.7
MRSS_00125	WP_011410237.1	38.710	31	19	0	30	60	13	43	5.7	21.6
MRSS_00125	WP_011410246.1	52.941	17	8	0	14	30	606	622	6.7	21.9
MRSS_00125	WP_011410677.1	43.750	32	17	1	13	43	193	224	7.6	21.6
MRSS_00125	WP_011410410.1	37.037	27	17	0	20	46	450	476	8.0	21.6
MRSS_00125	WP_074013219.1	33.333	24	16	0	44	67	26	49	8.4	20.8
MRSS_00126	WP_011410226.1	81.553	103	19	0	1	103	1	103	2.27e-61	179
MRSS_00126	WP_011411112.1	34.783	23	15	0	39	61	353	375	0.98	24.6
MRSS_00126	WP_011410430.1	45.000	20	11	0	59	78	465	484	3.0	23.5
MRSS_00126	WP_148203501.1	21.429	42	33	0	27	68	67	108	3.1	23.1
MRSS_00126	WP_050747624.1	26.316	76	46	3	23	89	63	137	3.4	23.1
MRSS_00126	WP_011410172.1	36.364	22	14	0	82	103	83	104	5.3	22.3
MRSS_00126	WP_158302468.1	20.833	24	19	0	72	95	30	53	5.3	21.6
MRSS_00126	WP_050747634.1	23.881	67	43	2	22	83	91	154	6.7	21.9
MRSS_00126	WP_243466019.1	28.070	57	39	1	15	69	5	61	7.2	21.6
MRSS_00127	WP_083764749.1	88.000	25	3	0	1	25	1	25	4.98e-11	48.1
MRSS_00127	WP_050747932.1	44.444	18	10	0	14	31	246	263	0.27	24.6
MRSS_00127	WP_011410430.1	41.176	17	10	0	36	52	886	902	1.0	23.1
MRSS_00127	WP_011411451.1	41.176	17	10	0	24	40	129	145	4.6	21.2
MRSS_00127	WP_011410423.1	47.368	19	10	0	19	37	432	450	5.7	20.8
MRSS_00127	WP_011410398.1	31.250	32	22	0	10	41	215	246	5.9	20.8
MRSS_00127	WP_011410410.1	28.302	53	30	2	2	54	259	303	6.8	20.8
MRSS_00127	WP_148203612.1	35.135	37	17	2	21	55	94	125	7.4	20.4
MRSS_00127	WP_424141124.1	57.143	14	6	0	30	43	38	51	8.4	20.4
MRSS_00128	WP_005968829.1	98.551	69	1	0	1	69	1	69	4.11e-46	137
MRSS_00128	WP_011410009.1	76.119	67	16	0	3	69	4	70	4.73e-33	105
MRSS_00128	WP_011410735.1	53.448	58	27	0	6	63	4	61	4.67e-20	72.4
MRSS_00128	WP_011411404.1	40.741	27	16	0	1	27	558	584	0.29	25.0
MRSS_00128	WP_011411527.1	32.143	56	30	4	1	50	61	114	0.89	23.5
MRSS_00128	WP_011410854.1	32.432	37	22	1	3	39	366	399	1.1	23.5
MRSS_00128	WP_011410409.1	61.538	13	5	0	13	25	244	256	4.2	21.9
MRSS_00128	WP_011410002.1	35.000	20	13	0	10	29	90	109	4.7	21.6
MRSS_00128	WP_011411411.1	38.889	18	11	0	6	23	591	608	5.6	21.6
MRSS_00128	WP_050747663.1	41.176	17	10	0	43	59	58	74	6.8	20.8
MRSS_00128	WP_011410931.1	40.000	30	11	1	36	65	39	61	7.8	20.8
MRSS_00128	WP_011410440.1	31.034	29	20	0	27	55	383	411	8.9	20.8
MRSS_00129	WP_011411149.1	81.743	241	44	0	1	241	1	241	3.60e-145	402
MRSS_00129	WP_011410470.1	36.842	38	24	0	138	175	66	103	0.55	26.9
MRSS_00129	WP_011412059.1	26.531	49	34	1	81	127	130	178	1.4	26.2
MRSS_00129	WP_011410401.1	32.759	58	32	2	67	117	507	564	2.1	25.8
MRSS_00129	WP_158302388.1	42.857	21	12	0	18	38	451	471	2.3	25.8
MRSS_00129	WP_011412008.1	28.788	66	45	1	171	234	211	276	3.9	24.6
MRSS_00129	WP_148203682.1	40.000	30	18	0	176	205	39	68	5.5	24.3
MRSS_00129	WP_011411395.1	23.894	113	60	4	97	187	41	149	6.0	24.3
MRSS_00129	WP_041866510.1	31.034	29	18	1	16	44	9	35	6.4	23.1
MRSS_00129	WP_243466178.1	25.243	103	66	3	82	173	46	148	7.6	23.9
MRSS_00129	WP_011411603.1	28.571	49	30	1	101	149	207	250	8.9	23.9
MRSS_00129	WP_011410444.1	27.027	37	27	0	17	53	129	165	9.6	23.5
MRSS_00130	WP_011410476.1	77.155	232	52	1	6	236	1	232	9.86e-130	362
MRSS_00130	WP_011410935.1	52.000	25	12	0	26	50	5	29	0.62	27.3
MRSS_00130	WP_011411570.1	47.368	38	16	3	148	185	32	65	0.68	26.6
MRSS_00130	WP_011411236.1	44.118	34	17	1	80	111	69	102	1.00	26.6
MRSS_00130	WP_011411933.1	44.828	29	15	1	24	52	312	339	1.5	26.2
MRSS_00130	WP_011411612.1	25.714	105	59	5	9	102	17	113	5.0	24.3
MRSS_00130	WP_011411990.1	26.087	46	34	0	131	176	43	88	6.0	24.3
MRSS_00130	WP_011411596.1	23.729	59	36	1	173	231	7	56	7.0	23.9
MRSS_00130	WP_011410283.1	45.833	24	13	0	4	27	204	227	9.0	23.9
MRSS_00131	WP_011410018.1	82.877	146	25	0	1	146	1	146	2.33e-78	226
MRSS_00131	WP_050747354.1	34.091	44	25	1	61	100	197	240	1.3	25.4
MRSS_00131	WP_041866708.1	28.571	49	34	1	88	135	125	173	1.4	25.4
MRSS_00131	WP_011410325.1	26.087	115	63	6	50	155	235	336	2.3	24.6
MRSS_00131	WP_011411553.1	36.170	47	30	0	5	51	93	139	3.5	24.3
MRSS_00131	WP_424141158.1	23.913	92	67	2	23	114	20	108	3.5	23.5
MRSS_00131	WP_242451006.1	25.000	32	24	0	131	162	40	71	4.7	23.1
MRSS_00131	WP_158302416.1	26.471	34	25	0	116	149	37	70	5.0	22.7
MRSS_00131	WP_011411217.1	28.000	50	28	1	79	128	113	154	5.3	23.5
MRSS_00131	WP_148203465.1	26.471	34	25	0	116	149	67	100	7.0	22.7
MRSS_00131	WP_011412145.1	39.130	23	14	0	103	125	119	141	8.8	22.7
MRSS_00131	WP_011409918.1	27.586	58	33	4	17	68	46	100	10.0	22.7
MRSS_00132	WP_011410017.1	82.468	154	17	1	1	154	1	144	1.75e-90	256
MRSS_00132	WP_011410441.1	27.273	55	40	0	100	154	21	75	2.3	24.6
MRSS_00132	WP_243466099.1	28.571	42	26	1	99	136	146	187	3.6	23.9
MRSS_00132	WP_243466034.1	32.609	46	29	1	73	116	25	70	3.9	23.5
MRSS_00132	WP_011411921.1	25.000	40	30	0	92	131	257	296	5.0	23.5
MRSS_00132	WP_243466288.1	28.788	66	37	3	42	104	4	62	6.4	23.1
MRSS_00132	WP_011410714.1	23.729	59	35	1	86	144	20	68	7.4	23.1
MRSS_00132	WP_001228474.1	21.053	76	49	1	21	96	103	167	8.2	22.7
MRSS_00133	WP_011410016.1	92.873	449	32	0	1	449	1	449	0.0	839
MRSS_00133	WP_011410283.1	25.738	237	158	5	91	321	650	874	4.41e-15	73.9
MRSS_00133	WP_011410283.1	21.823	362	231	12	99	441	112	440	1.34e-07	50.1
MRSS_00133	WP_011410006.1	23.164	177	102	7	102	260	91	251	0.53	28.9
MRSS_00133	WP_011411213.1	24.242	66	48	2	229	292	21	86	1.6	26.6
MRSS_00133	WP_011410238.1	28.571	77	36	3	295	352	4	80	1.9	26.2
MRSS_00133	WP_011410134.1	36.585	41	25	1	204	243	478	518	2.1	26.9
MRSS_00133	WP_011411744.1	25.333	75	48	2	100	170	5	75	4.2	25.8
MRSS_00133	WP_011411911.1	20.930	43	32	1	390	430	3	45	4.5	25.4
MRSS_00133	WP_011411555.1	50.000	18	9	0	114	131	137	154	4.7	25.4
MRSS_00133	WP_011411101.1	44.444	27	15	0	152	178	148	174	6.9	25.0
MRSS_00133	WP_011411767.1	42.308	26	15	0	157	182	294	319	8.3	25.0
MRSS_00133	WP_011412121.1	20.661	121	74	2	91	207	469	571	9.1	25.0
MRSS_00133	WP_011410714.1	29.268	41	29	0	218	258	84	124	9.3	24.6
MRSS_00134	WP_011411924.1	85.088	114	17	0	1	114	1	114	2.85e-68	199
MRSS_00134	WP_011410440.1	34.375	32	21	0	3	34	450	481	5.5	23.1
MRSS_00134	WP_011411326.1	43.333	30	13	1	93	118	465	494	6.3	23.1
MRSS_00134	WP_011410682.1	25.373	67	41	2	26	84	112	177	7.9	22.3
MRSS_00134	WP_011410691.1	28.571	56	33	2	17	66	174	228	8.6	22.7
MRSS_00134	WP_083764723.1	33.333	27	18	0	22	48	40	66	9.6	21.6
MRSS_00135	WP_083764638.1	31.034	261	166	4	10	261	20	275	1.90e-25	98.6
MRSS_00135	WP_011411339.1	27.189	217	157	1	35	251	46	261	1.89e-14	67.8
MRSS_00135	WP_011411338.1	24.044	183	136	3	22	203	31	211	4.95e-09	52.0
MRSS_00135	WP_011410962.1	26.490	151	83	7	41	171	151	293	2.8	25.4
MRSS_00135	WP_011411366.1	30.769	39	27	0	167	205	160	198	6.5	23.9
MRSS_00135	WP_011412011.1	36.207	58	26	3	188	238	286	339	8.7	23.9
MRSS_00136	WP_011411092.1	83.936	249	40	0	1	249	1	249	1.92e-154	426
MRSS_00136	WP_011411530.1	31.858	226	135	5	5	211	3	228	4.79e-26	100
MRSS_00136	WP_041867326.1	33.831	201	118	4	29	215	26	225	7.85e-26	97.8
MRSS_00136	WP_011412104.1	36.082	194	108	7	4	190	312	496	1.02e-24	99.0
MRSS_00136	WP_011412104.1	25.000	244	139	9	4	213	1	234	3.54e-07	47.0
MRSS_00136	WP_011410064.1	29.545	220	130	6	1	202	1	213	1.56e-24	94.7
MRSS_00136	WP_148203518.1	31.193	218	128	5	20	218	15	229	3.12e-22	88.6
MRSS_00136	WP_011411337.1	31.579	209	122	4	20	208	35	242	4.47e-22	88.6
MRSS_00136	WP_011410881.1	34.225	187	112	4	5	184	318	500	4.82e-21	88.2
MRSS_00136	WP_011410881.1	23.750	240	132	5	4	201	3	233	1.13e-11	60.5
MRSS_00136	WP_011410787.1	31.034	232	141	8	4	217	20	250	9.16e-21	86.7
MRSS_00136	WP_011410457.1	30.332	211	117	8	7	198	7	206	2.00e-20	84.7
MRSS_00136	WP_011279184.1	26.160	237	146	6	10	220	9	242	3.98e-20	83.2
MRSS_00136	WP_011410825.1	26.877	253	141	6	5	229	264	500	2.54e-19	82.8
MRSS_00136	WP_011410825.1	24.082	245	157	7	4	224	13	252	2.03e-09	53.5
MRSS_00136	WP_011410937.1	31.551	187	106	4	19	184	25	210	2.82e-19	80.1
MRSS_00136	WP_011410809.1	32.051	234	122	8	4	201	6	238	4.17e-19	82.4
MRSS_00136	WP_011410809.1	30.412	194	109	6	17	186	300	491	1.02e-11	60.5
MRSS_00136	WP_011411360.1	30.357	224	135	6	15	217	16	239	1.08e-18	79.3
MRSS_00136	WP_011410263.1	35.484	155	93	4	6	153	323	477	7.29e-18	79.0
MRSS_00136	WP_011410263.1	25.991	227	112	4	16	196	18	234	2.65e-15	71.2
MRSS_00136	WP_011411196.1	28.000	225	127	6	4	194	22	245	9.65e-18	77.8
MRSS_00136	WP_011410069.1	28.139	231	145	4	3	212	6	236	1.06e-17	76.6
MRSS_00136	WP_148203612.1	29.644	253	140	10	4	219	3	254	1.95e-17	76.3
MRSS_00136	WP_011411197.1	27.411	197	117	5	23	194	43	238	2.21e-17	76.6
MRSS_00136	WP_011410956.1	30.734	218	119	6	5	195	3	215	2.32e-17	75.1
MRSS_00136	WP_011410773.1	28.509	228	130	8	13	211	12	235	2.86e-17	75.1
MRSS_00136	WP_011411857.1	25.000	248	161	7	13	236	12	258	9.93e-17	74.7
MRSS_00136	WP_011409950.1	31.222	221	127	10	4	202	1	218	1.31e-16	72.8
MRSS_00136	WP_011410668.1	27.615	239	144	7	4	215	1	237	6.61e-16	71.2
MRSS_00136	WP_011409929.1	25.114	219	136	7	19	211	38	254	1.50e-15	71.2
MRSS_00136	WP_011410365.1	26.606	218	129	6	5	195	265	478	2.26e-15	71.2
MRSS_00136	WP_011410365.1	29.665	209	125	6	2	189	11	218	4.27e-14	67.8
MRSS_00136	WP_011410294.1	30.723	166	101	3	30	181	25	190	4.39e-14	65.9
MRSS_00136	WP_011411332.1	25.000	216	139	5	18	211	27	241	4.04e-13	63.9
MRSS_00136	WP_011409928.1	27.315	216	121	6	4	184	3	217	4.18e-13	64.3
MRSS_00136	WP_011411465.1	29.412	187	119	5	5	179	1	186	4.43e-13	62.8
MRSS_00136	WP_011410562.1	33.121	157	72	5	33	183	40	169	2.41e-12	60.5
MRSS_00136	WP_011410856.1	27.778	198	115	7	20	194	359	551	1.29e-11	60.5
MRSS_00136	WP_011411331.1	24.762	210	122	6	17	191	21	229	2.13e-11	59.3
MRSS_00136	WP_011410751.1	28.700	223	134	8	16	224	37	248	3.63e-11	58.9
MRSS_00136	WP_011411279.1	28.877	187	104	6	19	181	24	205	1.99e-10	56.6
MRSS_00136	WP_050747884.1	31.250	96	62	2	131	222	4	99	3.48e-10	52.4
MRSS_00136	WP_011410738.1	26.891	238	132	9	18	234	354	570	2.27e-09	53.5
MRSS_00136	WP_011410541.1	28.571	203	115	7	17	196	354	549	2.02e-08	50.8
MRSS_00136	WP_011410540.1	26.432	227	129	9	15	213	347	563	3.91e-08	49.7
MRSS_00136	WP_050747487.1	28.931	159	97	3	24	166	23	181	6.82e-07	45.1
MRSS_00136	WP_243466019.1	47.619	42	22	0	20	61	3	44	1.42e-06	41.6
MRSS_00136	WP_011411253.1	22.099	181	107	5	4	153	1	178	1.97e-06	43.9
MRSS_00136	WP_050747734.1	28.070	114	71	3	83	196	89	191	4.36e-05	39.7
MRSS_00136	WP_011411941.1	32.143	112	55	5	121	222	830	930	7.90e-05	39.7
MRSS_00136	WP_011411941.1	29.412	102	61	4	119	211	485	584	0.002	35.8
MRSS_00136	WP_011411941.1	34.146	41	27	0	15	55	618	658	4.6	24.6
MRSS_00136	WP_424141158.1	29.487	78	42	2	19	96	1	65	5.55e-04	35.4
MRSS_00136	WP_050747885.1	37.778	45	28	0	19	63	30	74	0.004	32.3
MRSS_00136	WP_050747733.1	31.325	83	54	2	118	198	67	148	0.033	31.2
MRSS_00136	WP_011410536.1	35.593	59	25	2	30	76	349	406	0.11	30.0
MRSS_00136	WP_424141151.1	48.148	27	14	0	33	59	4	30	0.16	26.2
MRSS_00136	WP_011410679.1	60.000	20	8	0	29	48	143	162	0.19	28.9
MRSS_00136	WP_011410193.1	32.609	46	29	1	21	66	156	199	1.1	26.6
MRSS_00136	WP_011410717.1	22.581	62	44	1	158	219	339	396	1.3	26.6
MRSS_00136	WP_011410864.1	46.154	26	14	0	32	57	29	54	1.3	26.6
MRSS_00136	WP_011412032.1	36.000	25	16	0	27	51	1	25	1.8	25.8
MRSS_00136	WP_011411173.1	50.000	24	12	0	31	54	104	127	1.9	26.2
MRSS_00136	WP_011410853.1	47.368	19	10	0	32	50	7	25	3.4	25.0
MRSS_00136	WP_011412117.1	45.455	22	12	0	27	48	1	22	3.4	24.6
MRSS_00136	WP_243466193.1	52.000	25	12	0	77	101	142	166	4.4	24.6
MRSS_00136	WP_011410744.1	45.000	20	11	0	31	50	51	70	4.8	24.6
MRSS_00136	WP_011409978.1	36.957	46	29	0	78	123	104	149	6.8	23.9
MRSS_00136	WP_011410229.1	36.842	38	24	0	13	50	142	179	7.5	23.9
MRSS_00136	WP_011410013.1	28.090	89	47	4	53	137	23	98	8.5	23.5
MRSS_00136	WP_011410924.1	33.333	33	22	0	69	101	65	97	9.4	23.5
MRSS_00137	WP_243466014.1	23.137	255	174	3	38	290	23	257	2.21e-08	50.8
MRSS_00137	WP_011410051.1	21.702	235	155	5	59	288	48	258	7.96e-06	43.1
MRSS_00137	WP_011411225.1	31.148	61	39	1	242	299	60	120	0.33	28.5
MRSS_00137	WP_011411317.1	28.986	69	43	3	78	142	423	489	0.89	27.3
MRSS_00137	WP_198408756.1	43.333	30	14	1	278	304	77	106	0.95	26.9
MRSS_00137	WP_198408729.1	27.451	51	36	1	226	276	3	52	2.3	25.0
MRSS_00137	WP_011410351.1	31.111	45	30	1	235	279	83	126	2.3	25.4
MRSS_00137	WP_011411334.1	22.222	108	78	4	152	258	414	516	3.6	25.4
MRSS_00137	WP_011279190.1	22.917	96	45	2	55	121	220	315	8.9	24.3
MRSS_00138	WP_011411093.1	85.034	441	66	0	1	441	1	441	0.0	774
MRSS_00138	WP_011412000.1	35.484	93	60	0	315	407	333	425	3.48e-10	57.8
MRSS_00138	WP_041866638.1	32.292	96	63	2	315	409	260	354	6.51e-07	47.4
MRSS_00138	WP_011410711.1	25.185	135	78	7	317	436	222	348	0.92	28.1
MRSS_00138	WP_011410229.1	39.216	51	28	2	290	337	55	105	1.0	27.7
MRSS_00138	WP_011410551.1	27.174	92	62	2	296	387	48	134	1.7	26.6
MRSS_00138	WP_011411900.1	33.333	51	29	1	306	351	293	343	1.8	26.9
MRSS_00138	WP_011410160.1	27.586	58	40	1	332	389	126	181	2.9	26.2
MRSS_00138	WP_158302472.1	47.619	21	11	0	51	71	28	48	3.6	23.9
MRSS_00138	WP_011410341.1	39.130	23	14	0	100	122	404	426	3.8	25.8
MRSS_00138	WP_011410341.1	35.714	42	26	1	100	141	347	387	7.2	25.0
MRSS_00138	WP_000793140.1	28.000	50	36	0	370	419	67	116	4.0	25.0
MRSS_00138	WP_011411401.1	30.667	75	39	4	315	387	362	425	5.0	25.8
MRSS_00138	WP_011411891.1	27.778	72	47	1	252	318	175	246	5.4	25.4
MRSS_00138	WP_166506811.1	29.268	41	29	0	255	295	190	230	5.9	25.0
MRSS_00138	WP_011410694.1	22.727	88	58	3	349	435	30	108	6.9	25.0
MRSS_00138	WP_011410299.1	37.931	29	18	0	288	316	96	124	7.6	25.0
MRSS_00138	WP_011411613.1	28.571	77	49	3	206	279	250	323	7.7	25.0
MRSS_00139	WP_011411094.1	87.461	319	40	0	1	319	1	319	0.0	596
MRSS_00139	WP_011410647.1	26.144	306	215	6	15	315	7	306	1.45e-28	108
MRSS_00139	WP_011410907.1	27.451	306	219	3	12	316	4	307	2.59e-28	107
MRSS_00139	WP_011410655.1	28.846	104	53	6	211	312	142	226	2.8	25.8
MRSS_00139	WP_011410557.1	44.444	27	13	1	233	257	110	136	3.0	25.8
MRSS_00139	WP_166506704.1	25.806	62	42	1	225	286	95	152	6.4	24.3
MRSS_00139	WP_011410587.1	36.585	41	25	1	101	141	443	482	6.7	24.6
MRSS_00139	WP_011410051.1	40.000	30	17	1	100	129	138	166	8.9	24.3
MRSS_00139	WP_011411448.1	28.571	70	37	3	234	294	216	281	10.0	23.9
MRSS_00140	WP_011410950.1	32.258	31	21	0	2	32	147	177	3.0	20.8
MRSS_00140	WP_011279166.1	28.571	35	25	0	9	43	11	45	4.0	20.4
MRSS_00140	WP_243466230.1	33.333	24	16	0	12	35	116	139	4.1	20.4
MRSS_00140	WP_011410442.1	42.308	26	11	2	5	28	332	355	5.5	20.0
MRSS_00140	WP_011410777.1	53.333	15	6	1	13	27	200	213	6.5	20.0
MRSS_00140	WP_011410198.1	31.429	35	20	1	2	36	508	538	6.7	20.0
MRSS_00140	WP_011411901.1	29.630	27	19	0	1	27	22	48	7.2	19.6
MRSS_00140	WP_011410117.1	36.000	25	16	0	3	27	41	65	7.2	20.0
MRSS_00140	WP_011411178.1	42.857	21	12	0	21	41	40	60	8.1	19.6
MRSS_00140	WP_243466222.1	85.714	7	1	0	6	12	106	112	8.7	19.6
MRSS_00140	WP_050747877.1	43.750	16	9	0	4	19	240	255	9.8	19.6
MRSS_00141	WP_011410236.1	42.857	21	11	1	14	33	14	34	1.1	21.9
MRSS_00141	WP_158302347.1	57.143	14	6	0	23	36	132	145	1.1	21.9
MRSS_00141	WP_011411283.1	27.586	29	21	0	4	32	146	174	3.9	20.4
MRSS_00141	WP_011410314.1	58.824	17	7	0	8	24	15	31	3.9	20.4
MRSS_00141	WP_011410706.1	66.667	9	3	0	25	33	165	173	4.9	20.0
MRSS_00141	WP_011411803.1	39.286	28	16	1	3	29	186	213	5.1	20.0
MRSS_00141	WP_011410970.1	66.667	9	3	0	24	32	422	430	5.3	20.0
MRSS_00141	WP_011411501.1	50.000	10	5	0	24	33	263	272	6.5	19.6
MRSS_00141	WP_011410914.1	35.000	20	13	0	9	28	108	127	6.9	19.6
MRSS_00141	WP_011411817.1	38.095	21	13	0	6	26	1	21	7.0	19.6
MRSS_00141	WP_424141178.1	41.176	17	10	0	18	34	1113	1129	7.5	19.6
MRSS_00142	WP_011410081.1	33.333	33	22	0	6	38	5	37	1.8	21.9
MRSS_00142	WP_148203664.1	23.913	46	30	1	1	41	11	56	2.5	21.2
MRSS_00142	WP_011410416.1	42.105	19	11	0	14	32	451	469	2.8	21.6
MRSS_00142	WP_148203518.1	42.857	28	13	2	25	51	166	191	2.9	21.6
MRSS_00142	WP_070108754.1	35.000	20	13	0	33	52	304	323	5.1	20.8
MRSS_00142	WP_011410308.1	47.059	17	9	0	24	40	33	49	5.6	20.8
MRSS_00142	WP_279379391.1	29.167	24	17	0	22	45	7	30	6.5	19.6
MRSS_00142	WP_011410282.1	34.375	32	19	1	23	52	320	351	7.2	20.4
MRSS_00142	WP_011411267.1	46.667	15	8	0	18	32	76	90	8.6	20.0
MRSS_00143	WP_011410203.1	84.911	338	50	1	1	337	1	338	0.0	554
MRSS_00143	WP_011410202.1	23.571	140	91	4	18	155	89	214	2.13e-06	45.1
MRSS_00143	WP_011410561.1	32.394	71	48	0	202	272	151	221	0.003	35.4
MRSS_00143	WP_041866812.1	50.000	30	15	0	58	87	16	45	0.026	30.4
MRSS_00143	WP_041866755.1	50.000	20	10	0	58	77	16	35	1.9	25.0
MRSS_00143	WP_011410753.1	33.929	56	35	1	201	254	688	743	1.9	26.6
MRSS_00143	WP_041866898.1	40.000	30	18	0	58	87	16	45	2.1	25.0
MRSS_00143	WP_011410077.1	33.333	57	35	2	156	210	361	416	6.2	24.6
MRSS_00143	WP_011410269.1	27.586	58	37	2	125	182	167	219	6.6	24.6
MRSS_00143	WP_041867177.1	45.000	20	11	0	58	77	16	35	7.9	23.1
MRSS_00143	WP_011411820.1	33.333	36	24	0	301	336	286	321	8.1	24.3
MRSS_00143	WP_011410029.1	48.000	25	13	0	22	46	73	97	8.8	23.9
MRSS_00144	WP_011410202.1	82.254	417	71	1	1	417	1	414	0.0	609
MRSS_00144	WP_011410561.1	24.883	213	143	6	90	300	19	216	1.82e-10	57.8
MRSS_00144	WP_011410203.1	25.175	286	149	10	89	325	18	287	2.36e-08	51.6
MRSS_00144	WP_011410291.1	45.455	22	12	0	73	94	2	23	0.33	28.9
MRSS_00144	WP_011412245.1	32.653	49	26	2	166	207	151	199	0.67	28.1
MRSS_00144	WP_011411803.1	26.214	103	54	3	234	336	459	539	1.4	27.3
MRSS_00144	WP_011411525.1	24.528	53	34	1	257	303	21	73	3.8	24.3
MRSS_00144	WP_041866560.1	28.070	57	41	0	331	387	240	296	5.1	25.4
MRSS_00144	WP_011409999.1	27.500	40	22	1	14	46	684	723	8.1	25.0
MRSS_00144	WP_011410426.1	30.000	50	35	0	326	375	141	190	9.7	24.6
MRSS_00145	WP_011412142.1	47.059	17	9	0	20	36	37	53	0.63	22.7
MRSS_00145	WP_041867650.1	41.176	17	10	0	17	33	76	92	1.3	21.9
MRSS_00145	WP_011412234.1	26.923	26	19	0	10	35	445	470	2.3	21.2
MRSS_00145	WP_011409929.1	46.154	13	7	0	4	16	99	111	3.5	20.8
MRSS_00145	WP_011410035.1	33.333	15	10	0	5	19	160	174	6.4	20.0
MRSS_00145	WP_011411583.1	38.462	13	8	0	2	14	38	50	7.1	20.0
MRSS_00145	WP_011412224.1	60.000	10	4	0	15	24	127	136	8.3	19.6
MRSS_00145	WP_011411307.1	53.846	13	6	0	24	36	322	334	9.0	19.6
MRSS_00145	WP_011410207.1	31.034	29	18	1	7	35	161	187	9.0	19.6
MRSS_00146	WP_011410200.1	91.000	100	9	0	1	100	1	100	7.77e-65	187
MRSS_00146	WP_011411888.1	34.146	41	20	2	32	72	165	198	0.27	26.2
MRSS_00146	WP_011410618.1	47.368	19	10	0	11	29	79	97	0.33	25.4
MRSS_00146	WP_011411734.1	41.667	36	20	1	2	36	122	157	1.1	24.3
MRSS_00146	WP_011409904.1	28.000	25	18	0	19	43	47	71	1.5	24.3
MRSS_00146	WP_148203433.1	47.059	17	9	0	67	83	32	48	2.9	23.1
MRSS_00146	WP_011410017.1	33.333	42	25	1	10	48	89	130	3.9	22.7
MRSS_00146	WP_011410628.1	31.034	58	38	1	9	66	210	265	4.3	22.7
MRSS_00146	WP_148203555.1	38.462	26	16	0	32	57	39	64	4.8	22.3
MRSS_00146	WP_011410296.1	28.571	56	33	2	24	73	60	114	4.9	22.7
MRSS_00146	WP_011410796.1	23.077	65	50	0	8	72	237	301	5.6	22.3
MRSS_00146	WP_041866866.1	44.444	27	13	1	12	38	47	71	7.4	21.9
MRSS_00146	WP_011411682.1	50.000	24	11	1	5	28	56	78	9.7	21.6
MRSS_00147	WP_011410199.1	85.304	313	45	1	1	313	1	312	0.0	550
MRSS_00147	WP_011412117.1	36.957	46	28	1	9	53	3	48	0.003	34.3
MRSS_00147	WP_011410737.1	41.667	36	20	1	8	42	483	518	0.012	33.5
MRSS_00147	WP_011410535.1	40.909	44	22	1	13	52	115	158	0.076	30.8
MRSS_00147	WP_041866643.1	34.426	61	35	2	7	66	594	650	0.22	29.3
MRSS_00147	WP_011410730.1	34.091	44	24	1	129	172	91	129	0.28	28.9
MRSS_00147	WP_011411981.1	37.143	35	22	0	10	44	50	84	0.28	28.9
MRSS_00147	WP_011409895.1	28.571	49	34	1	17	64	56	104	0.30	28.1
MRSS_00147	WP_011411173.1	32.432	37	22	1	9	42	102	138	0.32	28.9
MRSS_00147	WP_011411253.1	29.825	57	36	2	1	57	20	72	0.77	27.3
MRSS_00147	WP_011410834.1	37.500	32	20	0	7	38	5	36	0.88	26.9
MRSS_00147	WP_011410945.1	28.788	66	45	1	78	141	73	138	2.4	25.8
MRSS_00147	WP_041866653.1	50.000	18	9	0	92	109	56	73	2.6	25.0
MRSS_00147	WP_011411487.1	31.034	29	20	0	129	157	78	106	5.0	24.3
MRSS_00147	WP_011411308.1	39.130	23	11	1	263	285	349	368	5.8	24.6
MRSS_00147	WP_011412235.1	33.333	36	17	1	104	132	50	85	5.8	23.5
MRSS_00147	WP_011410655.1	27.500	40	29	0	204	243	274	313	8.0	24.3
MRSS_00147	WP_148203485.1	32.558	43	21	2	172	206	79	121	9.0	23.5
MRSS_00147	WP_011410939.1	27.848	79	44	4	196	265	96	170	9.1	23.9
MRSS_00147	WP_070108780.1	35.714	56	25	3	94	141	8	60	9.8	23.5
MRSS_00148	WP_011410198.1	67.545	721	182	4	1	689	1	701	0.0	946
MRSS_00148	WP_011409989.1	35.185	54	22	3	250	296	156	203	2.1	27.3
MRSS_00148	WP_011410956.1	22.000	50	39	0	18	67	175	224	2.6	26.9
MRSS_00148	WP_011410216.1	37.931	58	31	2	547	604	321	373	2.6	27.3
MRSS_00148	WP_011410674.1	22.989	87	47	3	137	204	238	323	3.1	26.9
MRSS_00148	WP_011411933.1	32.787	61	34	1	67	120	340	400	3.2	26.9
MRSS_00148	WP_011411675.1	37.500	40	25	0	6	45	3	42	4.7	26.2
MRSS_00148	WP_083764714.1	22.059	68	53	0	376	443	7	74	5.8	24.3
MRSS_00148	WP_148203612.1	48.276	29	15	0	490	518	31	59	6.4	25.8
MRSS_00148	WP_011410352.1	40.000	35	21	0	62	96	60	94	6.5	25.8
MRSS_00148	WP_041867295.1	44.444	27	15	0	333	359	15	41	8.3	25.0
MRSS_00148	WP_011279195.1	42.308	26	15	0	321	346	73	98	10.0	25.4
MRSS_00148	WP_050747896.1	25.316	79	48	3	317	395	29	96	10.0	24.6
MRSS_00149	WP_011411692.1	32.391	389	212	7	21	369	33	410	4.05e-51	176
MRSS_00149	WP_011410341.1	40.426	47	27	1	393	438	346	392	0.039	32.3
MRSS_00149	WP_011410341.1	42.424	33	19	0	388	420	398	430	0.11	31.2
MRSS_00149	WP_011411093.1	57.143	21	9	0	394	414	100	120	0.042	32.3
MRSS_00149	WP_011410355.1	28.571	49	30	1	393	436	61	109	0.046	32.3
MRSS_00149	WP_011411156.1	27.586	116	78	4	357	467	138	252	1.2	27.7
MRSS_00149	WP_011410268.1	33.333	36	23	1	226	260	256	291	3.8	26.2
MRSS_00149	WP_011411404.1	53.333	15	7	0	391	405	223	237	4.5	26.2
MRSS_00149	WP_070108742.1	29.508	61	43	0	277	337	89	149	4.9	25.4
MRSS_00149	WP_011411989.1	30.435	46	27	1	296	336	257	302	5.4	25.4
MRSS_00149	WP_011411989.1	29.630	54	37	1	147	199	55	108	8.4	25.0
MRSS_00149	WP_011412077.1	23.333	60	46	0	238	297	28	87	5.5	24.6
MRSS_00149	WP_011412064.1	61.538	13	5	0	374	386	312	324	5.6	25.4
MRSS_00149	WP_011410890.1	30.303	33	23	0	335	367	41	73	7.6	25.0
MRSS_00149	WP_011410016.1	22.989	87	61	2	36	116	187	273	9.2	25.0
MRSS_00150	WP_011410196.1	79.355	155	30	1	1	153	5	159	3.69e-76	220
MRSS_00150	WP_011410173.1	31.707	41	20	2	40	80	95	127	0.15	28.1
MRSS_00150	WP_011411669.1	37.209	43	21	2	34	76	26	62	0.41	26.6
MRSS_00150	WP_041866624.1	33.333	48	24	1	87	126	13	60	0.49	25.0
MRSS_00150	WP_041866696.1	43.478	23	13	0	123	145	12	34	2.7	23.9
MRSS_00150	WP_011411822.1	30.612	49	33	1	5	53	118	165	3.3	23.9
MRSS_00150	WP_011411800.1	32.258	31	20	1	36	66	345	374	3.7	24.3
MRSS_00150	WP_011412117.1	39.130	23	14	0	27	49	7	29	4.6	23.5
MRSS_00150	WP_050747885.1	26.829	41	30	0	5	45	22	62	5.8	22.7
MRSS_00150	WP_041866989.1	29.310	58	33	2	2	51	68	125	6.3	23.5
MRSS_00150	WP_011279193.1	42.857	14	8	0	105	118	41	54	7.2	23.1
MRSS_00150	WP_011410773.1	28.302	53	37	1	17	68	22	74	7.3	23.1
MRSS_00150	WP_011409866.1	45.833	24	9	1	27	50	165	184	9.8	22.7
MRSS_00150	WP_011410853.1	40.000	25	15	0	24	48	5	29	9.9	22.7
MRSS_00151	WP_011411933.1	92.791	430	31	0	1	430	1	430	0.0	772
MRSS_00151	WP_011410554.1	37.931	58	34	2	269	324	138	195	0.094	30.4
MRSS_00151	WP_011410981.1	23.810	42	32	0	35	76	166	207	2.3	26.2
MRSS_00151	WP_011412040.1	31.707	41	21	2	34	71	138	174	3.7	26.2
MRSS_00151	WP_011411363.1	35.000	40	22	1	130	169	122	157	7.5	24.6
MRSS_00156	WP_011411404.1	93.684	760	48	0	1	760	1	760	0.0	1496
MRSS_00156	WP_011410844.1	33.784	74	38	3	572	636	237	308	0.20	30.8
MRSS_00156	WP_041867016.1	27.778	36	26	0	321	356	74	109	2.3	26.9
MRSS_00156	WP_074013219.1	26.667	30	22	0	217	246	22	51	7.0	23.9
MRSS_00156	WP_011411401.1	36.842	38	16	2	128	165	56	85	9.1	25.8
MRSS_00156	WP_011410015.1	34.091	44	26	1	661	701	235	278	9.1	25.4
MRSS_00157	WP_011411405.1	92.287	376	29	0	1	376	1	376	0.0	736
MRSS_00157	WP_011410029.1	33.333	60	38	1	180	237	28	87	0.045	31.2
MRSS_00157	WP_011412128.1	24.638	69	47	2	135	198	651	719	3.3	26.2
MRSS_00157	WP_011410035.1	34.211	38	25	0	119	156	187	224	4.0	25.4
MRSS_00157	WP_011412010.1	47.059	17	9	0	322	338	202	218	4.2	25.4
MRSS_00157	WP_158302414.1	36.111	36	21	1	1	34	95	130	6.2	24.3
MRSS_00157	WP_050747787.1	44.444	27	13	1	268	294	125	149	9.5	23.9
MRSS_00158	WP_041867078.1	95.522	67	3	0	1	67	1	67	1.52e-46	139
MRSS_00158	WP_041866869.1	94.030	67	4	0	1	67	1	67	1.06e-45	136
MRSS_00158	WP_041866814.1	77.612	67	15	0	1	67	1	67	6.08e-37	114
MRSS_00158	WP_041867029.1	71.875	64	18	0	1	64	1	64	9.49e-32	101
MRSS_00158	WP_166506638.1	79.592	49	10	0	1	49	1	49	1.46e-25	85.5
MRSS_00158	WP_243466239.1	74.359	39	10	0	1	39	1	39	6.67e-17	64.3
MRSS_00158	WP_148203520.1	57.143	49	19	1	1	47	1	49	2.23e-15	60.5
MRSS_00158	WP_011411218.1	32.143	28	16	1	7	31	32	59	1.1	23.5
MRSS_00158	WP_083764881.1	25.490	51	34	2	20	66	21	71	1.4	22.7
MRSS_00158	WP_341532877.1	43.478	23	9	1	7	29	70	88	2.3	21.9
MRSS_00158	WP_011411671.1	31.250	32	22	0	36	67	134	165	2.7	21.9
MRSS_00158	WP_158302302.1	43.750	16	9	0	21	36	57	72	3.2	21.6
MRSS_00158	WP_011410262.1	50.000	12	6	0	45	56	9	20	3.9	21.9
MRSS_00158	WP_011410582.1	63.636	11	4	0	10	20	447	457	5.9	21.2
MRSS_00158	WP_011410068.1	41.176	17	10	0	23	39	211	227	8.6	20.8
MRSS_00158	WP_011410831.1	28.000	25	18	0	30	54	142	166	8.8	20.8
MRSS_00158	WP_070108739.1	50.000	16	8	0	19	34	67	82	9.4	20.4
MRSS_00159	WP_011410900.1	47.826	23	12	0	1	23	286	308	0.50	24.3
MRSS_00159	WP_011410636.1	47.826	23	12	0	1	23	286	308	0.59	23.9
MRSS_00159	WP_083764717.1	47.826	23	12	0	1	23	184	206	1.1	23.1
MRSS_00159	WP_011412178.1	50.000	20	10	0	1	20	267	286	1.3	23.1
MRSS_00159	WP_011409963.1	50.000	20	10	0	1	20	286	305	1.7	22.7
MRSS_00159	WP_011410631.1	50.000	20	10	0	1	20	278	297	1.8	22.7
MRSS_00159	WP_011411000.1	50.000	20	10	0	1	20	286	305	2.9	21.9
MRSS_00159	WP_050747725.1	39.394	33	19	1	29	61	65	96	3.0	21.9
MRSS_00159	WP_011411243.1	37.143	35	20	2	3	36	483	516	5.7	21.6
MRSS_00159	WP_011411688.1	53.846	13	6	0	10	22	363	375	6.2	21.2
MRSS_00159	WP_011411790.1	28.814	59	33	3	8	61	133	187	6.8	21.2
MRSS_00159	WP_011410758.1	26.316	57	29	1	11	67	81	124	8.0	20.8
MRSS_00159	WP_070108754.1	28.000	50	24	1	11	60	265	302	9.2	20.8
MRSS_00159	WP_050747758.1	56.250	16	7	0	27	42	155	170	9.5	20.8
MRSS_00159	WP_011411277.1	29.730	37	26	0	18	54	87	123	9.9	20.8
MRSS_00160	WP_011411402.1	89.893	841	85	0	1	841	1	841	0.0	1540
MRSS_00160	WP_011410138.1	33.561	733	409	16	20	743	21	684	1.31e-119	377
MRSS_00160	WP_041866709.1	34.286	35	23	0	41	75	21	55	1.1	26.9
MRSS_00160	WP_003853014.1	26.761	71	45	2	350	420	168	231	1.7	27.7
MRSS_00160	WP_050747881.1	33.333	72	40	3	586	649	89	160	2.1	27.3
MRSS_00160	WP_050747623.1	22.078	154	100	3	440	585	45	186	3.3	26.9
MRSS_00160	WP_041867655.1	34.884	43	28	0	104	146	381	423	3.5	27.3
MRSS_00160	WP_011410255.1	27.419	62	43	1	377	438	2	61	6.0	26.6
MRSS_00160	WP_041867068.1	30.508	59	25	1	550	592	446	504	6.3	26.6
MRSS_00160	WP_158302463.1	28.571	56	40	0	661	716	13	68	7.8	24.3
MRSS_00161	WP_011410771.1	85.169	236	35	0	1	236	1	236	2.45e-146	404
MRSS_00161	WP_011410896.1	24.561	171	111	5	70	236	61	217	0.003	33.9
MRSS_00161	WP_083764672.1	28.947	76	46	2	49	124	456	523	0.12	29.6
MRSS_00161	WP_011411752.1	24.576	118	75	4	11	128	101	204	0.44	27.7
MRSS_00161	WP_011411618.1	45.714	35	16	2	115	149	197	228	1.6	26.2
MRSS_00162	WP_011411965.1	73.103	290	78	0	1	290	1	290	1.05e-156	435
MRSS_00162	WP_011411222.1	30.556	36	25	0	37	72	279	314	1.9	26.2
MRSS_00162	WP_011412043.1	24.265	136	70	6	22	141	44	162	2.5	25.8
MRSS_00162	WP_011409998.1	45.455	22	12	0	247	268	748	769	5.7	25.0
MRSS_00162	WP_050747309.1	42.857	28	15	1	10	36	185	212	6.7	24.3
MRSS_00162	WP_011411115.1	32.258	31	21	0	42	72	93	123	7.3	23.9
MRSS_00162	WP_011411755.1	28.125	32	23	0	246	277	155	186	8.8	23.9
MRSS_00162	WP_041866636.1	32.353	34	23	0	193	226	3	36	9.7	22.7
MRSS_00163	WP_011411681.1	34.615	26	17	0	3	28	166	191	9.5	19.2
MRSS_00165	WP_011410774.1	88.114	387	46	0	1	387	1	387	0.0	699
MRSS_00165	WP_011410246.1	41.600	375	211	2	2	375	7	374	1.00e-93	290
MRSS_00165	WP_011412194.1	38.945	398	236	3	3	398	11	403	8.20e-86	263
MRSS_00165	WP_011411619.1	37.632	380	230	4	3	379	6	381	2.61e-78	245
MRSS_00165	WP_011412144.1	21.763	363	228	12	19	359	21	349	4.26e-11	60.8
MRSS_00165	WP_011410768.1	32.558	86	57	1	235	319	434	519	2.48e-04	39.3
MRSS_00165	WP_011410293.1	27.536	138	92	3	210	339	462	599	0.003	35.8
MRSS_00165	WP_011412035.1	22.251	382	223	16	4	349	255	598	0.12	30.8
MRSS_00165	WP_011411978.1	25.882	85	47	3	279	347	510	594	0.34	29.3
MRSS_00165	WP_011410825.1	35.294	51	30	1	148	198	422	469	0.39	28.9
MRSS_00165	WP_011411874.1	26.415	106	54	5	187	275	18	116	0.84	26.9
MRSS_00165	WP_011410935.1	23.026	304	196	11	22	312	600	878	0.86	28.1
MRSS_00165	WP_243466069.1	23.810	105	72	1	33	129	11	115	2.6	26.2
MRSS_00165	WP_011410316.1	34.483	58	35	2	260	315	622	678	2.7	26.6
MRSS_00165	WP_011410430.1	25.773	97	69	3	217	312	419	513	3.5	26.2
MRSS_00165	WP_011411478.1	52.174	23	11	0	302	324	34	56	3.7	25.4
MRSS_00165	WP_011410881.1	25.000	92	56	3	113	204	147	225	5.8	25.4
MRSS_00165	WP_148203618.1	30.000	40	28	0	358	397	72	111	7.0	24.6
MRSS_00166	WP_011410900.1	50.943	53	26	0	37	89	72	124	1.02e-09	49.7
MRSS_00166	WP_011411000.1	49.057	53	27	0	37	89	72	124	2.90e-09	48.5
MRSS_00166	WP_011412178.1	48.148	54	28	0	36	89	71	124	3.32e-09	48.1
MRSS_00166	WP_011410889.1	47.170	53	28	0	37	89	73	125	3.99e-08	44.7
MRSS_00166	WP_011410631.1	47.059	51	27	0	36	86	71	121	1.33e-07	43.5
MRSS_00166	WP_011410636.1	44.444	54	30	0	36	89	71	124	1.64e-06	40.4
MRSS_00166	WP_011409963.1	44.444	54	30	0	36	89	71	124	1.79e-06	40.4
MRSS_00166	WP_011411913.1	39.130	23	14	0	48	70	134	156	1.1	23.9
MRSS_00166	WP_050747705.1	23.913	46	35	0	8	53	9	54	1.3	23.1
MRSS_00166	WP_011410643.1	22.727	44	34	0	38	81	17	60	2.0	23.1
MRSS_00166	WP_041866643.1	36.111	36	21	1	23	58	623	656	4.4	22.3
MRSS_00166	WP_279379424.1	34.146	41	24	2	38	78	7	44	4.7	21.2
MRSS_00166	WP_041866560.1	28.571	28	20	0	27	54	278	305	5.3	21.9
MRSS_00166	WP_011410802.1	28.571	28	20	0	25	52	278	305	5.5	21.9
MRSS_00166	WP_198408780.1	50.000	14	7	0	3	16	115	128	5.5	21.9
MRSS_00166	WP_011411109.1	57.143	14	6	0	54	67	261	274	6.4	21.9
MRSS_00166	WP_011411145.1	26.923	26	19	0	64	89	271	296	7.6	21.6
MRSS_00166	WP_011410737.1	53.333	15	7	0	44	58	527	541	8.1	21.6
MRSS_00167	WP_011410818.1	85.520	221	32	0	1	221	1	221	2.95e-143	395
MRSS_00167	WP_011410630.1	34.783	46	22	2	33	70	110	155	1.7	25.8
MRSS_00167	WP_041867717.1	33.333	30	20	0	120	149	114	143	2.6	25.0
MRSS_00167	WP_011410820.1	40.541	37	19	2	95	131	124	157	3.5	24.6
MRSS_00167	WP_011411727.1	50.000	24	8	1	197	220	129	148	5.4	24.3
MRSS_00168	WP_011411440.1	84.783	46	7	0	1	46	1	46	1.32e-20	75.5
MRSS_00168	WP_148203627.1	29.167	24	17	0	18	41	39	62	0.91	22.3
MRSS_00168	WP_011411026.1	29.167	24	17	0	22	45	586	609	1.6	21.9
MRSS_00168	WP_011410064.1	31.429	35	24	0	5	39	31	65	6.9	20.0
MRSS_00168	WP_011409991.1	45.833	24	11	1	3	24	88	111	7.7	20.0
MRSS_00168	WP_011410525.1	27.273	33	24	0	13	45	18	50	7.9	20.0
MRSS_00168	WP_011410333.1	50.000	14	7	0	9	22	253	266	8.9	19.6
MRSS_00169	WP_011411217.1	91.760	267	22	0	1	267	1	267	0.0	505
MRSS_00169	WP_050747745.1	33.333	39	22	1	84	118	31	69	2.2	24.3
MRSS_00169	WP_011410225.1	38.983	59	28	4	33	90	206	257	2.5	25.4
MRSS_00169	WP_011412187.1	47.222	36	18	1	220	255	1	35	3.3	25.4
MRSS_00169	WP_011410410.1	31.373	51	33	2	34	83	29	78	3.6	25.0
MRSS_00169	WP_041867073.1	31.707	41	24	1	134	170	135	175	4.2	25.0
MRSS_00169	WP_011410590.1	42.308	26	15	0	53	78	262	287	5.1	24.6
MRSS_00169	WP_011411850.1	41.667	24	14	0	113	136	235	258	5.2	24.6
MRSS_00169	WP_011412195.1	31.915	47	32	0	98	144	256	302	6.2	24.6
MRSS_00169	WP_011410985.1	22.973	74	50	2	176	249	210	276	6.2	24.3
MRSS_00169	WP_011412043.1	29.032	31	21	1	84	114	65	94	8.2	23.9
MRSS_00169	WP_011410514.1	50.000	24	12	0	27	50	442	465	9.9	23.9
MRSS_00170	WP_011411218.1	95.960	396	16	0	1	396	1	396	0.0	789
MRSS_00170	WP_011411524.1	34.831	89	46	4	310	389	235	320	2.67e-05	42.0
MRSS_00170	WP_011411529.1	35.065	77	44	3	313	385	215	289	0.022	32.7
MRSS_00170	WP_011411529.1	28.037	107	69	3	56	158	11	113	0.040	32.0
MRSS_00170	WP_011411539.1	27.000	100	55	4	155	246	285	374	0.23	29.6
MRSS_00170	WP_011411709.1	42.424	33	18	1	195	226	397	429	1.2	27.7
MRSS_00170	WP_148203457.1	34.091	44	23	1	25	68	440	477	1.6	26.9
MRSS_00170	WP_041867656.1	25.926	81	51	1	116	196	467	538	4.7	25.8
MRSS_00170	WP_011410330.1	23.469	98	63	2	287	383	127	213	7.4	24.6
MRSS_00170	WP_011411671.1	26.000	50	37	0	261	310	27	76	8.2	24.3
MRSS_00170	WP_243466137.1	39.286	28	16	1	230	256	1	28	9.6	23.9
MRSS_00171	WP_011411219.1	84.513	452	70	0	1	452	1	452	0.0	784
MRSS_00171	WP_011410827.1	23.585	106	74	1	126	224	120	225	0.004	35.0
MRSS_00171	WP_011410883.1	18.085	94	74	2	88	181	1	91	0.44	28.9
MRSS_00171	WP_011410657.1	44.000	25	13	1	21	45	36	59	1.8	25.4
MRSS_00171	WP_011409990.1	40.909	22	13	0	252	273	277	298	2.2	26.6
MRSS_00171	WP_011412120.1	32.394	71	37	3	88	148	96	165	3.2	25.8
MRSS_00171	WP_158302388.1	25.373	67	44	1	131	191	22	88	6.7	25.4
MRSS_00171	WP_158302359.1	35.135	37	20	1	388	424	72	104	8.0	24.6
MRSS_00171	WP_011411264.1	34.483	29	19	0	322	350	41	69	8.5	24.3
MRSS_00172	WP_011410291.1	44.444	27	15	0	156	182	44	70	1.4	26.6
MRSS_00172	WP_011411615.1	23.288	73	51	2	80	152	255	322	1.5	26.6
MRSS_00172	WP_011410964.1	36.170	47	27	1	27	73	322	365	1.6	26.6
MRSS_00172	WP_041866927.1	50.000	20	10	0	61	80	1	20	2.5	24.3
MRSS_00172	WP_011410686.1	50.000	26	11	1	183	206	117	142	2.5	25.4
MRSS_00172	WP_011410414.1	31.481	54	34	1	280	330	132	185	3.2	25.8
MRSS_00172	WP_011410877.1	32.653	49	31	1	31	79	146	192	3.5	25.8
MRSS_00172	WP_011279190.1	27.273	99	48	3	125	223	136	210	3.7	25.4
MRSS_00172	WP_011279234.1	38.462	26	16	0	225	250	1	26	3.9	24.3
MRSS_00172	WP_011410225.1	32.143	56	30	1	260	315	243	290	4.4	25.0
MRSS_00172	WP_011411761.1	37.037	27	17	0	123	149	21	47	5.7	24.6
MRSS_00172	WP_011411940.1	32.143	28	19	0	194	221	98	125	8.1	23.9
MRSS_00172	WP_011410738.1	32.609	46	31	0	235	280	479	524	8.1	24.6
MRSS_00172	WP_050747734.1	38.333	60	33	3	193	249	144	202	9.8	23.9
MRSS_00173	WP_011412110.1	38.971	136	73	3	6	131	49	184	4.10e-24	88.6
MRSS_00173	WP_011410840.1	27.273	44	32	0	34	77	72	115	0.51	25.8
MRSS_00173	WP_011410238.1	50.000	24	11	1	73	95	80	103	1.2	24.6
MRSS_00173	WP_011411419.1	26.761	71	47	2	52	122	294	359	1.5	25.0
MRSS_00173	WP_011410767.1	29.310	58	40	1	64	120	93	150	3.4	23.5
MRSS_00173	WP_011410422.1	38.636	44	25	1	78	119	23	66	6.1	23.1
MRSS_00173	WP_011411584.1	32.000	25	17	0	78	102	66	90	9.3	22.3
MRSS_00174	WP_011411222.1	48.276	116	51	2	5	111	286	401	1.74e-23	92.4
MRSS_00174	WP_041866908.1	29.268	41	29	0	100	140	42	82	0.18	26.9
MRSS_00174	WP_041867118.1	29.268	41	29	0	100	140	42	82	0.22	26.9
MRSS_00174	WP_041867171.1	26.829	41	30	0	100	140	42	82	0.52	25.8
MRSS_00174	WP_011412016.1	24.138	58	38	1	93	144	96	153	2.6	24.3
MRSS_00174	WP_011410490.1	57.143	14	6	0	74	87	170	183	3.0	24.6
MRSS_00174	WP_050747614.1	33.333	39	26	0	16	54	219	257	3.1	24.3
MRSS_00175	WP_011411222.1	42.647	136	71	2	62	190	133	268	1.72e-23	94.0
MRSS_00175	WP_011411222.1	61.972	71	26	1	3	73	5	74	1.26e-19	82.8
MRSS_00175	WP_243466318.1	32.051	78	47	4	59	132	52	127	0.17	28.1
MRSS_00175	WP_011410590.1	29.032	31	22	0	18	48	67	97	1.4	25.8
MRSS_00175	WP_279379460.1	26.667	60	43	1	111	169	41	100	2.6	24.6
MRSS_00175	WP_011411992.1	28.571	49	28	1	171	219	135	176	6.3	23.9
MRSS_00175	WP_011411081.1	52.941	17	8	0	60	76	303	319	7.3	23.9
MRSS_00175	WP_011410944.1	62.500	16	6	0	59	74	146	161	8.3	23.5
MRSS_00175	WP_041867274.1	37.778	45	27	1	31	74	340	384	9.2	23.5
MRSS_00180	WP_011412193.1	79.630	108	22	0	1	108	1	108	1.89e-61	179
MRSS_00180	WP_011410634.1	26.364	110	59	2	14	101	48	157	1.91e-06	40.4
MRSS_00180	WP_011411198.1	34.615	26	17	0	16	41	220	245	1.6	24.3
MRSS_00180	WP_050747442.1	32.609	46	24	2	58	101	2	42	2.2	22.7
MRSS_00180	WP_011410522.1	26.190	42	28	2	40	78	245	286	4.9	22.7
MRSS_00180	WP_011410756.1	36.000	25	16	0	38	62	151	175	9.2	21.9
MRSS_00180	WP_011410887.1	63.636	11	4	0	30	40	243	253	9.2	21.9
MRSS_00180	WP_011410557.1	28.125	32	23	0	72	103	149	180	9.2	21.9
MRSS_00181	WP_011412192.1	98.329	419	7	0	1	419	1	419	0.0	848
MRSS_00181	WP_011411130.1	28.413	271	161	8	160	414	151	404	6.59e-16	75.5
MRSS_00181	WP_011410318.1	28.837	215	139	6	160	366	147	355	7.19e-12	62.8
MRSS_00181	WP_011409915.1	28.216	241	154	7	156	382	159	394	1.02e-11	62.4
MRSS_00181	WP_011411900.1	29.630	216	136	6	160	366	143	351	2.93e-11	60.8
MRSS_00181	WP_011412219.1	21.622	259	182	4	153	391	122	379	1.05e-05	43.5
MRSS_00181	WP_011412217.1	21.951	123	91	1	160	277	151	273	0.038	32.3
MRSS_00181	WP_148203376.1	38.462	39	23	1	14	51	140	178	0.93	27.7
MRSS_00181	WP_011410206.1	33.750	80	42	3	13	87	43	116	1.8	26.9
MRSS_00181	WP_011410536.1	24.675	77	44	2	137	199	301	377	4.1	25.8
MRSS_00181	WP_011411334.1	30.864	81	45	4	29	108	1	71	4.5	25.8
MRSS_00181	WP_011410330.1	30.000	60	38	2	229	287	188	244	6.4	25.0
MRSS_00181	WP_011412072.1	32.000	50	25	3	294	342	28	69	6.6	24.3
MRSS_00181	WP_011410234.1	55.556	18	8	0	175	192	189	206	8.8	24.6
MRSS_00182	WP_011412191.1	89.014	355	39	0	1	355	1	355	0.0	612
MRSS_00182	WP_011410419.1	26.804	97	52	3	143	224	182	274	2.5	26.2
MRSS_00182	WP_011410489.1	31.034	58	29	1	192	249	86	132	3.5	25.8
MRSS_00183	WP_011412190.1	72.727	22	6	0	1	22	1	22	2.49e-04	31.6
MRSS_00183	WP_011411239.1	57.143	14	6	0	16	29	247	260	1.7	20.8
MRSS_00183	WP_070108754.1	40.000	25	15	0	3	27	195	219	1.8	20.8
MRSS_00183	WP_243466162.1	72.727	11	3	0	17	27	11	21	3.8	19.6
MRSS_00183	WP_158302342.1	35.714	14	9	0	9	22	14	27	6.3	18.9
MRSS_00183	WP_041867121.1	31.250	16	11	0	9	24	77	92	7.5	19.2
MRSS_00183	WP_050747487.1	36.364	22	14	0	1	22	69	90	8.4	18.9
MRSS_00183	WP_050747798.1	32.000	25	17	0	2	26	26	50	8.6	18.9
MRSS_00183	WP_011409973.1	56.250	16	7	0	3	18	440	455	9.9	18.9
MRSS_00184	WP_041867655.1	83.415	615	100	1	2	616	1	613	0.0	1013
MRSS_00184	WP_011409929.1	31.646	79	44	4	215	292	136	205	0.54	29.3
MRSS_00184	WP_011411950.1	45.714	35	17	1	417	449	23	57	0.64	28.1
MRSS_00184	WP_243466339.1	26.277	137	81	4	175	310	32	149	0.82	28.1
MRSS_00184	WP_011410518.1	33.333	48	28	1	316	363	297	340	1.4	28.1
MRSS_00184	WP_011410518.1	28.226	124	70	6	170	289	98	206	3.3	26.6
MRSS_00184	WP_011410691.1	26.087	69	47	3	55	122	334	399	1.6	27.7
MRSS_00184	WP_011410268.1	34.848	66	31	3	159	213	69	133	1.6	27.7
MRSS_00184	WP_011410492.1	27.451	102	37	5	32	97	4	104	2.7	26.9
MRSS_00184	WP_243465999.1	27.119	118	71	5	170	280	16	125	2.9	26.6
MRSS_00184	WP_011410864.1	41.667	24	14	0	172	195	29	52	3.0	26.9
MRSS_00184	WP_041866653.1	41.667	36	16	2	456	491	39	69	3.4	25.4
MRSS_00184	WP_011411637.1	34.615	52	29	1	342	393	167	213	4.0	26.6
MRSS_00184	WP_011410832.1	25.316	79	45	4	324	399	60	127	4.6	26.2
MRSS_00184	WP_011411865.1	33.333	30	19	1	46	75	211	239	6.3	25.8
MRSS_00184	WP_243466069.1	26.496	117	72	5	170	280	16	124	6.4	25.8
MRSS_00184	WP_011410612.1	26.984	126	72	6	167	280	6	123	6.9	25.8
MRSS_00184	WP_011412196.1	30.159	63	42	2	165	226	10	71	8.4	25.4
MRSS_00184	WP_011411091.1	56.000	25	10	1	174	198	59	82	8.6	25.4
MRSS_00185	WP_041867656.1	84.161	1168	185	0	43	1210	1	1168	0.0	1899
MRSS_00185	WP_011412196.1	24.263	441	248	17	380	785	181	570	1.21e-13	71.6
MRSS_00185	WP_011412196.1	32.500	80	42	2	39	114	2	73	8.26e-04	39.7
MRSS_00185	WP_011412149.1	34.831	89	54	2	406	492	211	297	5.77e-09	56.6
MRSS_00185	WP_011412149.1	28.916	83	38	1	767	849	554	615	0.010	36.2
MRSS_00185	WP_011412149.1	33.333	78	42	4	31	108	7	74	0.22	31.6
MRSS_00185	WP_011410891.1	28.676	136	88	2	363	496	392	520	3.86e-07	50.4
MRSS_00185	WP_011410298.1	35.211	71	29	4	469	532	274	334	0.16	32.0
MRSS_00185	WP_011411436.1	34.247	73	30	3	746	814	15	73	0.24	30.8
MRSS_00185	WP_011411614.1	25.000	72	49	1	551	622	33	99	0.74	28.9
MRSS_00185	WP_011410314.1	24.468	94	67	1	331	420	162	255	2.6	28.1
MRSS_00185	WP_041866643.1	23.478	115	80	3	398	510	659	767	5.3	27.3
MRSS_00186	WP_011411705.1	83.319	1133	179	2	1	1133	1	1123	0.0	1860
MRSS_00186	WP_011412196.1	41.026	39	22	1	349	386	375	413	1.0	29.3
MRSS_00186	WP_041867589.1	32.787	61	41	0	208	268	70	130	1.6	28.5
MRSS_00186	WP_011410708.1	22.120	217	129	10	236	440	199	387	1.6	28.9
MRSS_00186	WP_011409981.1	28.986	69	43	2	930	994	127	193	3.6	27.7
MRSS_00186	WP_011410164.1	37.143	35	20	1	404	436	3	37	5.6	26.9
MRSS_00186	WP_011410023.1	36.538	52	28	3	701	751	194	241	6.1	26.9
MRSS_00186	WP_050747422.1	57.895	19	8	0	402	420	52	70	6.3	24.6
MRSS_00186	WP_050747877.1	34.091	44	27	1	48	91	184	225	9.1	26.2
MRSS_00187	WP_011411792.1	85.752	379	54	0	1	379	1	379	0.0	671
MRSS_00187	WP_011412184.1	36.096	374	227	7	5	373	2	368	3.14e-58	190
MRSS_00187	WP_050747904.1	33.921	227	133	3	50	275	12	222	7.41e-32	117
MRSS_00187	WP_011410922.1	34.615	78	41	3	112	183	287	360	0.21	29.6
MRSS_00187	WP_011279195.1	43.333	30	17	0	291	320	255	284	1.4	26.9
MRSS_00187	WP_011410492.1	28.972	107	66	4	121	218	38	143	2.0	26.2
MRSS_00187	WP_011410121.1	35.294	34	20	1	117	150	258	289	2.6	26.2
MRSS_00187	WP_011410726.1	29.870	77	52	1	70	146	98	172	2.7	26.2
MRSS_00187	WP_011411613.1	29.630	108	57	6	165	269	229	320	5.8	25.0
MRSS_00188	WP_011411791.1	92.523	321	24	0	1	321	1	321	0.0	580
MRSS_00188	WP_011410153.1	51.911	314	145	3	1	314	1	308	1.65e-101	297
MRSS_00188	WP_011410162.1	31.373	306	204	6	9	312	2	303	1.48e-49	164
MRSS_00188	WP_041866777.1	27.368	95	60	4	10	102	1	88	0.027	32.0
MRSS_00188	WP_011412015.1	28.000	100	58	5	9	107	6	92	0.075	30.4
MRSS_00188	WP_083764672.1	36.364	33	21	0	202	234	43	75	0.80	27.7
MRSS_00188	WP_011411749.1	38.710	31	19	0	134	164	215	245	1.3	26.9
MRSS_00188	WP_011411307.1	23.636	110	73	3	130	239	222	320	2.1	26.2
MRSS_00188	WP_011411164.1	29.333	75	48	1	3	72	4	78	4.5	25.0
MRSS_00188	WP_041867161.1	31.111	45	27	1	8	52	265	305	5.8	25.0
MRSS_00188	WP_050747926.1	37.037	27	17	0	114	140	7	33	7.7	23.9
MRSS_00188	WP_050747263.1	33.333	45	27	1	66	110	47	88	9.4	23.5
MRSS_00188	WP_011411895.1	28.571	56	29	1	224	268	14	69	9.8	22.7
MRSS_00189	WP_011411790.1	91.515	660	56	0	1	660	1	660	0.0	1242
MRSS_00189	WP_011412058.1	32.143	280	182	5	4	276	7	285	4.25e-37	137
MRSS_00189	WP_011411424.1	23.774	265	172	8	317	568	2	249	8.73e-10	57.0
MRSS_00189	WP_083765043.1	29.897	194	108	10	317	500	3	178	1.76e-06	45.1
MRSS_00189	WP_011411192.1	23.392	171	118	2	14	184	114	271	2.28e-05	42.7
MRSS_00189	WP_011412187.1	23.301	309	189	11	318	603	4	287	4.07e-04	39.3
MRSS_00189	WP_198408771.1	34.375	32	21	0	210	241	103	134	0.10	31.2
MRSS_00189	WP_011410679.1	33.333	39	19	1	408	446	85	116	0.52	29.3
MRSS_00189	WP_011410490.1	28.155	103	59	2	79	181	94	181	1.2	28.1
MRSS_00189	WP_158302470.1	23.636	55	42	0	527	581	12	66	1.6	26.9
MRSS_00189	WP_011412031.1	41.379	29	17	0	538	566	5	33	1.8	26.9
MRSS_00189	WP_070108786.1	42.308	26	15	0	240	265	17	42	5.7	25.0
MRSS_00189	WP_279379469.1	27.778	36	26	0	147	182	40	75	6.6	24.6
MRSS_00189	WP_011279192.1	26.471	68	49	1	306	373	128	194	8.6	25.4
MRSS_00189	WP_243466222.1	32.558	43	26	2	599	638	13	55	9.3	25.4
MRSS_00189	WP_011411081.1	24.031	129	87	3	86	203	175	303	9.6	25.0
MRSS_00190	WP_011411789.1	84.615	39	6	0	1	39	1	39	9.25e-18	70.5
MRSS_00190	WP_011411272.1	29.167	48	24	1	13	50	257	304	0.25	24.6
MRSS_00190	WP_011411099.1	47.619	21	9	1	4	24	317	335	0.47	23.9
MRSS_00190	WP_011410991.1	35.714	42	25	1	18	57	161	202	0.50	23.9
MRSS_00190	WP_011411325.1	50.000	22	11	0	12	33	290	311	1.2	22.7
MRSS_00190	WP_041866873.1	29.032	31	22	0	23	53	193	223	2.0	22.3
MRSS_00190	WP_011410024.1	37.143	35	20	1	16	48	163	197	2.1	21.9
MRSS_00190	WP_011410123.1	31.818	22	15	0	31	52	118	139	2.9	21.9
MRSS_00190	WP_041867075.1	29.032	31	22	0	23	53	193	223	3.3	21.6
MRSS_00190	WP_011411939.1	32.432	37	25	0	6	42	94	130	7.9	20.4
MRSS_00191	WP_011411789.1	90.514	253	24	0	1	253	45	297	7.08e-166	457
MRSS_00191	WP_041866868.1	36.735	49	29	1	160	206	1	49	0.041	30.0
MRSS_00191	WP_243466021.1	36.170	47	29	1	60	106	72	117	0.35	27.7
MRSS_00191	WP_041867080.1	34.043	47	29	1	162	206	3	49	0.50	26.2
MRSS_00191	WP_011410169.1	29.577	71	45	2	173	239	236	305	0.82	26.9
MRSS_00191	WP_011411225.1	26.250	80	51	4	79	157	23	95	1.1	26.6
MRSS_00191	WP_341532835.1	31.579	38	25	1	38	75	132	168	4.2	24.6
MRSS_00191	WP_198408746.1	32.653	49	29	1	145	193	31	75	4.7	24.3
MRSS_00191	WP_148203371.1	23.944	71	39	2	79	149	64	119	9.2	23.9
MRSS_00191	WP_011410311.1	40.000	25	15	0	79	103	26	50	9.7	22.7
MRSS_00192	WP_011411788.1	84.392	551	85	1	1	551	1	550	0.0	936
MRSS_00192	WP_011410154.1	51.750	543	256	4	10	548	12	552	1.14e-166	481
MRSS_00192	WP_011411365.1	20.385	260	179	6	9	247	36	288	1.43e-04	40.8
MRSS_00192	WP_011411727.1	51.724	29	14	0	378	406	113	141	0.14	30.8
MRSS_00192	WP_011410923.1	41.667	24	14	0	66	89	2	25	0.95	28.1
MRSS_00192	WP_158302395.1	31.579	57	33	2	362	414	358	412	2.5	26.9
MRSS_00192	WP_041867081.1	50.000	18	9	0	184	201	15	32	3.6	25.0
MRSS_00192	WP_011411086.1	36.364	33	21	0	345	377	407	439	4.0	26.2
MRSS_00192	WP_011411647.1	44.000	25	14	0	33	57	88	112	4.3	25.8
MRSS_00192	WP_011410536.1	47.826	23	12	0	384	406	595	617	4.4	26.2
MRSS_00192	WP_011411014.1	44.000	25	14	0	33	57	88	112	5.0	25.4
MRSS_00192	WP_041866867.1	50.000	18	9	0	184	201	15	32	5.3	24.3
MRSS_00192	WP_011410685.1	47.826	23	12	0	149	171	173	195	8.8	25.0
MRSS_00192	WP_011410777.1	52.381	21	10	0	153	173	52	72	9.7	25.0
MRSS_00193	WP_158302420.1	80.851	141	27	0	63	203	1	141	1.46e-81	235
MRSS_00193	WP_148203556.1	85.246	61	9	0	1	61	1	61	1.14e-33	112
MRSS_00193	WP_050747760.1	24.419	172	97	5	35	193	16	167	3.33e-06	42.7
MRSS_00193	WP_011411231.1	24.060	133	52	6	85	174	101	227	0.011	32.0
MRSS_00193	WP_011411947.1	26.531	49	33	1	152	197	77	125	0.81	26.6
MRSS_00193	WP_011410184.1	34.043	47	15	2	27	67	3	39	4.0	24.3
MRSS_00193	WP_011410763.1	37.500	24	15	0	25	48	247	270	5.1	24.3
MRSS_00193	WP_011411394.1	31.429	35	24	0	163	197	118	152	7.2	23.5
MRSS_00193	WP_041866645.1	56.250	16	7	0	172	187	77	92	8.6	23.5
MRSS_00193	WP_006687266.1	52.174	23	11	0	151	173	250	272	9.6	23.1
MRSS_00194	WP_011410906.1	52.000	25	10	1	33	57	495	517	0.047	26.6
MRSS_00194	WP_011279239.1	42.105	19	11	0	31	49	174	192	1.3	22.7
MRSS_00194	WP_050747826.1	36.000	25	14	1	25	47	129	153	1.7	22.3
MRSS_00194	WP_011410823.1	36.364	33	11	2	16	42	89	117	2.8	21.9
MRSS_00194	WP_242451023.1	66.667	12	4	0	38	49	469	480	3.1	21.6
MRSS_00195	WP_011410911.1	85.393	356	51	1	1	355	1	356	0.0	634
MRSS_00195	WP_158302393.1	31.707	41	24	1	307	347	11	47	0.66	25.8
MRSS_00195	WP_041867295.1	42.857	35	20	0	230	264	107	141	2.2	25.8
MRSS_00195	WP_011411552.1	36.000	25	16	0	334	358	76	100	2.4	25.8
MRSS_00195	WP_041866509.1	47.619	21	11	0	56	76	39	59	7.9	23.1
MRSS_00196	WP_011410666.1	86.962	859	112	0	1	859	1	859	0.0	1591
MRSS_00196	WP_011411923.1	23.907	389	190	11	1	366	1	306	1.11e-21	97.1
MRSS_00196	WP_011411923.1	21.190	420	246	19	417	799	420	791	1.67e-04	41.6
MRSS_00196	WP_011410831.1	24.161	149	110	2	33	181	6	151	2.67e-10	60.1
MRSS_00196	WP_011410277.1	19.021	715	397	21	1	646	28	629	3.20e-10	60.1
MRSS_00196	WP_011411077.1	41.176	34	20	0	42	75	122	155	0.049	33.1
MRSS_00196	WP_011410568.1	29.070	86	51	3	598	674	236	320	0.087	32.3
MRSS_00196	WP_011410568.1	44.000	25	14	0	49	73	37	61	5.7	26.6
MRSS_00196	WP_011410697.1	25.000	120	69	4	31	150	23	121	0.24	30.8
MRSS_00196	WP_011410777.1	24.658	73	48	2	6	78	307	372	4.8	26.9
MRSS_00196	WP_011410854.1	36.232	69	35	3	797	859	103	168	5.0	26.6
MRSS_00196	WP_011409981.1	30.909	55	29	1	380	434	425	470	9.8	25.8
MRSS_00197	WP_011410665.1	76.111	180	41	1	1	178	1	180	8.41e-101	285
MRSS_00197	WP_011410296.1	41.667	24	14	0	71	94	215	238	1.4	25.8
MRSS_00197	WP_011410291.1	45.000	20	11	0	1	20	1	20	2.9	24.6
MRSS_00197	WP_011410676.1	25.806	62	44	1	120	181	320	379	4.8	24.3
MRSS_00197	WP_011411441.1	47.826	23	12	0	50	72	353	375	5.0	24.3
MRSS_00197	WP_011410455.1	25.000	32	24	0	46	77	81	112	5.1	23.9
MRSS_00197	WP_243466205.1	27.273	44	31	1	117	160	38	80	6.0	23.1
MRSS_00197	WP_083764933.1	37.037	27	17	0	71	97	11	37	6.1	22.7
MRSS_00198	WP_011410664.1	78.363	342	74	0	1	342	1	342	0.0	534
MRSS_00198	WP_011410887.1	28.070	57	28	2	62	118	481	524	2.4	26.2
MRSS_00198	WP_011411182.1	32.895	76	40	3	263	328	79	153	3.6	25.4
MRSS_00198	WP_041866824.1	35.000	40	20	1	173	206	77	116	5.0	24.6
MRSS_00198	WP_011410621.1	32.895	76	40	3	263	328	458	532	7.8	24.6
MRSS_00199	WP_041866741.1	81.529	157	29	0	1	157	61	217	6.84e-89	255
MRSS_00199	WP_011411659.1	46.429	28	14	1	58	85	278	304	2.8	24.6
MRSS_00199	WP_011411744.1	33.333	42	21	2	101	135	191	232	3.4	24.3
MRSS_00199	WP_011411800.1	38.462	39	21	1	99	137	479	514	5.7	23.5
MRSS_00199	WP_424141178.1	33.333	33	22	0	34	66	748	780	6.5	23.5
MRSS_00201	WP_011410705.1	58.985	473	193	1	1	472	1	473	0.0	580
MRSS_00201	WP_011411539.1	19.412	170	120	5	78	230	494	663	0.42	29.3
MRSS_00201	WP_011411308.1	27.778	72	47	4	272	343	413	479	0.78	28.5
MRSS_00201	WP_011410650.1	33.333	78	40	2	274	339	86	163	0.82	28.1
MRSS_00201	WP_011411242.1	25.758	66	45	1	328	393	213	274	2.4	26.6
MRSS_00201	WP_011412005.1	37.736	53	26	2	8	53	116	168	3.4	26.2
MRSS_00201	WP_011409945.1	40.741	27	16	0	344	370	126	152	5.4	25.4
MRSS_00201	WP_011411315.1	31.429	35	24	0	301	335	316	350	5.6	25.4
MRSS_00201	WP_011411732.1	31.579	38	26	0	9	46	224	261	7.6	25.0
MRSS_00201	WP_148203310.1	43.750	32	18	0	165	196	344	375	8.1	25.0
MRSS_00202	WP_011411178.1	86.224	617	84	1	1	617	1	616	0.0	1088
MRSS_00202	WP_011411226.1	28.636	220	140	8	366	580	136	343	2.97e-15	73.9
MRSS_00202	WP_011411903.1	25.000	84	58	1	525	608	73	151	0.72	28.9
MRSS_00202	WP_083764919.1	47.826	23	12	0	347	369	582	604	1.9	27.7
MRSS_00202	WP_011410856.1	26.829	82	51	1	464	545	508	580	2.0	27.3
MRSS_00202	WP_041867253.1	20.000	150	100	2	272	401	3	152	2.9	26.2
MRSS_00202	WP_001101809.1	29.333	75	43	2	43	107	21	95	3.9	25.8
MRSS_00202	WP_011412121.1	35.185	54	31	2	486	539	447	496	5.1	26.2
MRSS_00202	WP_011410483.1	40.000	35	21	0	465	499	301	335	5.4	26.2
MRSS_00202	WP_011410018.1	35.714	28	18	0	83	110	45	72	5.5	25.4
MRSS_00202	WP_011409899.1	28.713	101	65	3	67	161	151	250	5.9	25.8
MRSS_00202	WP_011411094.1	36.364	33	21	0	120	152	222	254	6.5	25.8
MRSS_00203	WP_424141164.1	49.057	53	24	1	14	66	70	119	2.49e-10	48.9
MRSS_00203	WP_148203470.1	50.000	52	23	1	14	65	223	271	3.32e-09	47.4
MRSS_00203	WP_041867052.1	48.837	43	22	0	14	56	123	165	3.39e-08	43.9
MRSS_00203	WP_011410941.1	27.778	54	32	1	13	66	254	300	0.65	23.9
MRSS_00203	WP_011410563.1	37.838	37	21	1	23	57	182	218	1.9	22.7
MRSS_00203	WP_070108730.1	45.455	22	12	0	12	33	8	29	2.6	22.3
MRSS_00203	WP_011409933.1	45.455	22	12	0	41	62	360	381	2.8	22.3
MRSS_00203	WP_011411373.1	31.818	44	30	0	22	65	145	188	6.2	21.2
MRSS_00203	WP_011412184.1	34.783	23	15	0	47	69	12	34	6.4	21.2
MRSS_00203	WP_011411438.1	19.048	63	36	1	9	56	103	165	7.6	21.2
MRSS_00204	WP_158302299.1	56.395	172	75	0	321	492	431	602	1.29e-61	208
MRSS_00204	WP_158302299.1	35.714	56	35	1	364	419	187	241	0.13	30.8
MRSS_00204	WP_158302299.1	25.000	164	92	6	151	308	122	260	0.37	29.6
MRSS_00204	WP_050747339.1	59.477	153	62	0	340	492	7	159	5.11e-60	191
MRSS_00204	WP_243466144.1	32.432	37	25	0	422	458	49	85	0.28	28.1
MRSS_00204	WP_011410078.1	37.500	32	20	0	280	311	35	66	0.28	28.5
MRSS_00204	WP_158302443.1	22.472	89	58	3	45	128	154	236	3.4	26.2
MRSS_00204	WP_041866651.1	34.375	32	21	0	264	295	6	37	5.3	23.9
MRSS_00204	WP_011412215.1	35.714	28	18	0	305	332	59	86	6.1	25.0
MRSS_00204	WP_011409914.1	40.000	25	15	0	279	303	84	108	6.8	24.6
MRSS_00204	WP_011410864.1	24.590	61	44	1	254	312	361	421	6.8	25.4
MRSS_00204	WP_011410451.1	37.500	48	23	2	50	93	187	231	8.0	25.0
MRSS_00205	WP_011410952.1	43.182	44	22	1	12	52	192	235	0.034	29.3
MRSS_00205	WP_243465997.1	39.024	41	25	0	12	52	91	131	0.059	28.5
MRSS_00205	WP_041866951.1	28.333	60	39	1	63	118	5	64	0.29	26.2
MRSS_00205	WP_198408732.1	28.814	59	42	0	61	119	39	97	1.2	24.6
MRSS_00205	WP_243466298.1	38.095	42	25	1	12	52	150	191	1.7	24.3
MRSS_00205	WP_011411066.1	46.429	28	15	0	12	39	186	213	1.9	24.3
MRSS_00205	WP_011411814.1	24.074	54	41	0	45	98	323	376	7.3	22.7
MRSS_00205	WP_198408750.1	47.826	23	6	1	104	126	79	95	8.7	22.3
MRSS_00206	WP_011410526.1	81.081	296	56	0	1	296	1	296	2.63e-179	493
MRSS_00206	WP_424141182.1	31.034	145	93	6	44	186	39	178	4.82e-10	55.5
MRSS_00206	WP_011411609.1	25.620	121	64	5	25	137	8	110	2.0	25.8
MRSS_00206	WP_011410411.1	35.000	40	26	0	96	135	227	266	2.1	25.8
MRSS_00206	WP_011410970.1	38.462	26	15	1	177	202	112	136	5.0	25.0
MRSS_00207	WP_011410527.1	70.909	110	32	0	1	110	1	110	5.05e-49	148
MRSS_00207	WP_011410188.1	21.782	101	60	4	21	106	11	107	0.026	29.3
MRSS_00207	WP_011410811.1	54.545	22	9	1	81	102	182	202	1.1	24.6
MRSS_00207	WP_011411709.1	55.000	20	8	1	30	49	463	481	2.8	23.5
MRSS_00208	WP_011410528.1	87.135	171	22	0	1	171	34	204	1.92e-107	302
MRSS_00208	WP_011410651.1	30.000	60	34	2	65	123	239	291	1.1	25.8
MRSS_00208	WP_011411719.1	36.585	41	25	1	92	131	447	487	1.7	25.4
MRSS_00208	WP_011410831.1	69.231	13	4	0	21	33	654	666	9.8	23.1
MRSS_00209	WP_011410529.1	90.663	664	62	0	1	664	1	664	0.0	1213
MRSS_00209	WP_011411137.1	26.050	119	61	6	367	466	85	195	1.2	28.1
MRSS_00209	WP_011410365.1	36.842	38	24	0	260	297	398	435	1.5	28.1
MRSS_00209	WP_011279214.1	56.250	16	7	0	55	70	3	18	4.2	24.6
MRSS_00209	WP_011410704.1	32.558	43	26	1	182	224	108	147	4.9	26.2
MRSS_00209	WP_011410758.1	35.294	51	22	2	595	635	273	322	5.3	26.2
MRSS_00210	WP_011410530.1	81.994	311	54	1	1	311	1	309	0.0	519
MRSS_00210	WP_011411542.1	32.258	31	21	0	167	197	320	350	1.7	26.6
MRSS_00210	WP_083765161.1	37.500	32	20	0	244	275	26	57	1.7	24.6
MRSS_00210	WP_050747596.1	29.545	44	30	1	163	206	137	179	3.8	25.0
MRSS_00210	WP_011410645.1	43.478	23	13	0	111	133	75	97	8.6	24.3
MRSS_00211	WP_011410455.1	29.545	44	21	3	34	72	129	167	0.81	23.9
MRSS_00211	WP_011410430.1	38.462	26	16	0	45	70	297	322	1.0	23.5
MRSS_00211	WP_011410941.1	32.000	25	17	0	47	71	170	194	1.7	23.1
MRSS_00211	WP_011411277.1	53.333	15	7	0	41	55	257	271	2.1	22.7
MRSS_00211	WP_011411434.1	34.375	32	21	0	37	68	40	71	2.8	22.3
MRSS_00211	WP_050747761.1	42.857	14	8	0	21	34	26	39	4.2	21.9
MRSS_00211	WP_011411978.1	45.833	24	13	0	29	52	157	180	5.3	21.6
MRSS_00211	WP_011410277.1	45.455	22	10	1	20	39	61	82	8.5	21.2
MRSS_00211	WP_083764863.1	40.909	22	13	0	9	30	45	66	8.8	20.8
MRSS_00213	WP_011411259.1	82.927	205	35	0	1	205	1	205	4.44e-126	351
MRSS_00213	WP_050747560.1	45.455	22	12	0	124	145	77	98	1.4	25.0
MRSS_00213	WP_011411603.1	30.769	52	27	3	75	126	339	381	1.9	25.4
MRSS_00213	WP_050747904.1	33.333	39	26	0	53	91	189	227	2.1	25.0
MRSS_00213	WP_041866928.1	26.562	64	37	2	37	100	132	185	3.1	24.6
MRSS_00213	WP_011410716.1	46.667	30	15	1	178	206	190	219	6.4	23.9
MRSS_00213	WP_041867064.1	45.161	31	16	1	167	196	100	130	8.1	23.5
MRSS_00213	WP_011412210.1	28.814	59	34	3	146	198	87	143	9.7	22.7
MRSS_00214	WP_011410231.1	85.443	158	23	0	1	158	1	158	1.13e-99	280
MRSS_00214	WP_011412127.1	36.306	157	98	2	1	157	1	155	3.32e-22	83.6
MRSS_00214	WP_011410352.1	22.989	87	66	1	49	135	155	240	0.001	34.7
MRSS_00214	WP_011410414.1	29.114	79	43	4	25	100	179	247	0.65	26.2
MRSS_00214	WP_050747756.1	42.857	21	12	0	77	97	15	35	1.9	24.3
MRSS_00214	WP_011410912.1	36.364	33	21	0	104	136	140	172	2.1	25.0
MRSS_00214	WP_011412056.1	25.000	68	39	2	84	151	87	142	5.9	23.1
MRSS_00215	WP_011409985.1	88.382	482	56	0	1	482	1	482	0.0	838
MRSS_00215	WP_011410483.1	60.000	20	6	1	390	407	649	668	0.93	28.1
MRSS_00215	WP_011410207.1	28.571	70	44	1	154	217	176	245	5.0	25.4
MRSS_00215	WP_011279191.1	42.857	35	18	1	320	352	63	97	7.3	25.4
MRSS_00215	WP_148203555.1	33.333	27	18	0	2	28	64	90	9.7	23.9
MRSS_00216	WP_011410137.1	92.233	103	8	0	1	103	1	103	4.73e-71	203
MRSS_00216	WP_243466192.1	35.897	39	22	1	39	74	14	52	0.34	25.4
MRSS_00216	WP_011410721.1	29.310	58	28	4	27	71	60	117	1.9	23.5
MRSS_00216	WP_011412132.1	50.000	16	8	0	63	78	173	188	4.9	22.3
MRSS_00216	WP_148203503.1	22.222	54	39	1	50	103	48	98	6.0	22.3
MRSS_00216	WP_011411792.1	30.769	39	27	0	30	68	313	351	7.1	22.3
MRSS_00216	WP_011411365.1	64.286	14	5	0	27	40	523	536	9.7	21.9
MRSS_00217	WP_011410134.1	90.967	631	57	0	1	631	1	631	0.0	1202
MRSS_00217	WP_011409869.1	39.783	553	315	11	4	543	3	550	1.84e-118	368
MRSS_00217	WP_011409869.1	59.524	42	17	0	552	593	727	768	3.82e-09	55.8
MRSS_00217	WP_011410083.1	25.185	135	91	3	50	178	16	146	0.087	30.8
MRSS_00217	WP_050747373.1	31.373	51	34	1	407	457	26	75	0.86	26.9
MRSS_00217	WP_148203436.1	30.909	55	37	1	79	132	140	194	1.9	26.9
MRSS_00217	WP_011410604.1	28.302	159	87	9	217	353	15	168	2.8	26.6
MRSS_00217	WP_243466221.1	25.641	39	29	0	7	45	44	82	3.5	25.8
MRSS_00217	WP_041866941.1	30.612	49	32	1	131	179	1	47	4.3	24.6
MRSS_00217	WP_011411018.1	25.532	47	35	0	358	404	48	94	5.0	25.8
MRSS_00217	WP_011411512.1	25.490	51	38	0	358	408	48	98	5.6	25.4
MRSS_00217	WP_011410696.1	23.301	206	134	8	334	531	442	631	6.2	25.8
MRSS_00217	WP_011410172.1	35.294	51	31	1	126	174	40	90	6.2	25.4
MRSS_00217	WP_011411358.1	23.148	108	59	1	230	313	104	211	6.4	25.8
MRSS_00217	WP_011410016.1	34.146	41	26	1	478	518	204	243	7.0	25.8
MRSS_00217	WP_011411414.1	27.692	65	39	2	484	543	46	107	9.3	25.0
MRSS_00218	WP_158302360.1	37.931	29	17	1	6	33	80	108	3.7	20.0
MRSS_00218	WP_011410586.1	47.059	17	9	0	4	20	224	240	5.2	19.6
MRSS_00219	WP_243466300.1	40.909	22	13	0	45	66	153	174	0.20	25.4
MRSS_00219	WP_011412053.1	42.857	21	9	1	39	59	223	240	0.25	25.0
MRSS_00219	WP_041867073.1	57.143	21	7	1	8	28	205	223	1.6	23.1
MRSS_00219	WP_041866777.1	28.000	50	30	2	2	45	195	244	3.0	22.3
MRSS_00219	WP_011411743.1	25.714	35	26	0	34	68	275	309	7.2	21.2
MRSS_00219	WP_424141167.1	28.125	32	23	0	25	56	11	42	7.6	20.0
MRSS_00220	WP_011410046.1	58.824	17	7	0	8	24	23	39	2.2	21.9
MRSS_00220	WP_158302414.1	29.412	51	32	2	1	47	15	65	2.7	21.6
MRSS_00220	WP_148203308.1	50.000	20	10	0	10	29	50	69	3.2	21.2
MRSS_00220	WP_011410891.1	42.857	14	8	0	30	43	625	638	6.1	20.8
MRSS_00220	WP_243466208.1	33.333	27	18	0	4	30	43	69	9.4	20.0
MRSS_00221	WP_011409983.1	40.000	25	14	1	13	37	143	166	0.96	22.3
MRSS_00221	WP_011412012.1	30.000	30	21	0	13	42	25	54	1.0	22.3
MRSS_00221	WP_041867731.1	53.846	13	6	0	19	31	74	86	2.9	20.8
MRSS_00221	WP_243466055.1	28.571	28	20	0	1	28	12	39	5.3	20.0
MRSS_00221	WP_041866560.1	41.176	17	10	0	15	31	316	332	5.7	20.0
MRSS_00221	WP_011410867.1	32.353	34	13	1	20	43	109	142	7.7	20.0
MRSS_00221	WP_011411654.1	72.727	11	3	0	30	40	272	282	9.3	19.6
MRSS_00222	WP_011411718.1	88.278	418	49	0	1	418	1	418	0.0	736
MRSS_00222	WP_011279192.1	25.000	352	224	11	49	383	50	378	3.92e-09	54.3
MRSS_00222	WP_011409899.1	39.394	33	20	0	240	272	175	207	1.4	26.9
MRSS_00222	WP_011410887.1	33.962	53	35	0	235	287	301	353	2.6	26.6
MRSS_00222	WP_011411530.1	33.333	45	30	0	117	161	21	65	3.1	26.2
MRSS_00222	WP_011411995.1	26.471	68	44	3	164	226	118	184	4.3	25.4
MRSS_00222	WP_041866989.1	48.000	25	13	0	174	198	708	732	4.5	25.8
MRSS_00222	WP_011411757.1	26.744	86	37	2	104	188	104	164	7.4	24.6
MRSS_00222	WP_011411920.1	28.947	76	50	2	238	310	113	187	9.3	24.6
MRSS_00223	WP_011411708.1	24.468	94	57	3	1	93	210	290	1.4	25.0
MRSS_00223	WP_243466234.1	40.741	27	12	1	36	58	77	103	4.5	23.5
MRSS_00223	WP_011410890.1	50.000	16	8	0	114	129	259	274	8.0	22.7
MRSS_00224	WP_011410731.1	30.435	92	59	2	3	89	5	96	3.85e-06	42.7
MRSS_00224	WP_011410353.1	40.816	49	29	0	6	54	187	235	0.061	30.0
MRSS_00224	WP_011411683.1	23.077	91	66	2	46	134	1	89	0.13	28.9
MRSS_00224	WP_011410255.1	40.000	35	18	1	103	137	79	110	2.1	25.4
MRSS_00224	WP_011412032.1	31.579	38	26	0	18	55	133	170	3.5	24.6
MRSS_00224	WP_011410842.1	25.000	52	35	1	151	202	317	364	3.9	24.6
MRSS_00224	WP_011410118.1	25.000	44	33	0	111	154	35	78	5.3	23.9
MRSS_00224	WP_011409877.1	29.730	74	47	3	7	80	40	108	5.7	24.3
MRSS_00224	WP_050747375.1	32.432	37	25	0	157	193	82	118	5.7	23.5
MRSS_00224	WP_050747483.1	33.962	53	31	1	74	126	3	51	5.7	23.5
MRSS_00224	WP_011410342.1	30.357	56	27	2	147	200	87	132	9.1	23.5
MRSS_00225	WP_011411592.1	38.462	26	16	0	19	44	133	158	0.005	29.6
MRSS_00225	WP_083764700.1	22.222	54	36	1	2	55	26	73	1.1	22.3
MRSS_00225	WP_424141180.1	24.074	54	35	1	2	55	8	55	1.2	22.3
MRSS_00225	WP_050747876.1	30.556	36	24	1	11	46	107	141	1.4	22.3
MRSS_00225	WP_041867376.1	30.000	30	20	1	11	40	143	171	1.7	22.3
MRSS_00225	WP_166506811.1	30.000	30	21	0	17	46	207	236	2.9	21.6
MRSS_00225	WP_148203545.1	22.449	49	37	1	4	51	13	61	4.2	20.8
MRSS_00225	WP_011410981.1	43.750	16	9	0	42	57	133	148	8.6	20.4
MRSS_00225	WP_011410878.1	36.364	33	18	1	23	55	230	259	9.1	20.4
MRSS_00225	WP_011411401.1	34.615	26	17	0	24	49	124	149	9.4	20.4
MRSS_00226	WP_011412116.1	83.871	155	25	0	2	156	207	361	7.66e-94	273
MRSS_00226	WP_011409898.1	28.261	46	33	0	20	65	259	304	1.6	25.0
MRSS_00226	WP_011411109.1	54.167	24	9	1	84	105	861	884	3.0	24.3
MRSS_00226	WP_050747561.1	35.294	34	21	1	56	88	13	46	3.1	23.5
MRSS_00226	WP_341532815.1	33.333	72	39	5	18	87	33	97	3.7	23.9
MRSS_00226	WP_011411718.1	32.558	43	26	1	38	77	143	185	4.0	23.9
MRSS_00226	WP_011410255.1	27.692	65	35	2	55	117	351	405	5.8	23.5
MRSS_00226	WP_011410287.1	26.786	56	31	2	45	91	8	62	8.2	22.7
MRSS_00226	WP_011410336.1	42.308	26	15	0	122	147	281	306	8.2	23.1
MRSS_00227	WP_011412116.1	78.947	95	20	0	1	95	38	132	1.48e-48	154
MRSS_00227	WP_011411574.1	40.741	27	16	0	59	85	199	225	0.58	25.0
MRSS_00227	WP_341532836.1	57.895	19	8	0	39	57	189	207	0.63	25.0
MRSS_00227	WP_011410272.1	28.169	71	45	3	6	71	310	379	0.76	24.6
MRSS_00227	WP_041867655.1	29.310	58	36	2	29	81	269	326	1.3	24.3
MRSS_00227	WP_041866630.1	35.714	28	18	0	17	44	101	128	1.5	23.5
MRSS_00227	WP_011410704.1	56.250	16	7	0	80	95	271	286	3.5	22.7
MRSS_00227	WP_050747897.1	56.250	16	7	0	57	72	181	196	3.8	22.7
MRSS_00227	WP_011411688.1	57.143	14	6	0	28	41	110	123	4.2	22.7
MRSS_00227	WP_011410925.1	35.714	28	18	0	63	90	88	115	7.7	21.6
MRSS_00227	WP_011410617.1	42.857	21	12	0	17	37	73	93	7.9	21.6
MRSS_00227	WP_011411180.1	42.857	21	12	0	17	37	73	93	8.6	21.2
MRSS_00227	WP_050747796.1	31.429	35	24	0	36	70	50	84	9.4	21.2
MRSS_00228	WP_011412117.1	92.398	171	13	0	1	171	1	171	3.21e-116	323
MRSS_00228	WP_011410387.1	37.748	151	89	3	5	152	3	151	6.86e-26	94.0
MRSS_00228	WP_011411981.1	36.957	46	25	1	5	50	51	92	3.69e-04	36.2
MRSS_00228	WP_011410535.1	37.037	54	26	2	4	57	112	157	0.002	34.3
MRSS_00228	WP_011410737.1	34.615	52	27	2	6	50	488	539	0.005	33.1
MRSS_00228	WP_011410737.1	50.000	22	11	0	4	25	205	226	7.5	23.5
MRSS_00228	WP_011410199.1	35.714	42	26	1	7	48	13	53	0.005	32.7
MRSS_00228	WP_011410853.1	48.000	25	13	0	11	35	12	36	0.047	29.6
MRSS_00228	WP_011410234.1	31.034	29	20	0	5	33	186	214	0.20	28.1
MRSS_00228	WP_011411963.1	38.235	34	20	1	4	36	6	39	0.20	27.7
MRSS_00228	WP_011411360.1	44.828	29	16	0	1	29	28	56	0.30	27.3
MRSS_00228	WP_011411173.1	44.000	25	13	1	1	24	99	123	0.45	26.9
MRSS_00228	WP_011410536.1	45.000	20	11	0	7	26	352	371	0.56	26.9
MRSS_00228	WP_011410881.1	44.000	25	14	0	7	31	348	372	1.1	25.8
MRSS_00228	WP_011410881.1	35.897	39	21	1	7	41	32	70	1.3	25.8
MRSS_00228	WP_011411530.1	26.042	96	63	3	1	96	25	112	1.3	25.4
MRSS_00228	WP_011410552.1	50.000	24	12	0	8	31	42	65	1.3	25.8
MRSS_00228	WP_011411451.1	35.088	57	33	2	51	104	199	254	1.4	25.4
MRSS_00228	WP_050747821.1	47.619	21	11	0	76	96	182	202	1.6	25.4
MRSS_00228	WP_011410504.1	25.333	75	55	1	4	77	607	681	1.6	25.4
MRSS_00228	WP_011410263.1	58.824	17	7	0	9	25	354	370	1.6	25.4
MRSS_00228	WP_011410196.1	43.478	23	13	0	7	29	31	53	2.3	24.6
MRSS_00228	WP_011409929.1	45.833	24	13	0	1	24	46	69	2.3	24.6
MRSS_00228	WP_011410956.1	52.632	19	9	0	6	24	30	48	2.5	24.6
MRSS_00228	WP_011411944.1	27.660	47	34	0	67	113	84	130	3.0	24.6
MRSS_00228	WP_011410679.1	47.619	21	11	0	9	29	149	169	3.1	24.3
MRSS_00228	WP_011410069.1	43.478	23	13	0	9	31	38	60	3.2	24.3
MRSS_00228	WP_011411091.1	19.231	52	42	0	6	57	57	108	3.9	24.3
MRSS_00228	WP_041866643.1	27.632	76	54	1	4	78	199	274	4.3	24.3
MRSS_00228	WP_011410434.1	36.667	30	18	1	7	36	6	34	4.4	23.9
MRSS_00228	WP_011410414.1	28.947	38	27	0	37	74	138	175	4.6	23.9
MRSS_00228	WP_050747885.1	37.500	24	15	0	1	24	38	61	4.6	23.1
MRSS_00228	WP_011411069.1	47.826	23	11	1	45	66	13	35	5.1	23.5
MRSS_00228	WP_011411253.1	52.941	17	8	0	9	25	32	48	5.4	23.5
MRSS_00228	WP_424141158.1	45.000	20	11	0	7	26	15	34	5.5	23.1
MRSS_00228	WP_041866981.1	44.828	29	15	1	70	97	113	141	6.5	23.1
MRSS_00228	WP_011411332.1	39.130	23	14	0	3	25	38	60	6.6	23.5
MRSS_00228	WP_011412186.1	31.081	74	40	2	74	147	2	64	7.3	23.1
MRSS_00228	WP_011410294.1	57.143	14	6	0	7	20	28	41	8.1	23.1
MRSS_00228	WP_011410773.1	44.444	18	10	0	7	24	32	49	8.2	23.1
MRSS_00228	WP_011410457.1	81.818	11	2	0	9	19	36	46	8.7	23.1
MRSS_00228	WP_041867211.1	28.947	38	26	1	32	68	33	70	9.0	21.9
MRSS_00228	WP_041867598.1	31.818	22	15	0	38	59	10	31	9.5	21.6
MRSS_00228	WP_011411455.1	28.889	45	32	0	20	64	218	262	9.8	22.7
MRSS_00229	WP_011412057.1	83.626	171	28	0	1	171	1	171	2.51e-108	303
MRSS_00229	WP_011411609.1	46.429	28	13	1	124	151	93	118	0.87	26.2
MRSS_00229	WP_011410530.1	31.250	32	22	0	79	110	211	242	2.2	25.0
MRSS_00229	WP_083764616.1	28.889	45	28	1	55	99	9	49	2.9	24.6
MRSS_00229	WP_011411358.1	52.941	17	8	0	46	62	233	249	8.7	23.1
MRSS_00229	WP_011411603.1	32.143	28	19	0	135	162	66	93	9.0	23.1
MRSS_00229	WP_011412148.1	33.333	54	35	1	117	170	3	55	9.9	22.7
MRSS_00230	WP_011412058.1	85.127	316	47	0	1	316	1	316	0.0	545
MRSS_00230	WP_011411790.1	32.830	265	172	4	7	270	4	263	1.81e-38	140
MRSS_00230	WP_011411192.1	26.027	146	98	4	52	189	126	269	5.63e-05	40.4
MRSS_00230	WP_011412217.1	32.500	120	68	6	89	205	132	241	0.95	27.3
MRSS_00230	WP_011410408.1	24.000	50	35	1	190	239	85	131	1.6	26.2
MRSS_00230	WP_011410477.1	33.333	33	19	1	231	260	255	287	5.6	25.0
MRSS_00230	WP_011412231.1	33.333	21	14	0	100	120	4	24	7.4	23.9
MRSS_00230	WP_158302299.1	26.531	49	34	1	193	241	507	553	7.5	24.6
MRSS_00230	WP_011410726.1	36.000	25	16	0	198	222	133	157	8.4	24.3
MRSS_00231	WP_011412059.1	86.247	429	59	0	1	429	1	429	0.0	754
MRSS_00231	WP_011411456.1	29.310	58	41	0	242	299	128	185	1.9	26.9
MRSS_00231	WP_011409882.1	29.787	47	31	1	369	413	7	53	2.7	26.2
MRSS_00231	WP_011410880.1	30.508	59	30	3	316	374	611	658	2.9	26.6
MRSS_00231	WP_011411435.1	22.727	66	48	1	355	420	534	596	3.4	26.2
MRSS_00231	WP_041866792.1	32.308	65	32	4	173	228	34	95	4.3	24.6
MRSS_00231	WP_011410931.1	40.000	30	16	1	158	185	133	162	6.8	25.0
MRSS_00231	WP_243466127.1	32.759	58	35	2	151	208	50	103	8.4	24.6
MRSS_00231	WP_011411124.1	52.632	19	9	0	376	394	25	43	9.1	24.6
MRSS_00232	WP_011412060.1	92.905	451	32	0	11	461	1	451	0.0	856
MRSS_00232	WP_011411171.1	41.463	41	21	2	177	217	428	465	0.84	28.1
MRSS_00232	WP_011411026.1	32.432	37	25	0	414	450	662	698	1.5	27.3
MRSS_00232	WP_011411459.1	29.630	54	38	0	308	361	19	72	2.6	25.4
MRSS_00232	WP_011409988.1	30.189	53	33	1	41	89	55	107	3.5	25.0
MRSS_00232	WP_011409974.1	33.333	51	32	1	18	66	72	122	4.4	25.8
MRSS_00232	WP_011411243.1	23.810	84	55	2	343	418	148	230	5.7	25.4
MRSS_00232	WP_011411739.1	23.478	115	67	2	243	356	152	246	6.2	25.4
MRSS_00232	WP_011410828.1	23.529	34	26	0	243	276	296	329	6.8	25.4
MRSS_00232	WP_050747839.1	30.233	43	28	1	113	153	97	139	7.1	24.6
MRSS_00232	WP_011412200.1	30.508	59	39	2	329	387	500	556	7.4	25.0
MRSS_00233	WP_011412053.1	77.273	110	25	0	1	110	1	110	1.03e-58	178
MRSS_00233	WP_041867200.1	27.451	51	37	0	60	110	39	89	0.003	32.0
MRSS_00233	WP_011411477.1	23.214	56	34	1	39	85	204	259	0.63	25.4
MRSS_00233	WP_041866930.1	34.091	44	28	1	57	99	263	306	1.6	24.3
MRSS_00233	WP_050747864.1	41.379	29	16	1	35	63	60	87	1.7	23.9
MRSS_00233	WP_198408756.1	20.339	59	34	1	6	51	174	232	3.6	23.1
MRSS_00233	WP_011410510.1	50.000	16	8	0	66	81	124	139	5.3	22.7
MRSS_00233	WP_011412196.1	36.842	38	18	1	60	97	600	631	5.6	22.7
MRSS_00233	WP_011412114.1	31.034	29	20	0	74	102	202	230	6.8	22.3
MRSS_00233	WP_011279194.1	53.333	15	7	0	79	93	141	155	8.5	22.3
MRSS_00233	WP_011411571.1	55.000	20	7	1	37	54	169	188	8.8	21.9
MRSS_00233	WP_011410271.1	38.889	36	15	2	52	84	49	80	9.9	21.9
MRSS_00234	WP_011412056.1	46.479	71	36	2	21	89	87	157	7.87e-14	60.5
MRSS_00234	WP_011410784.1	23.171	82	59	3	11	90	4	83	3.9	22.7
MRSS_00234	WP_041867052.1	32.558	43	25	1	58	96	60	102	4.0	23.1
MRSS_00234	WP_424141164.1	32.558	43	25	1	58	96	7	49	5.0	22.7
MRSS_00234	WP_050747760.1	28.302	53	27	1	80	121	165	217	5.4	22.7
MRSS_00234	WP_083764717.1	26.829	41	30	0	18	58	137	177	5.5	22.7
MRSS_00234	WP_011410900.1	26.829	41	30	0	18	58	239	279	5.5	22.7
MRSS_00234	WP_011410636.1	26.829	41	30	0	18	58	239	279	6.0	22.7
MRSS_00234	WP_011409963.1	26.829	41	30	0	18	58	239	279	6.3	22.7
MRSS_00234	WP_011411000.1	26.829	41	30	0	18	58	239	279	7.0	22.7
MRSS_00234	WP_011410790.1	28.571	70	44	3	9	78	277	340	7.7	22.3
MRSS_00234	WP_148203470.1	32.558	43	25	1	58	96	160	202	8.7	22.3
MRSS_00235	WP_011411076.1	86.160	513	71	0	1	513	1	513	0.0	837
MRSS_00235	WP_011410833.1	34.426	61	35	2	441	501	5	60	1.0	27.7
MRSS_00235	WP_011411948.1	35.294	34	22	0	193	226	224	257	1.1	27.7
MRSS_00235	WP_011410052.1	32.558	43	29	0	460	502	60	102	2.2	26.6
MRSS_00235	WP_011410407.1	34.615	26	17	0	185	210	251	276	2.2	26.9
MRSS_00235	WP_011411194.1	30.612	49	27	2	223	266	226	272	4.9	25.8
MRSS_00235	WP_243466194.1	58.333	12	5	0	460	471	53	64	7.1	24.6
MRSS_00235	WP_011411275.1	32.143	56	34	2	351	403	132	186	7.6	25.0
MRSS_00235	WP_011410325.1	37.736	53	29	3	316	368	254	302	9.9	24.6
MRSS_00236	WP_011411958.1	37.500	40	11	2	59	85	225	263	6.1	23.1
MRSS_00236	WP_242451023.1	40.000	30	17	1	108	137	447	475	9.3	22.7
MRSS_00236	WP_011411113.1	42.857	21	12	0	123	143	4	24	9.6	21.6
MRSS_00237	WP_011412052.1	47.619	21	11	0	1	21	31	51	0.021	26.9
MRSS_00237	WP_011411718.1	50.000	22	11	0	16	37	215	236	0.46	23.9
MRSS_00237	WP_011411858.1	30.233	43	30	0	10	52	21	63	1.7	22.3
MRSS_00237	WP_158302422.1	35.484	31	20	0	26	56	179	209	2.0	22.3
MRSS_00237	WP_011411234.1	38.235	34	20	1	2	35	164	196	2.2	21.9
MRSS_00237	WP_011411815.1	44.828	29	12	2	8	33	73	100	4.1	21.2
MRSS_00237	WP_011411395.1	41.176	17	10	0	40	56	164	180	5.6	20.8
MRSS_00237	WP_158302362.1	33.333	24	16	0	14	37	1	24	6.8	20.4
MRSS_00237	WP_041866742.1	29.412	34	24	0	11	44	104	137	7.2	20.4
MRSS_00237	WP_011411777.1	50.000	16	8	0	19	34	113	128	7.3	20.4
MRSS_00237	WP_011409876.1	40.000	25	11	1	30	50	65	89	7.6	20.4
MRSS_00237	WP_011279239.1	46.154	13	7	0	45	57	140	152	8.4	20.4
MRSS_00237	WP_011410908.1	31.429	35	19	1	1	35	290	319	8.4	20.4
MRSS_00237	WP_243466235.1	33.333	27	18	0	18	44	47	73	9.4	20.0
MRSS_00238	WP_011412053.1	46.000	50	27	0	1	50	1	50	3.32e-09	47.0
MRSS_00238	WP_011410655.1	29.091	55	33	3	6	60	190	238	0.47	23.9
MRSS_00238	WP_011410290.1	40.000	20	12	0	12	31	655	674	0.79	23.5
MRSS_00238	WP_011411788.1	33.333	27	18	0	26	52	289	315	2.2	22.3
MRSS_00238	WP_011411596.1	22.727	44	32	1	10	51	54	97	2.7	21.9
MRSS_00238	WP_041867281.1	32.500	40	26	1	8	46	16	55	3.2	21.6
MRSS_00238	WP_011410816.1	42.105	19	11	0	17	35	89	107	3.3	21.6
MRSS_00238	WP_011410915.1	46.667	15	8	0	40	54	144	158	3.8	21.6
MRSS_00238	WP_011411099.1	37.037	27	17	0	21	47	410	436	4.8	21.2
MRSS_00238	WP_011410877.1	36.364	33	19	2	1	33	516	546	5.0	21.2
MRSS_00238	WP_011412107.1	60.000	15	6	0	42	56	23	37	5.0	21.2
MRSS_00238	WP_011411098.1	26.316	38	28	0	20	57	83	120	5.1	21.2
MRSS_00238	WP_424141178.1	31.579	38	24	1	19	56	517	552	8.1	20.8
MRSS_00238	WP_011409897.1	50.000	14	7	0	19	32	166	179	8.8	20.4
MRSS_00238	WP_011410121.1	38.462	26	16	0	33	58	150	175	9.9	20.4
MRSS_00239	WP_011412054.1	78.191	188	41	0	1	188	2	189	2.27e-101	287
MRSS_00239	WP_011411224.1	25.000	148	107	2	6	152	14	158	5.76e-10	52.8
MRSS_00239	WP_011410352.1	30.488	82	51	3	111	189	276	354	0.49	26.9
MRSS_00239	WP_011410926.1	27.273	66	45	1	48	113	205	267	0.80	26.6
MRSS_00239	WP_041866603.1	26.667	45	33	0	95	139	15	59	0.92	25.0
MRSS_00239	WP_011411045.1	50.000	16	8	0	74	89	75	90	1.9	25.0
MRSS_00239	WP_011411891.1	35.897	39	20	1	1	39	198	231	2.9	24.6
MRSS_00239	WP_243466231.1	34.286	35	23	0	130	164	44	78	4.0	23.9
MRSS_00239	WP_011411799.1	32.432	37	19	1	143	173	54	90	4.3	23.9
MRSS_00239	WP_158302447.1	36.364	44	26	1	128	171	8	49	7.2	23.1
MRSS_00239	WP_011410484.1	40.000	20	12	0	169	188	82	101	8.8	23.1
MRSS_00240	WP_011411985.1	89.691	388	40	0	3	390	1	388	0.0	632
MRSS_00240	WP_243466288.1	28.409	352	213	10	24	353	5	339	2.71e-23	96.7
MRSS_00240	WP_011279191.1	27.119	118	86	0	50	167	47	164	1.19e-09	55.8
MRSS_00240	WP_011410525.1	29.496	139	92	2	33	167	32	168	1.00e-08	53.1
MRSS_00240	WP_050747932.1	30.827	133	86	4	63	192	76	205	1.41e-04	39.7
MRSS_00240	WP_041866534.1	26.455	189	130	4	163	344	5	191	3.41e-04	38.1
MRSS_00240	WP_011411074.1	36.957	46	29	0	66	111	67	112	0.010	33.9
MRSS_00240	WP_011409884.1	24.837	153	101	4	24	167	20	167	0.24	29.6
MRSS_00240	WP_011410600.1	24.603	126	80	2	63	186	80	192	0.26	29.6
MRSS_00240	WP_011409900.1	32.353	68	42	3	273	339	150	214	0.47	28.5
MRSS_00240	WP_341532854.1	29.787	47	32	1	144	189	38	84	2.3	25.4
MRSS_00240	WP_011410364.1	37.037	27	17	0	198	224	96	122	4.1	25.8
MRSS_00240	WP_011410378.1	33.333	42	28	0	91	132	226	267	6.7	25.0
MRSS_00241	WP_011411986.1	90.323	248	24	0	1	248	1	248	4.80e-173	473
MRSS_00241	WP_050747581.1	33.929	56	34	2	115	167	254	309	0.058	30.4
MRSS_00241	WP_011410489.1	25.000	120	75	6	111	225	461	570	0.070	30.4
MRSS_00241	WP_011412039.1	26.506	83	47	3	55	127	57	135	0.66	26.9
MRSS_00241	WP_011409866.1	32.812	64	40	1	94	154	149	212	1.3	26.6
MRSS_00241	WP_011410414.1	29.167	48	33	1	146	193	145	191	4.5	24.6
MRSS_00241	WP_011411278.1	31.915	47	30	2	13	58	146	191	4.8	24.6
MRSS_00241	WP_011411401.1	29.545	44	29	1	107	148	709	752	5.0	24.6
MRSS_00241	WP_050747940.1	33.333	36	24	0	184	219	158	193	6.9	23.9
MRSS_00241	WP_011411255.1	72.727	11	3	0	82	92	110	120	7.8	23.9
MRSS_00242	WP_011411988.1	82.101	257	44	1	1	257	1	255	1.65e-155	429
MRSS_00242	WP_011410075.1	38.235	34	20	1	39	72	96	128	2.4	25.8
MRSS_00242	WP_011411536.1	38.889	36	17	1	169	204	122	152	2.8	25.4
MRSS_00242	WP_011410411.1	27.027	74	47	3	78	151	56	122	3.2	25.0
MRSS_00242	WP_158302299.1	34.146	41	27	0	46	86	271	311	4.2	25.0
MRSS_00242	WP_011410799.1	40.909	22	12	1	156	177	108	128	5.0	24.3
MRSS_00242	WP_011411752.1	28.571	56	40	0	94	149	240	295	5.6	24.3
MRSS_00242	WP_011411705.1	28.750	80	46	2	67	138	414	490	6.7	24.3
MRSS_00242	WP_011410763.1	29.310	58	39	2	111	167	256	312	7.8	23.9
MRSS_00243	WP_011411460.1	82.143	252	45	0	1	252	1	252	6.42e-160	440
MRSS_00243	WP_011410267.1	31.507	73	40	3	43	113	260	324	0.049	31.2
MRSS_00243	WP_011411767.1	22.388	134	94	6	14	142	13	141	0.84	26.9
MRSS_00243	WP_041866617.1	24.219	128	88	3	70	197	162	280	1.3	26.2
MRSS_00243	WP_011410537.1	47.368	19	10	0	143	161	36	54	4.6	23.5
MRSS_00243	WP_011411830.1	24.771	109	74	3	87	193	150	252	7.8	23.9
MRSS_00243	WP_011411382.1	33.333	42	23	1	215	251	74	115	9.8	23.1
MRSS_00244	WP_011409972.1	29.707	239	139	7	14	232	19	248	1.49e-20	84.0
MRSS_00244	WP_011410476.1	24.519	208	124	6	41	232	27	217	1.30e-06	44.3
MRSS_00244	WP_011279205.1	19.811	106	54	3	19	121	1	78	0.15	27.7
MRSS_00244	WP_011410768.1	22.302	139	97	3	6	139	263	395	0.71	27.3
MRSS_00244	WP_011411672.1	34.146	41	27	0	142	182	158	198	0.86	26.6
MRSS_00244	WP_011411446.1	47.619	21	9	1	110	128	102	122	6.8	23.9
MRSS_00244	WP_243466145.1	29.412	51	32	1	141	187	12	62	7.6	23.5
MRSS_00244	WP_011410969.1	29.231	65	40	2	165	225	6	68	9.5	22.7
MRSS_00244	WP_041866827.1	30.556	36	25	0	196	231	5	40	9.6	22.7
MRSS_00245	WP_041866604.1	27.835	97	60	3	30	122	4	94	0.056	29.3
MRSS_00245	WP_011411527.1	37.143	35	22	0	83	117	69	103	0.25	27.7
MRSS_00245	WP_011411053.1	33.333	39	26	0	29	67	58	96	0.63	26.6
MRSS_00245	WP_148203563.1	31.343	67	41	3	92	156	75	138	0.81	26.6
MRSS_00245	WP_041867151.1	31.034	29	20	0	39	67	51	79	1.3	25.0
MRSS_00245	WP_011411077.1	28.916	83	49	2	1	80	417	492	2.6	25.0
MRSS_00245	WP_011410225.1	41.667	24	14	0	142	165	284	307	3.9	24.3
MRSS_00245	WP_011410696.1	28.846	52	33	1	66	113	555	606	5.6	23.9
MRSS_00245	WP_011411072.1	34.783	46	25	1	20	60	992	1037	6.2	23.9
MRSS_00246	WP_011410927.1	84.091	264	41	1	1	264	1	263	1.27e-165	456
MRSS_00246	WP_011410748.1	35.135	37	24	0	160	196	177	213	0.76	27.3
MRSS_00246	WP_011411975.1	32.143	28	19	0	55	82	13	40	3.0	25.4
MRSS_00246	WP_011410942.1	26.415	53	36	1	21	73	58	107	4.7	24.6
MRSS_00246	WP_243466014.1	26.230	61	33	2	208	257	202	261	6.1	24.3
MRSS_00247	WP_011410926.1	82.779	331	56	1	1	330	1	331	0.0	551
MRSS_00247	WP_011410552.1	36.054	147	91	2	22	168	36	179	5.15e-21	90.1
MRSS_00247	WP_011410912.1	34.211	38	25	0	105	142	465	502	0.51	28.5
MRSS_00247	WP_011411501.1	27.397	73	49	1	256	328	267	335	0.68	27.7
MRSS_00247	WP_011412188.1	24.242	66	46	1	85	150	27	88	0.79	27.7
MRSS_00247	WP_243465999.1	21.739	92	64	3	96	185	101	186	1.0	26.9
MRSS_00247	WP_011410891.1	30.667	75	38	3	23	94	208	271	1.5	26.9
MRSS_00247	WP_243466069.1	22.581	93	62	3	96	185	100	185	2.0	26.6
MRSS_00247	WP_424141124.1	41.935	62	31	3	190	251	148	204	3.4	25.4
MRSS_00247	WP_011410612.1	23.656	93	61	4	96	185	99	184	3.9	25.4
MRSS_00247	WP_011410280.1	45.833	24	13	0	263	286	166	189	4.3	25.0
MRSS_00247	WP_011410744.1	24.051	79	58	2	89	166	87	164	5.2	25.0
MRSS_00247	WP_011410002.1	35.593	59	32	2	157	209	7	65	5.3	25.0
MRSS_00247	WP_041866510.1	28.889	45	32	0	193	237	36	80	8.2	23.5
MRSS_00248	WP_011410925.1	83.568	213	35	0	1	213	1	213	1.58e-129	360
MRSS_00248	WP_011410518.1	35.484	31	20	0	6	36	103	133	1.2	26.2
MRSS_00248	WP_011411978.1	20.175	114	77	3	7	108	220	331	2.5	25.4
MRSS_00248	WP_166506343.1	42.308	26	13	1	74	99	96	119	3.9	23.9
MRSS_00248	WP_011410758.1	37.838	37	15	2	23	52	107	142	5.1	24.3
MRSS_00248	WP_011411941.1	47.619	21	11	0	4	24	25	45	6.3	24.3
MRSS_00248	WP_011409918.1	30.526	95	59	4	113	203	233	324	7.1	23.9
MRSS_00248	WP_011411937.1	56.250	16	7	0	128	143	51	66	8.1	23.5
MRSS_00248	WP_243466339.1	26.562	64	39	2	4	64	28	86	9.4	23.1
MRSS_00249	WP_011410924.1	84.071	339	54	0	2	340	1	339	0.0	593
MRSS_00249	WP_011411581.1	27.711	83	53	2	200	278	262	341	0.59	28.1
MRSS_00249	WP_050747476.1	25.000	72	46	1	162	225	23	94	1.0	26.2
MRSS_00249	WP_050747334.1	32.099	81	43	3	78	156	107	177	2.2	25.8
MRSS_00249	WP_011411954.1	26.531	49	36	0	189	237	156	204	2.3	26.2
MRSS_00249	WP_011411941.1	28.767	73	49	2	178	248	446	517	3.6	25.8
MRSS_00249	WP_341532878.1	32.558	43	29	0	71	113	23	65	4.2	24.6
MRSS_00249	WP_011411402.1	37.931	58	34	1	120	177	475	530	4.7	25.4
MRSS_00249	WP_243466257.1	36.585	41	24	1	291	331	8	46	8.9	23.1
MRSS_00249	WP_041866928.1	34.211	38	24	1	120	156	64	101	9.7	24.3
MRSS_00250	WP_011410923.1	74.603	63	16	0	1	63	187	249	3.03e-24	87.4
MRSS_00250	WP_011412199.1	52.381	21	10	0	17	37	486	506	0.92	23.5
MRSS_00250	WP_011410536.1	34.091	44	27	1	11	52	92	135	1.4	22.7
MRSS_00250	WP_011410431.1	37.037	27	17	0	27	53	96	122	2.3	21.9
MRSS_00250	WP_011410957.1	32.353	34	16	1	28	61	179	205	3.0	21.9
MRSS_00250	WP_011409940.1	34.286	35	22	1	16	50	370	403	3.9	21.6
MRSS_00250	WP_011410176.1	42.105	19	11	0	44	62	123	141	6.7	20.8
MRSS_00251	WP_011410293.1	23.729	59	42	1	11	69	259	314	0.039	28.1
MRSS_00251	WP_050747718.1	30.303	33	23	0	44	76	26	58	0.26	24.6
MRSS_00251	WP_011411119.1	37.931	29	18	0	27	55	42	70	0.40	24.6
MRSS_00251	WP_011409976.1	29.630	54	28	2	14	67	138	181	3.7	22.3
MRSS_00251	WP_011410483.1	26.667	30	22	0	7	36	146	175	3.9	22.3
MRSS_00252	WP_011410916.1	94.643	56	3	0	1	56	1	56	6.92e-36	111
MRSS_00252	WP_243466037.1	39.130	23	13	1	25	46	12	34	2.5	21.2
MRSS_00252	WP_011412196.1	34.375	32	21	0	4	35	642	673	6.5	20.8
MRSS_00252	WP_011410831.1	35.484	31	17	1	26	53	11	41	6.7	20.8
MRSS_00252	WP_011411556.1	24.074	54	35	1	1	48	201	254	8.9	20.4
MRSS_00252	WP_162010789.1	52.941	17	8	0	30	46	85	101	9.9	20.0
MRSS_00253	WP_011410917.1	73.529	68	18	0	1	68	266	333	1.80e-27	97.4
MRSS_00253	WP_041867717.1	35.000	40	26	0	31	70	147	186	0.84	23.9
MRSS_00253	WP_050747462.1	47.368	19	8	1	10	28	68	84	1.8	22.3
MRSS_00253	WP_011410165.1	37.931	29	15	1	24	49	62	90	2.5	22.3
MRSS_00253	WP_011410290.1	39.130	23	14	0	39	61	670	692	5.4	21.6
MRSS_00253	WP_041866482.1	35.484	31	15	1	42	67	210	240	7.4	21.2
MRSS_00253	WP_041867695.1	28.571	21	15	0	5	25	176	196	8.3	20.8
MRSS_00253	WP_011411556.1	27.119	59	34	2	11	69	198	247	8.6	20.8
MRSS_00253	WP_011410811.1	50.000	18	9	0	14	31	65	82	9.9	20.8
MRSS_00254	WP_011410918.1	95.268	317	15	0	1	317	1	317	0.0	615
MRSS_00254	WP_011412030.1	23.182	220	128	8	112	309	143	343	0.017	32.7
MRSS_00254	WP_011411975.1	41.463	41	22	1	107	145	155	195	0.60	27.7
MRSS_00254	WP_011410891.1	36.538	52	32	1	235	286	330	380	0.96	27.3
MRSS_00254	WP_011410766.1	38.462	39	24	0	101	139	73	111	1.4	26.6
MRSS_00254	WP_011411585.1	41.176	34	20	0	139	172	146	179	3.4	25.4
MRSS_00254	WP_041867331.1	40.741	27	16	0	166	192	420	446	5.7	25.0
MRSS_00254	WP_011411673.1	29.032	62	43	1	158	219	45	105	6.0	24.6
MRSS_00255	WP_011410919.1	82.524	309	54	0	1	309	1	309	1.77e-180	497
MRSS_00255	WP_011411211.1	34.211	38	25	0	234	271	66	103	0.52	27.3
MRSS_00255	WP_011410666.1	24.138	87	47	3	72	157	768	836	1.6	26.6
MRSS_00255	WP_011411017.1	31.944	72	44	2	193	264	332	398	3.3	25.8
MRSS_00255	WP_424141171.1	55.000	20	9	0	64	83	16	35	7.7	23.5
MRSS_00256	WP_011410920.1	89.754	244	25	0	1	244	1	244	6.30e-162	444
MRSS_00256	WP_011411290.1	31.319	182	118	2	7	184	2	180	7.10e-22	87.4
MRSS_00256	WP_011410378.1	28.205	195	134	2	5	197	75	265	2.65e-20	84.0
MRSS_00256	WP_041867300.1	28.125	256	153	7	1	240	1	241	2.29e-16	72.4
MRSS_00256	WP_011411938.1	24.699	166	116	3	83	243	77	238	7.04e-14	65.5
MRSS_00256	WP_011411306.1	24.868	189	133	4	6	187	6	192	3.25e-08	49.3
MRSS_00256	WP_011411333.1	26.295	251	170	9	3	241	4	251	6.19e-08	48.5
MRSS_00256	WP_050747534.1	31.356	118	70	2	3	116	18	128	9.57e-07	43.9
MRSS_00256	WP_279379469.1	25.472	106	72	2	58	158	1	104	7.55e-05	37.4
MRSS_00256	WP_243466034.1	23.077	156	98	4	104	241	30	181	0.002	34.7
MRSS_00256	WP_279379384.1	35.294	34	22	0	208	241	20	53	0.006	30.8
MRSS_00256	WP_148203545.1	33.333	36	24	0	1	36	1	36	0.048	28.5
MRSS_00256	WP_041866647.1	40.909	44	25	1	6	48	4	47	0.079	28.1
MRSS_00256	WP_011410525.1	24.691	81	42	2	73	134	201	281	0.61	27.3
MRSS_00256	WP_243466255.1	40.741	27	16	0	165	191	1	27	0.62	26.6
MRSS_00256	WP_011410208.1	47.826	23	11	1	104	126	68	89	0.85	26.2
MRSS_00256	WP_011411196.1	35.556	45	23	2	57	96	201	244	1.4	26.2
MRSS_00256	WP_041867135.1	36.364	44	28	0	6	49	15	58	2.3	24.3
MRSS_00256	WP_011410832.1	21.311	61	44	1	147	207	260	316	3.5	25.0
MRSS_00256	WP_158302461.1	32.432	37	25	0	45	81	125	161	4.2	24.6
MRSS_00256	WP_148203546.1	45.000	20	11	0	210	229	74	93	4.8	23.5
MRSS_00256	WP_050747487.1	24.675	77	50	1	16	84	54	130	5.7	24.3
MRSS_00256	WP_011411953.1	24.167	120	61	3	1	120	50	139	6.3	23.9
MRSS_00256	WP_011411408.1	25.676	74	52	2	23	94	5	77	8.2	23.9
MRSS_00256	WP_011410198.1	35.185	54	30	3	134	182	508	561	8.6	23.9
MRSS_00256	WP_243466217.1	60.000	15	6	0	39	53	37	51	9.4	22.7
MRSS_00256	WP_011410530.1	30.303	33	23	0	38	70	144	176	9.8	23.5
MRSS_00257	WP_011410921.1	96.154	78	3	0	1	78	1	78	4.68e-49	145
MRSS_00257	WP_011410935.1	28.947	38	27	0	13	50	1071	1108	2.5	22.7
MRSS_00257	WP_041867151.1	40.000	30	18	0	12	41	26	55	3.0	22.3
MRSS_00257	WP_158302391.1	28.125	32	22	1	18	48	81	112	3.2	22.3
MRSS_00257	WP_011410006.1	40.000	20	12	0	55	74	117	136	8.1	21.2
MRSS_00257	WP_011410441.1	32.000	25	17	0	30	54	7	31	8.3	21.2
MRSS_00258	WP_011411970.1	79.016	305	64	0	5	309	1	305	0.0	498
MRSS_00258	WP_011411229.1	22.745	255	194	3	5	256	1	255	5.90e-19	82.4
MRSS_00258	WP_011409956.1	28.125	256	175	4	5	258	2	250	5.86e-16	73.2
MRSS_00258	WP_011412198.1	28.958	259	158	4	5	249	1	247	3.82e-15	70.9
MRSS_00258	WP_011411716.1	24.150	294	197	9	5	286	1	280	4.28e-14	67.8
MRSS_00258	WP_011412206.1	26.712	146	101	2	10	153	6	147	1.74e-12	62.8
MRSS_00258	WP_011411939.1	25.854	205	141	6	10	211	7	203	1.36e-10	57.4
MRSS_00258	WP_011411687.1	25.862	116	82	2	15	129	16	128	4.04e-07	47.0
MRSS_00258	WP_341532809.1	49.020	51	26	0	9	59	20	70	7.30e-07	43.9
MRSS_00258	WP_011411741.1	40.000	50	30	0	6	55	5	54	5.63e-04	37.4
MRSS_00258	WP_083765137.1	21.569	153	105	4	27	167	21	170	0.008	33.1
MRSS_00258	WP_243466162.1	21.739	46	36	0	3	48	12	57	0.16	27.7
MRSS_00258	WP_011410790.1	21.951	82	61	1	69	150	175	253	0.30	28.9
MRSS_00258	WP_011410283.1	31.579	76	50	2	184	259	425	498	1.6	26.6
MRSS_00258	WP_011410999.1	27.083	48	35	0	2	49	158	205	2.7	25.8
MRSS_00258	WP_011410405.1	29.688	64	42	2	21	82	89	151	2.8	25.4
MRSS_00258	WP_011410495.1	71.429	14	4	0	165	178	400	413	3.0	25.8
MRSS_00258	WP_424141147.1	39.130	23	14	0	244	266	1	23	7.3	23.9
MRSS_00258	WP_011411682.1	39.286	28	17	0	238	265	424	451	9.3	24.3
MRSS_00259	WP_011411260.1	87.826	115	14	0	1	115	1	115	5.62e-76	216
MRSS_00259	WP_011411998.1	31.507	73	50	0	29	101	11	83	6.55e-11	51.2
MRSS_00259	WP_011410784.1	27.473	91	53	4	23	109	7	88	0.045	27.7
MRSS_00259	WP_011410849.1	26.087	46	27	1	29	67	524	569	2.3	23.9
MRSS_00259	WP_011409981.1	28.571	35	25	0	16	50	58	92	2.5	23.9
MRSS_00259	WP_011410045.1	50.000	16	8	0	21	36	275	290	5.1	23.1
MRSS_00259	WP_011412196.1	43.478	23	13	0	47	69	387	409	5.6	22.7
MRSS_00259	WP_041866547.1	37.143	35	19	1	52	83	73	107	6.9	22.3
MRSS_00259	WP_198408732.1	31.373	51	31	2	28	75	40	89	9.2	21.9
MRSS_00260	WP_011411261.1	86.547	223	30	0	1	223	1	223	2.98e-136	378
MRSS_00260	WP_011410345.1	27.731	119	57	5	20	129	9	107	0.006	33.1
MRSS_00260	WP_011411974.1	35.714	42	24	1	77	115	239	280	1.1	26.6
MRSS_00260	WP_011411255.1	30.435	46	29	1	129	174	132	174	3.5	25.0
MRSS_00260	WP_011411219.1	35.849	53	32	2	147	197	397	449	3.7	24.6
MRSS_00260	WP_011411099.1	50.000	22	11	0	205	226	290	311	5.6	24.3
MRSS_00261	WP_011410389.1	47.059	17	9	0	10	26	46	62	0.37	23.5
MRSS_00261	WP_011411235.1	36.364	22	14	0	14	35	184	205	0.81	22.3
MRSS_00261	WP_166506616.1	42.857	21	12	0	20	40	88	108	1.3	21.9
MRSS_00261	WP_158302388.1	34.783	23	15	0	1	23	174	196	4.7	20.4
MRSS_00261	WP_050747602.1	36.842	19	12	0	15	33	221	239	5.4	20.0
MRSS_00261	WP_011411050.1	36.842	19	12	0	15	33	221	239	5.6	20.0
MRSS_00261	WP_243466248.1	36.842	19	12	0	15	33	50	68	5.7	20.0
MRSS_00261	WP_424141124.1	33.333	24	16	0	10	33	131	154	6.3	20.0
MRSS_00261	WP_011410280.1	55.556	18	7	1	27	43	287	304	8.9	19.6
MRSS_00261	WP_011410328.1	61.538	13	5	0	7	19	97	109	9.1	19.6
MRSS_00262	WP_011410900.1	42.857	133	73	2	1	130	84	216	1.30e-22	86.7
MRSS_00262	WP_011409963.1	41.538	130	73	2	4	130	87	216	1.84e-21	83.6
MRSS_00262	WP_011412178.1	41.085	129	73	2	5	130	88	216	1.91e-21	83.2
MRSS_00262	WP_011411000.1	41.085	129	73	2	5	130	88	216	3.75e-20	80.1
MRSS_00262	WP_011410631.1	40.625	128	67	3	5	130	88	208	5.76e-20	79.7
MRSS_00262	WP_011410636.1	39.098	133	78	2	1	130	84	216	3.70e-19	77.4
MRSS_00262	WP_011410889.1	38.542	96	58	1	5	99	89	184	3.14e-12	57.4
MRSS_00262	WP_083764717.1	45.614	57	29	1	76	130	58	114	9.82e-07	42.4
MRSS_00262	WP_011411423.1	25.000	32	24	0	72	103	251	282	2.0	24.3
MRSS_00262	WP_041866928.1	34.884	43	27	1	68	110	125	166	2.3	24.3
MRSS_00262	WP_011410730.1	57.895	19	8	0	97	115	309	327	2.3	24.3
MRSS_00262	WP_011410216.1	33.333	60	24	3	58	103	311	368	8.8	22.7
MRSS_00263	WP_011411263.1	93.056	144	10	0	21	164	1	144	5.91e-97	273
MRSS_00263	WP_041867523.1	30.357	112	78	0	34	145	17	128	1.85e-13	60.5
MRSS_00263	WP_011411849.1	36.000	50	32	0	71	120	76	125	1.84e-04	36.6
MRSS_00263	WP_011412031.1	22.695	141	102	2	23	163	8	141	8.83e-04	34.3
MRSS_00263	WP_011410439.1	45.946	37	17	1	62	98	33	66	0.006	32.3
MRSS_00263	WP_011410698.1	30.000	60	32	3	43	99	19	71	0.087	28.5
MRSS_00263	WP_011411370.1	35.484	31	20	0	66	96	54	84	0.37	26.6
MRSS_00263	WP_011409885.1	28.571	42	30	0	78	119	72	113	0.86	25.4
MRSS_00263	WP_148203588.1	31.169	77	34	3	76	134	5	80	1.2	24.6
MRSS_00263	WP_011412160.1	31.707	41	28	0	97	137	172	212	1.6	25.4
MRSS_00263	WP_011411526.1	34.884	43	24	2	49	88	294	335	1.7	25.0
MRSS_00263	WP_050747819.1	44.000	25	14	0	78	102	134	158	2.2	24.6
MRSS_00263	WP_279379401.1	35.294	34	19	1	63	96	33	63	2.6	24.3
MRSS_00263	WP_041866754.1	26.000	50	33	1	38	87	154	199	3.0	24.3
MRSS_00263	WP_011411551.1	26.923	52	27	2	63	112	1	43	3.2	23.9
MRSS_00263	WP_011410342.1	52.632	19	9	0	35	53	35	53	5.0	23.5
MRSS_00263	WP_050747275.1	43.478	23	13	0	11	33	122	144	5.8	23.1
MRSS_00263	WP_148203320.1	40.909	22	13	0	67	88	22	43	7.8	22.3
MRSS_00264	WP_011411919.1	91.292	356	31	0	1	356	1	356	0.0	632
MRSS_00264	WP_011411920.1	21.341	164	119	3	4	161	2	161	0.058	31.2
MRSS_00264	WP_011411098.1	37.838	37	23	0	47	83	216	252	0.16	29.6
MRSS_00264	WP_424141124.1	36.986	73	43	3	49	119	134	205	0.79	27.3
MRSS_00265	WP_011411920.1	86.612	366	49	0	3	368	1	366	0.0	607
MRSS_00265	WP_011411919.1	23.171	164	106	4	4	157	4	157	0.27	29.3
MRSS_00265	WP_148203627.1	53.846	26	11	1	320	344	64	89	2.2	25.4
MRSS_00265	WP_041867193.1	37.500	40	25	0	34	73	1	40	5.9	23.9
MRSS_00265	WP_011411594.1	30.909	55	37	1	270	323	9	63	9.8	23.9
MRSS_00266	WP_011411921.1	80.260	461	90	1	1	460	1	461	0.0	733
MRSS_00266	WP_011411592.1	35.683	227	141	3	238	460	163	388	3.39e-32	124
MRSS_00266	WP_011411178.1	42.308	26	13	1	18	43	485	508	1.7	27.3
MRSS_00266	WP_011411261.1	37.500	32	20	0	49	80	83	114	1.8	26.9
MRSS_00266	WP_011411428.1	40.000	40	24	0	143	182	176	215	1.9	26.6
MRSS_00266	WP_011411561.1	29.091	110	69	4	295	399	275	380	2.4	26.6
MRSS_00266	WP_011410117.1	28.090	89	51	4	390	469	115	199	5.3	25.4
MRSS_00266	WP_083765130.1	63.636	11	4	0	43	53	57	67	8.5	23.5
MRSS_00266	WP_011411068.1	24.615	65	40	2	92	147	25	89	9.2	24.6
MRSS_00266	WP_148203407.1	37.500	24	15	0	156	179	107	130	9.4	24.3
MRSS_00267	WP_011411922.1	74.242	132	34	0	1	132	18	149	6.48e-72	208
MRSS_00267	WP_011410411.1	32.143	28	19	0	2	29	74	101	3.1	23.9
MRSS_00267	WP_011412135.1	30.233	43	15	1	12	54	12	39	3.6	23.1
MRSS_00267	WP_011279206.1	26.316	57	39	2	27	80	112	168	4.5	23.1
MRSS_00267	WP_011412132.1	28.235	85	56	3	23	103	1	84	5.5	22.7
MRSS_00267	WP_050747528.1	20.000	75	53	1	14	81	6	80	5.6	22.7
MRSS_00267	WP_041867274.1	24.762	105	70	4	1	99	1	102	6.0	23.1
MRSS_00267	WP_041867696.1	41.176	17	10	0	35	51	84	100	6.7	22.7
MRSS_00267	WP_011412041.1	57.143	14	6	0	57	70	328	341	9.9	22.3
MRSS_00268	WP_011411923.1	85.910	951	134	0	7	957	1	951	0.0	1730
MRSS_00268	WP_011410277.1	20.960	792	483	16	47	768	57	775	2.93e-34	137
MRSS_00268	WP_011410666.1	26.316	380	181	12	7	307	1	360	7.80e-25	107
MRSS_00268	WP_011410666.1	20.747	241	130	8	560	799	619	799	0.002	38.1
MRSS_00268	WP_011410831.1	35.714	42	27	0	48	89	15	56	0.002	37.7
MRSS_00268	WP_011410558.1	37.500	40	25	0	316	355	31	70	0.28	30.4
MRSS_00268	WP_011410107.1	30.769	52	34	1	303	352	135	186	0.40	30.0
MRSS_00268	WP_243466165.1	30.000	50	35	0	303	352	1	50	0.46	29.3
MRSS_00268	WP_243466065.1	30.000	50	35	0	303	352	35	84	0.63	28.9
MRSS_00268	WP_243466057.1	30.000	50	35	0	303	352	35	84	0.63	28.9
MRSS_00268	WP_243466146.1	30.000	50	35	0	303	352	1	50	1.3	27.7
MRSS_00268	WP_011411335.1	36.111	36	23	0	768	803	32	67	3.4	26.6
MRSS_00268	WP_011409988.1	35.484	31	20	0	309	339	57	87	5.5	25.4
MRSS_00268	WP_011411302.1	61.538	13	5	0	488	500	88	100	5.8	26.2
MRSS_00268	WP_011410087.1	24.390	82	60	1	490	569	99	180	6.6	25.8
MRSS_00268	WP_011411077.1	33.333	33	22	0	48	80	122	154	7.9	26.2
MRSS_00269	WP_011410684.1	50.000	20	5	1	12	26	428	447	1.3	21.2
MRSS_00269	WP_011410204.1	79.167	24	5	0	1	24	1	24	1.4	20.8
MRSS_00269	WP_011410234.1	46.154	13	7	0	2	14	4	16	2.8	20.0
MRSS_00269	WP_011410518.1	50.000	14	7	0	15	28	344	357	5.9	19.2
MRSS_00269	WP_243466048.1	50.000	20	10	0	5	24	462	481	7.6	18.9
MRSS_00269	WP_011410366.1	46.667	15	8	0	14	28	288	302	8.3	18.9
MRSS_00269	WP_011411859.1	33.333	18	12	0	2	19	145	162	8.8	18.9
MRSS_00269	WP_011410748.1	50.000	14	7	0	12	25	5	18	9.3	18.9
MRSS_00270	WP_011410205.1	90.972	432	39	0	1	432	1	432	0.0	812
MRSS_00270	WP_011412186.1	41.935	31	18	0	307	337	257	287	0.97	27.7
MRSS_00270	WP_011410280.1	28.571	91	55	5	45	131	39	123	4.5	25.4
MRSS_00270	WP_011411104.1	38.462	26	16	0	167	192	113	138	6.7	24.6
MRSS_00270	WP_011410128.1	30.952	84	48	4	251	328	113	192	8.3	24.6
MRSS_00270	WP_011411178.1	30.909	55	38	0	280	334	248	302	8.5	25.0
MRSS_00271	WP_011410206.1	88.196	754	87	2	1	752	1	754	0.0	1353
MRSS_00271	WP_011411334.1	29.528	657	403	19	85	720	22	639	9.02e-56	199
MRSS_00271	WP_011412128.1	32.099	81	43	2	644	724	651	719	1.80e-05	44.3
MRSS_00271	WP_011410854.1	30.864	81	45	2	644	724	364	433	0.032	33.5
MRSS_00271	WP_011410854.1	42.857	35	19	1	644	678	277	310	0.14	31.6
MRSS_00271	WP_011409936.1	30.556	72	44	3	604	675	64	129	0.10	32.0
MRSS_00271	WP_011411448.1	27.778	72	51	1	696	766	4	75	0.76	28.9
MRSS_00271	WP_341532857.1	25.714	35	26	0	395	429	14	48	1.7	27.3
MRSS_00271	WP_011410680.1	24.000	175	111	6	272	425	67	240	3.1	27.3
MRSS_00271	WP_011411242.1	30.882	68	36	4	488	546	108	173	7.1	25.8
MRSS_00271	WP_050747360.1	37.838	37	23	0	50	86	14	50	7.1	25.0
MRSS_00271	WP_341532822.1	35.714	42	27	0	525	566	128	169	7.3	25.4
MRSS_00271	WP_011410601.1	35.714	42	27	0	525	566	199	240	9.2	25.4
MRSS_00271	WP_011410650.1	53.333	15	7	0	593	607	77	91	9.9	25.4
MRSS_00272	WP_011410207.1	82.645	242	42	0	1	242	1	242	7.17e-147	407
MRSS_00272	WP_011411850.1	27.426	237	170	2	5	241	130	364	2.26e-17	76.6
MRSS_00272	WP_011411994.1	35.088	57	35	1	193	247	97	153	0.002	34.3
MRSS_00272	WP_011411595.1	31.481	54	37	0	184	237	102	155	0.010	32.7
MRSS_00272	WP_011410682.1	31.373	51	35	0	127	177	113	163	0.91	26.6
MRSS_00272	WP_011411830.1	25.610	82	55	2	156	232	180	260	2.4	25.8
MRSS_00272	WP_198408731.1	25.758	66	45	1	64	129	97	158	8.0	23.5
MRSS_00272	WP_011410274.1	50.000	20	10	0	11	30	193	212	8.0	23.9
MRSS_00273	WP_011409938.1	84.421	674	105	0	1	674	1	674	0.0	1201
MRSS_00273	WP_011410206.1	57.895	19	8	0	291	309	24	42	2.3	27.3
MRSS_00273	WP_041866753.1	19.091	110	84	1	479	583	46	155	3.3	26.9
MRSS_00273	WP_011411672.1	37.143	35	21	1	216	249	82	116	8.4	25.4
MRSS_00274	WP_424141131.1	64.516	31	11	0	8	38	1	31	2.83e-08	45.4
MRSS_00274	WP_011410744.1	38.095	42	25	1	56	97	394	434	1.1	26.6
MRSS_00274	WP_003853014.1	33.333	57	36	1	196	252	91	145	1.5	26.2
MRSS_00274	WP_011412119.1	37.500	40	25	0	188	227	189	228	2.6	25.8
MRSS_00275	WP_011411943.1	48.000	25	13	0	10	34	297	321	0.98	23.1
MRSS_00275	WP_011410919.1	39.286	28	16	1	32	59	47	73	5.0	21.2
MRSS_00275	WP_011410967.1	41.379	29	15	1	30	56	5	33	5.6	21.2
MRSS_00275	WP_011411624.1	56.250	16	7	0	12	27	69	84	6.1	20.8
MRSS_00275	WP_011411618.1	40.625	32	19	0	3	34	126	157	7.6	20.8
MRSS_00276	WP_011410655.1	85.358	321	47	0	1	321	1	321	0.0	577
MRSS_00276	WP_011410674.1	21.395	215	133	9	62	250	119	323	1.7	26.6
MRSS_00276	WP_011411229.1	39.474	38	21	1	52	89	112	147	2.4	25.8
MRSS_00276	WP_011410685.1	34.545	55	29	2	266	313	14	68	3.9	25.0
MRSS_00276	WP_011412163.1	37.143	35	22	0	234	268	96	130	6.5	24.6
MRSS_00276	WP_041866687.1	25.000	28	21	0	36	63	65	92	7.0	24.3
MRSS_00276	WP_011410727.1	33.333	45	18	2	175	207	3	47	9.6	23.9
MRSS_00277	WP_243466162.1	42.308	26	14	1	1	26	40	64	1.4	21.6
MRSS_00277	WP_011411226.1	32.353	34	21	1	2	35	237	268	8.6	19.6
MRSS_00277	WP_011410460.1	46.667	15	8	0	29	43	24	38	9.3	19.6
MRSS_00278	WP_011410099.1	84.735	321	49	0	1	321	1	321	0.0	548
MRSS_00278	WP_011411975.1	24.138	58	37	1	147	197	236	293	1.6	26.6
MRSS_00278	WP_011411277.1	30.769	65	37	1	273	329	270	334	1.9	26.2
MRSS_00278	WP_148203365.1	25.000	32	24	0	11	42	96	127	3.9	24.6
MRSS_00278	WP_148203365.1	38.235	34	20	1	142	174	90	123	6.7	24.3
MRSS_00278	WP_011411109.1	50.000	20	10	0	100	119	624	643	7.5	24.6
MRSS_00278	WP_011410267.1	27.419	62	39	2	185	246	194	249	9.1	24.3
MRSS_00280	WP_011410839.1	52.941	17	8	0	28	44	7	23	2.0	22.7
MRSS_00280	WP_011411581.1	52.941	17	8	0	28	44	5	21	4.3	21.6
MRSS_00280	WP_011279205.1	37.037	27	15	1	18	42	67	93	4.7	21.2
MRSS_00280	WP_011410830.1	35.417	48	24	1	16	63	63	103	6.2	21.2
MRSS_00281	WP_011410658.1	85.323	402	59	0	1	402	1	402	0.0	722
MRSS_00281	WP_041866754.1	60.942	361	141	0	39	399	33	393	9.04e-161	454
MRSS_00281	WP_011410927.1	29.104	134	75	8	230	359	2	119	0.084	30.8
MRSS_00281	WP_011410751.1	25.373	67	48	1	326	392	359	423	2.3	26.6
MRSS_00281	WP_279379403.1	44.000	25	14	0	327	351	211	235	3.7	25.8
MRSS_00281	WP_050747461.1	28.696	115	71	3	56	169	27	131	4.8	25.4
MRSS_00281	WP_243466338.1	27.451	51	37	0	14	64	135	185	6.0	25.0
MRSS_00281	WP_011410680.1	24.444	90	50	4	159	245	261	335	8.7	24.6
MRSS_00281	WP_011410999.1	20.253	79	54	2	164	242	124	193	9.7	24.3
MRSS_00282	WP_011410657.1	83.908	87	14	0	1	87	1	87	2.01e-50	150
MRSS_00282	WP_011410208.1	34.783	23	15	0	17	39	4	26	0.34	25.0
MRSS_00282	WP_011411094.1	35.714	28	18	0	24	51	293	320	0.42	25.0
MRSS_00282	WP_011411270.1	25.532	47	35	0	17	63	95	141	1.5	23.5
MRSS_00282	WP_011411666.1	40.000	20	12	0	47	66	247	266	3.0	22.7
MRSS_00282	WP_011410881.1	30.233	43	29	1	39	80	548	590	4.3	22.3
MRSS_00282	WP_198408732.1	29.231	65	44	2	16	79	73	136	5.2	21.9
MRSS_00282	WP_041867147.1	56.250	16	7	0	20	35	141	156	7.4	21.6
MRSS_00282	WP_011411233.1	30.769	52	32	2	7	57	178	226	7.6	21.6
MRSS_00282	WP_158302322.1	50.000	20	10	0	23	42	16	35	7.7	21.6
MRSS_00282	WP_011409998.1	44.444	18	10	0	54	71	261	278	7.9	21.6
MRSS_00283	WP_424141157.1	85.279	197	29	0	22	218	1	197	1.78e-113	319
MRSS_00283	WP_041866701.1	44.000	25	14	0	117	141	38	62	1.2	25.4
MRSS_00283	WP_011410380.1	28.689	122	58	6	13	126	73	173	1.2	25.8
MRSS_00283	WP_011411901.1	16.923	65	54	0	11	75	25	89	4.6	23.9
MRSS_00283	WP_011411739.1	45.161	31	15	1	183	211	376	406	4.7	24.3
MRSS_00283	WP_011410298.1	41.379	29	17	0	181	209	140	168	5.4	24.3
MRSS_00284	WP_011410348.1	88.660	194	22	0	1	194	1	194	8.01e-128	354
MRSS_00284	WP_011410088.1	38.554	166	97	3	29	190	26	190	5.45e-36	121
MRSS_00284	WP_011411574.1	40.625	32	19	0	125	156	183	214	0.033	30.8
MRSS_00284	WP_011410117.1	32.759	58	34	2	28	83	156	210	2.8	24.6
MRSS_00284	WP_011412013.1	50.000	18	9	0	55	72	355	372	3.1	24.6
MRSS_00284	WP_050747798.1	40.625	32	19	0	11	42	67	98	4.0	23.9
MRSS_00284	WP_011411086.1	28.261	46	26	1	141	179	539	584	8.5	23.5
MRSS_00284	WP_041866876.1	28.070	57	40	1	4	60	175	230	9.2	23.5
MRSS_00284	WP_011410687.1	25.000	64	47	1	18	80	207	270	9.9	23.1
MRSS_00285	WP_011411434.1	87.500	400	50	0	1	400	1	400	0.0	741
MRSS_00285	WP_041866844.1	26.087	69	51	0	11	79	6	74	0.070	29.6
MRSS_00285	WP_011410001.1	24.359	78	50	3	300	371	51	125	0.21	28.9
MRSS_00285	WP_011410380.1	26.966	89	52	3	30	105	3	91	0.22	29.3
MRSS_00285	WP_011410587.1	20.833	48	38	0	132	179	64	111	0.62	28.5
MRSS_00285	WP_011412065.1	37.838	37	23	0	320	356	93	129	3.0	25.8
MRSS_00285	WP_011279171.1	36.667	30	19	0	162	191	52	81	3.5	25.4
MRSS_00285	WP_011412234.1	31.579	76	41	3	213	281	48	119	6.2	25.0
MRSS_00285	WP_011410044.1	39.130	23	14	0	1	23	1	23	6.6	25.0
MRSS_00285	WP_243466213.1	27.536	69	41	2	275	334	90	158	7.3	24.6
MRSS_00285	WP_424141147.1	29.545	44	27	2	75	118	81	120	7.9	23.9
MRSS_00285	WP_011410410.1	43.243	37	18	2	246	281	193	227	8.5	24.6
MRSS_00285	WP_243466229.1	27.536	69	41	2	275	334	102	170	8.6	24.3
MRSS_00286	WP_011411435.1	81.767	713	125	1	1	708	1	713	0.0	1192
MRSS_00286	WP_011412006.1	34.545	55	35	1	364	418	175	228	0.89	28.5
MRSS_00286	WP_011411792.1	40.816	49	20	2	418	458	35	82	1.5	28.1
MRSS_00286	WP_158302435.1	61.538	13	5	0	233	245	24	36	5.5	23.5
MRSS_00286	WP_011411648.1	33.333	36	24	0	451	486	14	49	6.2	25.0
MRSS_00286	WP_011410231.1	24.658	73	52	1	79	151	50	119	8.0	25.0
MRSS_00287	WP_011409999.1	95.733	1406	60	0	1	1406	1	1406	0.0	2761
MRSS_00287	WP_011411941.1	31.148	61	36	1	625	685	634	688	0.46	30.8
MRSS_00287	WP_011410039.1	33.333	75	43	3	463	536	144	212	1.6	28.9
MRSS_00287	WP_011410697.1	32.143	56	34	1	206	257	396	451	1.9	28.9
MRSS_00287	WP_011410750.1	52.632	19	9	0	227	245	135	153	2.6	28.1
MRSS_00287	WP_011409998.1	68.750	16	5	0	1201	1216	774	789	3.7	28.1
MRSS_00287	WP_011412211.1	36.170	47	28	1	903	947	54	100	3.9	27.7
MRSS_00287	WP_011411435.1	29.688	64	43	1	1283	1344	54	117	4.4	27.7
MRSS_00287	WP_011411734.1	28.750	80	39	2	1104	1165	142	221	6.7	26.9
MRSS_00287	WP_011410902.1	29.787	47	24	2	1191	1228	149	195	7.1	26.9
MRSS_00287	WP_083764964.1	38.462	39	20	1	311	349	107	141	8.6	26.6
MRSS_00287	WP_011410964.1	26.154	65	46	1	183	247	89	151	8.7	26.6
MRSS_00287	WP_011411865.1	22.892	83	59	3	511	592	144	222	9.2	26.6
MRSS_00287	WP_011411683.1	32.653	49	33	0	842	890	188	236	9.8	26.2
MRSS_00288	WP_011409998.1	95.231	1342	64	0	1	1342	1	1342	0.0	2626
MRSS_00288	WP_083764905.1	31.746	63	39	2	856	915	48	109	0.25	30.4
MRSS_00288	WP_011410276.1	29.688	64	40	3	248	307	143	205	0.39	30.8
MRSS_00288	WP_011410536.1	22.819	149	79	5	177	314	450	573	1.9	28.9
MRSS_00288	WP_011409999.1	68.750	16	5	0	774	789	1201	1216	2.9	28.5
MRSS_00288	WP_011410730.1	29.545	44	31	0	1185	1228	239	282	6.3	26.9
MRSS_00288	WP_011410225.1	60.870	23	9	0	1133	1155	64	86	7.6	26.6
MRSS_00288	WP_011410945.1	29.787	47	33	0	828	874	157	203	9.1	26.6
MRSS_00289	WP_011409997.1	86.885	122	16	0	1	122	1	122	6.37e-56	166
MRSS_00289	WP_011411317.1	39.394	33	20	0	81	113	139	171	1.5	24.6
MRSS_00289	WP_243466129.1	31.111	45	31	0	46	90	32	76	1.7	24.3
MRSS_00289	WP_011410220.1	36.170	47	28	2	68	113	338	383	1.9	24.3
MRSS_00289	WP_011411658.1	25.862	58	40	1	27	81	149	206	2.8	23.9
MRSS_00289	WP_011410212.1	33.333	48	27	2	75	121	12	55	7.2	22.3
MRSS_00289	WP_011411404.1	29.412	34	24	0	60	93	234	267	8.7	22.3
MRSS_00290	WP_011409996.1	92.727	165	12	0	1	165	1	165	6.81e-110	306
MRSS_00290	WP_011410875.1	29.787	47	33	0	111	157	40	86	0.60	26.6
MRSS_00290	WP_050747796.1	28.846	52	34	1	37	88	3	51	4.1	23.1
MRSS_00291	WP_011409995.1	88.462	234	27	0	1	234	1	234	3.68e-147	406
MRSS_00291	WP_011410002.1	32.258	62	29	3	70	118	240	301	0.054	30.4
MRSS_00291	WP_011411297.1	30.000	50	29	1	64	113	450	493	0.30	28.5
MRSS_00291	WP_011412093.1	43.750	16	9	0	129	144	5	20	1.1	25.8
MRSS_00291	WP_158302470.1	30.556	36	25	0	11	46	94	129	3.1	24.6
MRSS_00291	WP_011411599.1	39.024	41	24	1	39	79	68	107	3.2	25.0
MRSS_00291	WP_341532818.1	25.455	55	27	1	124	178	34	74	4.8	23.5
MRSS_00291	WP_011410039.1	39.130	23	14	0	122	144	134	156	6.1	24.3
MRSS_00291	WP_243466014.1	28.125	64	41	1	127	190	106	164	8.1	23.9
MRSS_00291	WP_011410756.1	28.571	49	23	2	137	173	416	464	9.1	23.5
MRSS_00292	WP_011409994.1	92.958	142	10	0	1	142	1	142	2.73e-95	268
MRSS_00292	WP_041866643.1	46.667	30	14	1	15	42	589	618	0.15	28.1
MRSS_00292	WP_011411673.1	42.857	35	18	2	17	51	237	269	0.38	26.6
MRSS_00292	WP_011411618.1	39.024	41	24	1	14	54	135	174	0.89	25.8
MRSS_00292	WP_011410461.1	22.642	53	38	1	28	80	31	80	3.8	23.5
MRSS_00293	WP_009639145.1	95.028	181	9	0	1	181	1	181	1.01e-126	350
MRSS_00293	WP_050747758.1	32.000	50	30	1	122	171	33	78	0.30	27.3
MRSS_00293	WP_011411258.1	39.286	28	17	0	49	76	375	402	0.94	26.2
MRSS_00293	WP_011411764.1	42.308	26	14	1	151	176	47	71	1.0	25.8
MRSS_00293	WP_083764732.1	24.638	69	48	2	58	123	46	113	1.1	25.4
MRSS_00293	WP_011411600.1	29.730	37	26	0	31	67	12	48	1.9	24.6
MRSS_00293	WP_011410107.1	30.000	30	18	1	99	125	119	148	2.2	25.0
MRSS_00293	WP_011410293.1	37.037	27	17	0	113	139	40	66	3.1	24.6
MRSS_00293	WP_011409980.1	22.727	154	90	8	9	154	4	136	3.3	24.3
MRSS_00293	WP_011411137.1	30.000	80	33	4	86	154	279	346	4.0	24.3
MRSS_00293	WP_011279223.1	30.000	40	28	0	34	73	165	204	6.2	23.5
MRSS_00293	WP_011411436.1	50.000	14	7	0	56	69	55	68	6.4	23.5
MRSS_00293	WP_243465983.1	28.302	53	33	1	28	80	2	49	7.5	21.9
MRSS_00293	WP_050747588.1	36.364	33	20	1	106	138	53	84	7.5	22.3
MRSS_00293	WP_011410633.1	25.610	82	59	1	70	151	157	236	8.0	23.1
MRSS_00293	WP_011410860.1	35.484	31	19	1	86	116	191	220	8.9	23.1
MRSS_00293	WP_011410569.1	28.125	64	43	1	56	116	24	87	9.7	23.1
MRSS_00294	WP_011409993.1	81.890	127	23	0	1	127	1	127	1.34e-65	191
MRSS_00294	WP_011411171.1	21.429	112	73	2	14	124	33	130	0.55	26.2
MRSS_00294	WP_011410201.1	34.043	47	31	0	68	114	250	296	1.7	24.6
MRSS_00294	WP_011410527.1	38.095	42	24	2	1	42	69	108	3.7	23.1
MRSS_00294	WP_011412119.1	32.877	73	42	2	28	93	83	155	3.9	23.5
MRSS_00294	WP_011410366.1	26.744	86	52	3	33	107	53	138	8.0	22.3
MRSS_00295	WP_011409992.1	95.178	394	19	0	1	394	1	394	0.0	741
MRSS_00295	WP_011410495.1	27.019	322	189	10	7	297	22	328	9.01e-22	93.2
MRSS_00295	WP_011412040.1	28.512	242	156	5	14	246	7	240	1.42e-16	77.8
MRSS_00295	WP_011410255.1	28.846	208	123	7	18	207	19	219	1.54e-11	62.0
MRSS_00295	WP_011411613.1	24.242	330	200	11	14	332	6	296	1.62e-11	62.0
MRSS_00295	WP_011410240.1	39.623	106	48	3	15	120	398	487	4.11e-10	57.8
MRSS_00295	WP_011412092.1	25.786	159	96	5	12	155	10	161	1.76e-08	52.4
MRSS_00295	WP_011411923.1	36.735	49	25	1	328	376	533	575	1.1	27.7
MRSS_00295	WP_011410967.1	27.586	58	39	1	99	153	263	320	1.9	26.6
MRSS_00295	WP_011410124.1	34.375	32	21	0	101	132	145	176	4.2	25.8
MRSS_00295	WP_041866592.1	44.444	18	7	1	200	214	23	40	4.2	24.3
MRSS_00295	WP_011411371.1	31.250	32	21	1	53	83	76	107	5.4	24.6
MRSS_00295	WP_011409972.1	29.310	58	37	2	61	114	107	164	6.0	25.0
MRSS_00295	WP_011410418.1	35.385	65	21	4	13	58	391	453	7.6	24.6
MRSS_00300	WP_011409991.1	90.506	316	30	0	43	358	1	316	0.0	593
MRSS_00300	WP_011410834.1	26.752	157	92	4	124	274	2	141	7.15e-08	48.9
MRSS_00300	WP_083764685.1	25.373	67	49	1	53	118	83	149	0.24	28.9
MRSS_00300	WP_011410703.1	28.571	42	30	0	54	95	397	438	0.30	29.3
MRSS_00300	WP_011410283.1	38.462	39	23	1	45	82	479	517	3.7	25.8
MRSS_00300	WP_011410434.1	43.478	23	13	0	131	153	4	26	4.2	25.0
MRSS_00300	WP_011411969.1	31.148	61	25	3	251	300	170	224	10.0	24.3
MRSS_00301	WP_011411619.1	81.651	436	80	0	1	436	1	436	0.0	741
MRSS_00301	WP_011410774.1	38.083	386	234	3	6	388	3	386	9.45e-81	254
MRSS_00301	WP_011410246.1	36.869	396	239	5	4	398	6	391	4.26e-77	249
MRSS_00301	WP_011412194.1	36.524	397	239	7	1	389	6	397	1.96e-73	233
MRSS_00301	WP_011412144.1	23.464	358	223	15	23	360	22	348	1.97e-10	58.9
MRSS_00301	WP_041866989.1	24.044	366	218	19	27	358	75	414	0.002	37.0
MRSS_00301	WP_011410293.1	29.577	71	49	1	275	344	532	602	0.002	36.6
MRSS_00301	WP_011410935.1	24.860	358	210	15	19	351	593	916	0.009	34.7
MRSS_00301	WP_011410777.1	55.000	20	9	0	42	61	48	67	0.59	28.9
MRSS_00301	WP_011410673.1	37.838	37	22	1	20	55	113	149	0.68	28.5
MRSS_00301	WP_011411978.1	25.000	104	61	2	297	383	530	633	0.83	28.1
MRSS_00301	WP_011411978.1	31.868	91	34	5	5	68	153	242	7.2	25.4
MRSS_00301	WP_011410768.1	23.834	193	114	6	179	341	355	544	1.4	27.3
MRSS_00301	WP_011410825.1	30.769	39	27	0	152	190	426	464	2.7	26.6
MRSS_00301	WP_158302469.1	36.000	25	16	0	162	186	33	57	4.9	23.5
MRSS_00301	WP_011410535.1	23.256	86	61	2	43	128	114	194	5.6	25.4
MRSS_00301	WP_243466095.1	26.190	42	31	0	74	115	12	53	6.6	24.3
MRSS_00301	WP_011411408.1	33.333	30	20	0	429	458	107	136	7.1	25.0
MRSS_00301	WP_011412122.1	40.000	25	15	0	147	171	6	30	8.5	24.6
MRSS_00301	WP_011410891.1	30.667	75	43	3	37	110	204	270	9.5	25.0
MRSS_00302	WP_011410661.1	64.474	76	27	0	1	76	16	91	1.39e-28	96.7
MRSS_00302	WP_011410862.1	34.783	23	15	0	5	27	382	404	0.28	25.4
MRSS_00302	WP_011279167.1	53.846	13	6	0	5	17	45	57	2.9	21.9
MRSS_00302	WP_011410703.1	27.586	29	21	0	31	59	166	194	3.3	22.3
MRSS_00302	WP_011410956.1	30.952	42	21	1	5	46	131	164	3.3	22.3
MRSS_00302	WP_158302423.1	47.619	21	11	0	6	26	191	211	3.6	22.3
MRSS_00302	WP_011411580.1	34.483	29	19	0	13	41	196	224	4.5	21.9
MRSS_00302	WP_011411236.1	55.556	18	8	0	20	37	84	101	4.6	21.9
MRSS_00302	WP_011410334.1	38.462	26	16	0	29	54	7	32	6.0	21.2
MRSS_00302	WP_041867082.1	42.857	21	12	0	42	62	11	31	7.4	20.8
MRSS_00302	WP_011410955.1	29.167	48	31	1	15	62	31	75	9.0	21.2
MRSS_00302	WP_011411168.1	46.154	13	7	0	7	19	105	117	9.6	20.8
MRSS_00303	WP_011410660.1	91.956	634	51	0	1	634	1	634	0.0	1207
MRSS_00303	WP_011410416.1	26.139	505	290	20	59	540	63	507	5.02e-29	118
MRSS_00303	WP_011412119.1	21.162	241	130	7	272	506	427	613	2.24e-06	47.0
MRSS_00303	WP_279379468.1	25.000	68	51	0	547	614	54	121	0.81	28.1
MRSS_00303	WP_041867267.1	46.429	28	10	1	234	256	25	52	0.88	27.3
MRSS_00303	WP_341532829.1	25.926	54	34	1	361	408	17	70	3.0	25.0
MRSS_00303	WP_011410557.1	39.394	33	18	1	480	512	239	269	4.2	26.2
MRSS_00303	WP_011411225.1	28.571	63	39	2	413	470	181	242	4.4	26.2
MRSS_00303	WP_041866973.1	29.730	37	26	0	396	432	15	51	4.7	25.4
MRSS_00303	WP_011409885.1	30.000	80	43	3	249	323	36	107	5.6	25.4
MRSS_00304	WP_011410659.1	94.595	370	20	0	1	370	1	370	0.0	635
MRSS_00304	WP_011410421.1	31.387	274	180	4	97	365	119	389	1.77e-39	141
MRSS_00304	WP_011412154.1	34.783	46	28	1	37	80	409	454	2.2	26.6
MRSS_00304	WP_011411443.1	50.000	22	11	0	217	238	64	85	8.6	24.3
MRSS_00305	WP_011410743.1	78.818	203	40	1	1	200	1	203	8.55e-113	317
MRSS_00305	WP_011410640.1	33.333	36	23	1	14	49	1	35	2.6	24.3
MRSS_00305	WP_011410381.1	40.741	27	16	0	159	185	98	124	5.2	23.9
MRSS_00305	WP_011411728.1	50.000	26	12	1	95	119	88	113	5.4	23.9
MRSS_00305	WP_041866630.1	36.667	30	19	0	11	40	42	71	7.3	23.1
MRSS_00305	WP_011410811.1	23.404	47	34	1	58	102	217	263	7.3	23.5
MRSS_00305	WP_243466193.1	43.478	23	13	0	101	123	72	94	8.5	23.1
MRSS_00305	WP_011410355.1	25.316	79	49	3	129	197	605	683	9.5	23.5
MRSS_00308	WP_243466102.1	36.364	22	14	0	31	52	65	86	2.6	21.9
MRSS_00308	WP_011410325.1	52.941	17	8	0	42	58	77	93	3.6	21.9
MRSS_00308	WP_243466099.1	42.857	21	12	0	17	37	182	202	4.5	21.6
MRSS_00308	WP_011410742.1	55.556	9	4	0	57	65	610	618	6.6	21.2
MRSS_00308	WP_424141121.1	30.000	50	33	2	2	50	10	58	8.5	20.4
MRSS_00308	WP_011410931.1	42.857	21	10	1	45	65	246	264	8.9	20.8
MRSS_00312	WP_011411651.1	82.230	574	100	1	1	572	1	574	0.0	981
MRSS_00312	WP_011411239.1	28.244	131	92	2	36	165	260	389	2.43e-10	59.3
MRSS_00312	WP_198408768.1	25.962	104	64	3	45	137	8	109	0.28	29.3
MRSS_00312	WP_011410745.1	30.357	56	35	1	104	155	232	287	1.7	27.3
MRSS_00312	WP_050747654.1	33.333	33	22	0	99	131	130	162	3.7	26.2
MRSS_00312	WP_050747703.1	34.615	52	28	3	215	264	5	52	5.9	24.3
MRSS_00312	WP_041867036.1	42.857	28	16	0	157	184	40	67	7.9	25.0
MRSS_00312	WP_011279158.1	26.316	57	40	1	33	87	48	104	9.7	24.6
MRSS_00313	WP_011410229.1	83.106	367	62	0	1	367	1	367	0.0	610
MRSS_00313	WP_011411826.1	31.496	127	64	2	163	266	6	132	6.30e-13	65.5
MRSS_00313	WP_011410201.1	28.682	129	86	3	162	289	198	321	1.56e-06	45.8
MRSS_00313	WP_011411580.1	24.432	176	112	8	162	328	203	366	0.091	30.8
MRSS_00313	WP_011411580.1	30.682	88	56	4	162	246	5	90	0.73	28.1
MRSS_00313	WP_011411610.1	33.333	57	36	2	162	217	11	66	1.1	27.3
MRSS_00313	WP_011410263.1	37.500	32	20	0	149	180	22	53	1.5	26.9
MRSS_00313	WP_011412233.1	25.000	164	100	6	162	321	219	363	2.9	26.2
MRSS_00313	WP_341532866.1	83.333	12	2	0	74	85	60	71	4.8	24.6
MRSS_00313	WP_011410747.1	42.857	21	12	0	178	198	113	133	6.7	24.6
MRSS_00313	WP_011411111.1	44.444	27	11	1	248	274	230	252	7.8	24.6
MRSS_00313	WP_011412104.1	28.846	52	26	1	152	203	331	371	8.1	24.6
MRSS_00314	WP_011411307.1	82.251	462	82	0	1	462	1	462	0.0	777
MRSS_00314	WP_050747421.1	23.333	60	31	2	361	420	20	64	1.4	26.9
MRSS_00314	WP_011410742.1	27.368	95	54	3	9	100	83	165	3.6	26.2
MRSS_00314	WP_011410283.1	24.719	89	45	2	285	351	207	295	4.3	26.2
MRSS_00314	WP_011411927.1	32.143	56	31	1	325	373	169	224	5.6	25.4
MRSS_00314	WP_011412040.1	34.884	43	25	1	286	328	467	506	6.0	25.4
MRSS_00314	WP_011411705.1	32.653	49	33	0	154	202	436	484	6.6	25.4
MRSS_00315	WP_011411308.1	84.706	510	78	0	1	510	1	510	0.0	867
MRSS_00315	WP_011410283.1	25.532	47	35	0	267	313	73	119	0.34	29.6
MRSS_00315	WP_041866723.1	32.558	43	29	0	21	63	53	95	1.0	26.6
MRSS_00315	WP_041867655.1	30.000	60	39	2	309	367	416	473	2.9	26.6
MRSS_00315	WP_011410634.1	35.484	31	20	0	280	310	60	90	3.0	25.8
MRSS_00315	WP_011411542.1	26.613	124	75	4	164	287	81	188	3.2	26.6
MRSS_00315	WP_011410323.1	37.500	32	20	0	181	212	23	54	3.6	24.6
MRSS_00315	WP_011411533.1	28.571	77	40	4	296	371	92	154	5.0	25.8
MRSS_00315	WP_041867086.1	32.692	52	31	1	102	153	12	59	5.0	23.9
MRSS_00315	WP_011410420.1	34.375	32	21	0	167	198	8	39	5.7	25.8
MRSS_00315	WP_011410103.1	33.333	54	31	2	340	393	107	155	8.5	25.0
MRSS_00316	WP_011411403.1	77.576	165	37	0	24	188	1	165	1.09e-91	265
MRSS_00316	WP_011410766.1	25.000	108	76	1	77	184	40	142	7.27e-05	38.5
MRSS_00316	WP_011410015.1	34.328	67	41	2	69	134	142	206	0.009	32.3
MRSS_00316	WP_011409974.1	23.404	141	102	5	51	187	30	168	0.10	28.9
MRSS_00316	WP_050747903.1	25.217	115	77	3	85	192	24	136	0.21	28.1
MRSS_00316	WP_011410252.1	23.364	107	72	3	87	186	197	300	0.26	28.1
MRSS_00316	WP_011412197.1	27.957	93	57	2	60	145	9	98	0.34	27.7
MRSS_00316	WP_011410752.1	46.154	26	14	0	91	116	57	82	0.52	27.3
MRSS_00316	WP_011411082.1	27.536	69	42	4	88	151	57	122	0.76	26.6
MRSS_00316	WP_011410124.1	20.690	116	82	3	58	166	25	137	1.2	26.2
MRSS_00316	WP_050747938.1	22.222	54	36	1	144	191	275	328	1.3	25.8
MRSS_00316	WP_011410676.1	22.308	130	90	3	59	188	182	300	1.6	25.8
MRSS_00316	WP_243466275.1	37.500	24	15	0	171	194	24	47	2.5	24.6
MRSS_00316	WP_243466199.1	39.130	23	14	0	6	28	7	29	2.9	23.1
MRSS_00316	WP_011411081.1	22.047	127	76	3	75	189	110	225	4.1	24.3
MRSS_00316	WP_011410513.1	38.889	36	19	2	156	189	132	166	5.5	23.5
MRSS_00317	WP_011410671.1	28.384	229	156	3	283	506	55	280	2.67e-21	90.5
MRSS_00317	WP_041866639.1	25.182	274	185	7	252	510	153	421	2.59e-14	71.2
MRSS_00317	WP_158302396.1	29.060	117	68	6	379	489	43	150	1.1	27.7
MRSS_00317	WP_083764631.1	40.000	55	32	1	66	120	23	76	2.1	25.4
MRSS_00317	WP_011412075.1	38.462	26	16	0	36	61	54	79	5.2	24.6
MRSS_00317	WP_011411856.1	30.000	30	21	0	378	407	35	64	5.7	25.4
MRSS_00317	WP_011410773.1	32.432	74	43	4	328	400	138	205	7.3	25.0
MRSS_00317	WP_011412071.1	43.243	37	20	1	343	379	109	144	7.5	24.6
MRSS_00318	WP_011411155.1	83.851	322	49	1	1	319	1	322	0.0	532
MRSS_00318	WP_011412232.1	30.400	125	83	3	9	133	14	134	4.30e-12	59.3
MRSS_00318	WP_011412231.1	23.188	138	104	1	160	295	3	140	2.46e-11	57.4
MRSS_00318	WP_424141130.1	35.632	87	51	2	45	129	12	95	2.78e-11	56.2
MRSS_00318	WP_011410796.1	25.806	93	57	2	214	306	200	280	0.42	28.5
MRSS_00318	WP_011409886.1	28.571	70	42	2	145	214	49	110	1.1	26.2
MRSS_00318	WP_279379445.1	29.412	51	36	0	3	53	94	144	2.3	25.4
MRSS_00318	WP_011410253.1	34.615	52	27	2	176	224	14	61	3.7	24.6
MRSS_00318	WP_011411197.1	24.590	61	39	1	215	268	241	301	4.0	25.4
MRSS_00318	WP_011411635.1	29.268	41	28	1	157	196	18	58	4.4	25.0
MRSS_00318	WP_041866482.1	28.571	77	45	4	68	141	36	105	6.3	24.6
MRSS_00319	WP_011411154.1	89.850	266	27	0	1	266	1	266	1.92e-159	440
MRSS_00319	WP_041867299.1	26.761	213	154	1	30	240	28	240	4.26e-26	99.4
MRSS_00319	WP_011411635.1	37.500	40	19	1	59	92	187	226	0.32	28.5
MRSS_00319	WP_341532854.1	23.423	111	70	2	115	225	12	107	0.37	27.3
MRSS_00319	WP_083764919.1	44.000	25	14	0	107	131	73	97	3.9	25.0
MRSS_00319	WP_011410524.1	30.508	59	30	1	85	143	132	179	4.2	25.0
MRSS_00319	WP_011410751.1	28.571	28	20	0	182	209	360	387	5.5	24.6
MRSS_00319	WP_011409990.1	41.026	39	20	1	73	108	181	219	8.9	23.9
MRSS_00320	WP_041866928.1	90.426	282	27	0	1	282	1	282	0.0	509
MRSS_00320	WP_041866583.1	22.388	67	52	0	63	129	27	93	1.2	25.8
MRSS_00320	WP_011410567.1	55.556	18	8	0	90	107	60	77	2.5	25.4
MRSS_00320	WP_011410856.1	38.462	26	16	0	174	199	134	159	4.4	25.0
MRSS_00320	WP_083764726.1	20.588	102	61	3	64	158	1	89	5.2	24.6
MRSS_00320	WP_011410193.1	25.000	64	44	2	28	91	18	77	6.1	24.3
MRSS_00320	WP_041866741.1	56.250	16	7	0	116	131	12	27	9.3	23.9
MRSS_00320	WP_041866867.1	41.379	29	13	1	49	73	38	66	9.4	22.7
MRSS_00320	WP_011411401.1	26.230	61	27	2	80	137	900	945	9.5	23.9
MRSS_00320	WP_011409989.1	50.000	22	11	0	230	251	96	117	9.8	23.9
MRSS_00320	WP_011411239.1	33.333	36	17	1	157	192	213	241	9.8	23.9
MRSS_00321	WP_011410737.1	87.847	757	92	0	1	757	1	757	0.0	1368
MRSS_00321	WP_041866643.1	40.767	417	221	10	7	414	9	408	2.16e-83	280
MRSS_00321	WP_041866643.1	42.138	318	179	2	421	733	531	848	5.94e-79	267
MRSS_00321	WP_011410535.1	25.000	336	171	13	442	710	59	380	2.33e-07	50.1
MRSS_00321	WP_011410535.1	37.363	91	37	5	205	288	112	189	0.038	33.1
MRSS_00321	WP_011411981.1	33.333	69	32	2	488	553	52	109	7.51e-04	38.9
MRSS_00321	WP_011411981.1	60.000	20	8	0	207	226	52	71	3.7	26.9
MRSS_00321	WP_011411091.1	24.000	225	125	8	463	686	39	218	0.002	37.0
MRSS_00321	WP_011410536.1	28.125	128	76	5	489	605	352	474	0.012	35.0
MRSS_00321	WP_011410234.1	30.769	91	48	4	209	296	189	267	0.020	34.3
MRSS_00321	WP_011412117.1	34.615	52	27	2	488	539	6	50	0.029	32.7
MRSS_00321	WP_011412117.1	48.000	25	13	0	205	229	4	28	9.4	25.0
MRSS_00321	WP_011410744.1	27.206	136	72	5	186	321	34	142	0.67	29.3
MRSS_00321	WP_011410354.1	27.419	62	37	1	629	690	243	296	0.79	28.9
MRSS_00321	WP_050747713.1	33.333	66	34	4	125	188	40	97	0.85	28.5
MRSS_00321	WP_011410552.1	30.357	56	31	1	458	513	18	65	2.1	27.7
MRSS_00321	WP_011411319.1	32.075	53	31	2	194	241	211	263	3.6	26.9
MRSS_00321	WP_011279225.1	22.472	89	65	2	592	678	112	198	4.1	26.6
MRSS_00321	WP_011412043.1	23.894	113	62	4	186	285	141	242	4.3	26.6
MRSS_00321	WP_011410171.1	26.596	94	58	4	113	200	94	182	4.3	26.6
MRSS_00321	WP_041866898.1	22.093	86	64	2	648	731	1	85	4.5	25.0
MRSS_00321	WP_011411253.1	35.714	42	27	0	478	519	19	60	4.9	26.2
MRSS_00321	WP_011411298.1	25.806	93	50	3	530	616	135	214	5.0	26.2
MRSS_00321	WP_083765040.1	50.000	18	9	0	61	78	1	18	7.7	25.8
MRSS_00321	WP_041866755.1	23.256	86	63	2	648	731	1	85	8.8	24.3
MRSS_00322	WP_011411744.1	89.385	358	38	0	1	358	1	358	0.0	669
MRSS_00322	WP_011411792.1	35.294	51	24	2	93	143	140	181	1.7	26.6
MRSS_00322	WP_011410493.1	37.778	45	19	1	54	89	119	163	2.4	26.2
MRSS_00322	WP_011410333.1	23.529	102	63	3	200	289	231	329	2.8	25.8
MRSS_00322	WP_011411571.1	39.286	28	17	0	115	142	177	204	4.1	25.4
MRSS_00322	WP_011412137.1	27.500	40	22	1	97	136	215	247	5.6	25.0
MRSS_00322	WP_011411593.1	37.838	37	21	1	246	280	336	372	5.8	25.0
MRSS_00323	WP_011411745.1	86.563	387	52	0	1	387	1	387	0.0	677
MRSS_00323	WP_011411226.1	34.615	52	28	2	239	284	206	257	0.30	29.3
MRSS_00323	WP_011411243.1	23.810	147	74	5	256	366	178	322	1.3	27.3
MRSS_00323	WP_011411243.1	25.397	63	40	1	4	66	62	117	9.3	24.6
MRSS_00323	WP_011410999.1	32.759	58	34	3	19	74	64	118	1.9	26.6
MRSS_00323	WP_011412222.1	27.083	96	49	4	253	336	322	408	2.5	26.6
MRSS_00323	WP_011411888.1	27.711	83	52	3	185	263	13	91	2.5	26.2
MRSS_00323	WP_011410919.1	38.298	47	21	2	152	190	91	137	2.6	26.2
MRSS_00323	WP_011412211.1	28.571	84	51	2	134	217	5	79	3.1	26.2
MRSS_00323	WP_011411003.1	31.373	51	33	1	186	234	123	173	3.5	25.4
MRSS_00323	WP_011411810.1	30.000	80	50	4	49	124	189	266	4.0	25.4
MRSS_00323	WP_198408739.1	41.667	24	14	0	157	180	7	30	6.9	24.6
MRSS_00323	WP_011409982.1	43.750	32	16	1	179	210	100	129	8.6	24.3
MRSS_00324	WP_011412045.1	82.673	202	35	0	3	204	1	202	6.99e-129	358
MRSS_00324	WP_011411580.1	20.115	174	132	4	30	200	201	370	1.05e-04	38.9
MRSS_00324	WP_011411580.1	42.857	35	19	1	32	66	5	38	0.081	30.0
MRSS_00324	WP_011411610.1	22.652	181	117	6	32	198	11	182	0.001	35.0
MRSS_00324	WP_011410176.1	28.431	102	53	6	34	123	211	304	0.048	30.4
MRSS_00324	WP_011411279.1	48.148	27	14	0	23	49	29	55	0.074	30.0
MRSS_00324	WP_011410856.1	51.852	27	13	0	24	50	364	390	0.10	29.6
MRSS_00324	WP_011410294.1	36.364	33	21	0	19	51	15	47	0.16	28.5
MRSS_00324	WP_011412233.1	34.211	38	24	1	29	66	216	252	0.25	28.5
MRSS_00324	WP_011411966.1	27.419	62	24	2	2	42	99	160	1.3	26.2
MRSS_00324	WP_011410201.1	26.154	130	81	7	32	153	198	320	1.9	25.4
MRSS_00324	WP_011410205.1	31.034	29	20	0	7	35	169	197	1.9	25.4
MRSS_00324	WP_041867326.1	42.308	26	15	0	26	51	24	49	3.4	24.6
MRSS_00324	WP_011411719.1	28.846	52	34	1	157	208	22	70	3.5	24.6
MRSS_00324	WP_011410881.1	33.333	33	22	0	20	52	20	52	3.7	24.6
MRSS_00324	WP_011410416.1	25.000	48	32	1	165	208	161	208	4.6	24.3
MRSS_00324	WP_041866745.1	37.143	35	22	0	124	158	51	85	5.2	23.5
MRSS_00324	WP_243466039.1	32.432	37	25	0	154	190	8	44	5.5	23.1
MRSS_00324	WP_041867290.1	39.130	23	14	0	70	92	49	71	6.0	23.1
MRSS_00324	WP_041866834.1	36.364	22	14	0	105	126	37	58	6.9	22.3
MRSS_00324	WP_070108754.1	30.000	40	28	0	168	207	163	202	7.0	23.9
MRSS_00324	WP_011411958.1	45.000	20	11	0	128	147	300	319	8.5	23.5
MRSS_00325	WP_011410073.1	82.828	99	17	0	1	99	1	99	2.87e-56	166
MRSS_00325	WP_011410623.1	44.444	36	20	0	26	61	36	71	0.54	25.0
MRSS_00325	WP_011410713.1	40.000	30	18	0	28	57	872	901	0.93	25.0
MRSS_00325	WP_011410393.1	29.762	84	35	4	1	69	357	431	2.1	23.9
MRSS_00325	WP_011411655.1	33.333	48	26	2	10	52	98	144	2.3	23.5
MRSS_00325	WP_011412222.1	44.118	34	16	1	35	68	17	47	3.5	23.1
MRSS_00325	WP_011412222.1	19.192	99	72	1	8	106	89	179	8.0	22.3
MRSS_00325	WP_050747604.1	36.111	36	21	1	5	40	73	106	3.6	23.1
MRSS_00325	WP_011410802.1	33.333	30	20	0	30	59	98	127	4.1	23.1
MRSS_00325	WP_011410262.1	33.333	48	24	2	24	63	299	346	7.5	22.3
MRSS_00325	WP_011411688.1	31.250	32	22	0	13	44	229	260	8.7	21.9
MRSS_00326	WP_011410072.1	83.962	212	33	1	1	212	1	211	4.99e-133	369
MRSS_00326	WP_011411402.1	61.111	18	7	0	46	63	490	507	0.77	26.9
MRSS_00326	WP_050747960.1	64.286	14	5	0	90	103	64	77	1.6	25.8
MRSS_00326	WP_011410824.1	36.111	36	23	0	175	210	69	104	1.9	25.4
MRSS_00326	WP_011410001.1	35.714	42	19	1	157	198	67	100	3.2	24.3
MRSS_00326	WP_050747897.1	33.333	45	23	1	78	115	61	105	7.4	23.5
MRSS_00326	WP_011411401.1	39.286	28	17	0	161	188	869	896	7.4	23.9
MRSS_00327	WP_011410071.1	86.525	141	19	0	1	141	14	154	1.21e-87	249
MRSS_00327	WP_011410121.1	28.571	35	25	0	39	73	286	320	3.0	24.3
MRSS_00327	WP_011410931.1	31.481	54	37	0	91	144	30	83	3.1	23.9
MRSS_00327	WP_011410883.1	40.000	25	15	0	34	58	295	319	3.3	24.3
MRSS_00327	WP_041867717.1	31.579	38	23	1	110	144	125	162	3.5	23.9
MRSS_00327	WP_011411969.1	25.490	51	31	2	57	106	154	198	3.7	23.9
MRSS_00327	WP_158302428.1	36.364	33	21	0	23	55	36	68	7.1	21.9
MRSS_00328	WP_011410070.1	91.923	260	21	0	1	260	1	260	5.36e-175	479
MRSS_00328	WP_011411958.1	23.871	155	91	5	34	179	5	141	1.1	26.9
MRSS_00328	WP_011410342.1	41.176	34	12	2	11	41	209	237	1.4	26.2
MRSS_00328	WP_011412000.1	22.857	70	54	0	2	71	274	343	2.4	25.8
MRSS_00328	WP_050747679.1	60.000	15	6	0	190	204	34	48	2.7	24.6
MRSS_00328	WP_011412035.1	41.667	24	14	0	226	249	154	177	4.9	24.6
MRSS_00328	WP_050747268.1	29.310	58	40	1	9	66	26	82	5.9	23.1
MRSS_00328	WP_011411415.1	33.333	51	31	1	83	133	110	157	7.9	23.9
MRSS_00328	WP_011412144.1	35.484	31	20	0	32	62	472	502	9.2	23.9
MRSS_00328	WP_050747734.1	25.862	116	80	3	140	255	73	182	9.9	23.5
MRSS_00329	WP_011410069.1	92.193	269	21	0	1	269	1	269	6.24e-175	479
MRSS_00329	WP_011411857.1	30.040	253	168	4	15	264	11	257	3.09e-35	125
MRSS_00329	WP_011410787.1	34.649	228	143	3	7	234	20	241	3.54e-33	120
MRSS_00329	WP_011410294.1	35.122	205	115	3	37	235	29	221	4.36e-33	117
MRSS_00329	WP_011410064.1	31.278	227	151	3	19	245	15	236	6.42e-33	117
MRSS_00329	WP_011411530.1	33.333	213	128	3	22	228	17	221	1.04e-32	119
MRSS_00329	WP_011410937.1	35.922	206	124	3	22	220	25	229	2.88e-29	107
MRSS_00329	WP_011409950.1	34.574	188	119	4	18	204	13	197	2.08e-26	99.8
MRSS_00329	WP_011410668.1	28.099	242	169	4	7	246	1	239	6.29e-26	99.0
MRSS_00329	WP_011411197.1	28.685	251	167	6	24	267	41	286	7.77e-25	97.8
MRSS_00329	WP_011410956.1	28.205	234	161	4	14	243	10	240	1.20e-24	95.5
MRSS_00329	WP_011409929.1	30.233	215	147	2	23	234	39	253	1.27e-24	97.1
MRSS_00329	WP_011410773.1	31.878	229	138	7	9	226	5	226	2.50e-23	92.0
MRSS_00329	WP_011411332.1	29.675	246	144	6	5	231	2	237	5.01e-23	92.4
MRSS_00329	WP_011411360.1	32.231	242	142	10	4	234	2	232	2.70e-19	81.3
MRSS_00329	WP_011410809.1	30.876	217	144	5	32	243	311	526	5.28e-19	82.4
MRSS_00329	WP_011410809.1	29.487	234	145	9	1	217	1	231	3.72e-16	74.3
MRSS_00329	WP_011279184.1	26.840	231	157	3	11	235	7	231	1.25e-17	76.6
MRSS_00329	WP_011411337.1	30.769	234	147	6	17	245	29	252	1.58e-16	73.6
MRSS_00329	WP_041867326.1	33.708	178	104	4	29	203	23	189	2.95e-16	72.4
MRSS_00329	WP_011411279.1	28.866	194	133	4	14	204	14	205	7.05e-16	73.6
MRSS_00329	WP_011411465.1	29.442	197	124	4	10	203	3	187	2.14e-14	66.6
MRSS_00329	WP_011411092.1	26.407	231	149	5	6	236	3	212	4.79e-14	66.6
MRSS_00329	WP_011410263.1	26.131	199	128	4	5	203	321	500	1.36e-13	66.6
MRSS_00329	WP_011410263.1	25.410	244	155	9	20	241	19	257	7.34e-07	46.2
MRSS_00329	WP_011409928.1	28.270	237	150	7	7	226	3	236	1.89e-13	65.5
MRSS_00329	WP_424141158.1	39.773	88	53	0	22	109	1	88	3.33e-13	61.2
MRSS_00329	WP_011410541.1	29.018	224	146	8	12	231	347	561	9.30e-13	63.9
MRSS_00329	WP_011411196.1	27.136	199	136	4	37	226	56	254	1.85e-12	62.8
MRSS_00329	WP_148203612.1	28.774	212	139	6	25	226	25	234	6.50e-12	60.8
MRSS_00329	WP_011410856.1	26.267	217	146	7	25	235	361	569	1.85e-11	60.1
MRSS_00329	WP_011410562.1	25.854	205	106	3	4	203	3	166	3.48e-11	57.4
MRSS_00329	WP_011410825.1	23.148	216	159	4	23	235	29	240	2.19e-10	57.0
MRSS_00329	WP_011410825.1	23.200	250	158	7	6	240	270	500	1.34e-07	48.5
MRSS_00329	WP_011410457.1	22.689	238	164	7	37	269	35	257	9.11e-10	54.7
MRSS_00329	WP_011411331.1	22.053	263	183	8	7	248	3	264	2.54e-09	53.1
MRSS_00329	WP_011410738.1	28.571	182	122	5	23	202	356	531	5.48e-09	52.8
MRSS_00329	WP_011410365.1	25.764	229	152	8	7	226	13	232	1.75e-08	51.2
MRSS_00329	WP_011410365.1	23.423	222	143	8	5	212	264	472	3.20e-07	47.4
MRSS_00329	WP_011412104.1	25.114	219	138	5	7	223	312	506	4.21e-08	50.1
MRSS_00329	WP_011412104.1	23.415	205	137	6	13	203	7	205	0.003	35.0
MRSS_00329	WP_148203518.1	24.623	199	131	6	35	226	27	213	2.47e-07	47.0
MRSS_00329	WP_011410881.1	27.363	201	115	6	9	203	321	496	3.64e-07	47.0
MRSS_00329	WP_011410881.1	25.446	224	128	9	13	211	11	220	6.14e-06	43.5
MRSS_00329	WP_011410540.1	30.769	156	86	6	34	178	363	507	4.45e-07	47.0
MRSS_00329	WP_050747884.1	31.250	80	55	0	152	231	2	81	5.38e-07	43.5
MRSS_00329	WP_011411253.1	24.757	206	136	8	10	202	4	203	6.17e-06	42.7
MRSS_00329	WP_011411941.1	32.231	121	64	5	144	252	487	601	7.61e-04	37.0
MRSS_00329	WP_011411941.1	25.688	109	70	4	144	243	830	936	0.022	32.3
MRSS_00329	WP_011411941.1	47.059	34	17	1	17	49	7	40	0.46	28.1
MRSS_00329	WP_050747487.1	36.957	46	29	0	144	189	136	181	0.001	35.4
MRSS_00329	WP_050747733.1	27.273	99	63	3	144	238	70	163	0.002	35.0
MRSS_00329	WP_243466019.1	26.531	49	36	0	23	71	3	51	0.002	32.7
MRSS_00329	WP_011411624.1	30.769	78	47	3	145	218	432	506	0.034	31.6
MRSS_00329	WP_011410751.1	25.301	83	61	1	145	227	147	228	0.069	30.4
MRSS_00329	WP_279379445.1	33.333	48	32	0	20	67	79	126	0.31	27.7
MRSS_00329	WP_424141151.1	39.286	28	17	0	37	64	5	32	0.36	25.4
MRSS_00329	WP_011412197.1	34.884	43	23	1	73	115	400	437	0.49	28.1
MRSS_00329	WP_050747734.1	23.204	181	130	4	38	210	3	182	0.59	27.3
MRSS_00329	WP_011411610.1	41.935	31	18	0	26	56	1	31	0.85	26.9
MRSS_00329	WP_011412035.1	26.829	82	58	1	117	198	161	240	1.1	26.9
MRSS_00329	WP_011410723.1	35.849	53	29	2	192	243	93	141	2.4	25.8
MRSS_00329	WP_011410478.1	28.814	59	36	2	167	225	151	203	2.5	25.8
MRSS_00329	WP_011411091.1	43.478	23	13	0	38	60	60	82	3.4	25.0
MRSS_00329	WP_041866643.1	50.000	16	8	0	39	54	604	619	3.9	25.0
MRSS_00329	WP_011411581.1	28.916	83	41	5	141	205	109	191	5.7	24.6
MRSS_00329	WP_011410176.1	35.294	34	19	1	34	67	207	237	6.0	24.3
MRSS_00329	WP_011410744.1	62.500	16	6	0	38	53	55	70	6.1	24.6
MRSS_00329	WP_011411063.1	26.389	72	44	1	97	168	109	171	8.3	23.9
MRSS_00329	WP_011412203.1	38.462	26	16	0	231	256	496	521	9.1	23.9
MRSS_00330	WP_011410504.1	85.831	854	121	0	3	856	1	854	0.0	1501
MRSS_00330	WP_011411279.1	33.824	68	41	2	286	351	44	109	0.92	29.3
MRSS_00330	WP_011412142.1	27.660	47	31	1	217	260	202	248	6.1	26.2
MRSS_00330	WP_041866601.1	28.571	63	38	1	44	106	46	101	6.4	25.8
MRSS_00330	WP_011411848.1	35.135	37	24	0	693	729	144	180	9.2	25.8
MRSS_00331	WP_011410900.1	52.564	78	37	0	1	78	128	205	1.16e-21	82.0
MRSS_00331	WP_011409963.1	52.564	78	37	0	1	78	128	205	2.63e-21	80.9
MRSS_00331	WP_011411000.1	52.564	78	37	0	1	78	128	205	2.80e-21	80.9
MRSS_00331	WP_011410631.1	54.795	73	33	0	6	78	125	197	1.59e-20	79.0
MRSS_00331	WP_011410636.1	51.282	78	38	0	1	78	128	205	4.79e-20	77.8
MRSS_00331	WP_011412178.1	48.718	78	40	0	1	78	128	205	2.74e-18	72.8
MRSS_00331	WP_011410889.1	52.381	63	30	0	1	63	129	191	8.73e-17	67.4
MRSS_00331	WP_083764717.1	55.319	47	21	0	32	78	57	103	8.24e-12	54.3
MRSS_00331	WP_050747273.1	24.359	78	49	2	1	72	131	204	0.15	26.2
MRSS_00331	WP_011411651.1	35.484	31	20	0	31	61	110	140	0.47	24.6
MRSS_00331	WP_011410297.1	28.889	45	27	2	16	55	81	125	0.65	24.3
MRSS_00331	WP_011410352.1	33.333	30	20	0	36	65	374	403	2.4	22.7
MRSS_00331	WP_011411001.1	42.105	19	11	0	18	36	96	114	3.1	22.3
MRSS_00331	WP_011411105.1	24.074	54	36	1	26	74	55	108	3.8	21.9
MRSS_00331	WP_050747800.1	34.483	29	19	0	10	38	312	340	3.8	22.3
MRSS_00331	WP_011410267.1	50.000	20	10	0	33	52	18	37	4.7	21.9
MRSS_00331	WP_158302361.1	33.333	30	16	1	31	56	2	31	6.5	20.8
MRSS_00331	WP_011410206.1	32.353	34	23	0	40	73	202	235	7.1	21.6
MRSS_00331	WP_243466034.1	47.368	19	10	0	6	24	42	60	7.6	21.2
MRSS_00331	WP_083764919.1	47.059	17	9	0	36	52	52	68	8.3	21.2
MRSS_00331	WP_011411923.1	25.455	55	40	1	8	62	547	600	9.4	21.2
MRSS_00333	WP_011410169.1	96.350	548	20	0	1	548	1	548	0.0	1049
MRSS_00333	WP_198408775.1	35.714	42	25	1	226	265	8	49	2.1	26.6
MRSS_00333	WP_011410123.1	23.288	73	44	1	62	134	239	299	3.0	26.9
MRSS_00333	WP_050747678.1	34.146	41	27	0	67	107	49	89	3.8	26.2
MRSS_00333	WP_011411129.1	45.455	33	15	1	147	176	602	634	4.7	26.2
MRSS_00333	WP_001041677.1	38.462	26	16	0	451	476	17	42	5.3	24.3
MRSS_00333	WP_011411476.1	37.500	24	15	0	226	249	163	186	8.6	24.6
MRSS_00333	WP_011410300.1	35.000	40	25	1	227	265	49	88	8.8	24.6
MRSS_00333	WP_011411269.1	50.000	22	11	0	31	52	117	138	9.3	24.6
MRSS_00334	WP_011410168.1	92.784	97	7	0	1	97	1	97	5.74e-61	177
MRSS_00334	WP_011411592.1	27.632	76	55	0	22	97	220	295	0.16	26.9
MRSS_00334	WP_148203636.1	37.209	43	26	1	10	52	79	120	0.92	24.6
MRSS_00334	WP_011410006.1	46.154	26	14	0	10	35	155	180	2.4	23.5
MRSS_00334	WP_011411308.1	40.000	35	19	1	14	46	140	174	7.4	21.9
MRSS_00335	WP_011410900.1	48.148	27	14	0	3	29	103	129	0.009	27.3
MRSS_00335	WP_011412178.1	48.148	27	14	0	3	29	103	129	0.009	27.3
MRSS_00335	WP_011410889.1	48.148	27	14	0	3	29	104	130	0.009	27.3
MRSS_00335	WP_011411000.1	48.148	27	14	0	3	29	103	129	0.009	27.3
MRSS_00335	WP_011409963.1	48.148	27	14	0	3	29	103	129	0.009	27.3
MRSS_00335	WP_011410636.1	48.148	27	14	0	3	29	103	129	0.010	26.9
MRSS_00335	WP_011410631.1	48.000	25	13	0	3	27	103	127	0.19	23.5
MRSS_00335	WP_050747839.1	22.222	27	21	0	6	32	23	49	1.3	21.2
MRSS_00335	WP_011411388.1	42.857	28	16	0	1	28	117	144	4.6	19.6
MRSS_00335	WP_011410865.1	42.857	14	8	0	4	17	117	130	7.0	19.2
MRSS_00336	WP_011410167.1	74.834	151	38	0	1	151	1	151	1.31e-55	168
MRSS_00336	WP_011410691.1	38.462	39	24	0	61	99	626	664	1.6	25.0
MRSS_00336	WP_011410572.1	31.250	32	20	1	22	51	104	135	2.1	24.3
MRSS_00336	WP_041867287.1	39.130	23	14	0	124	146	26	48	6.6	22.7
MRSS_00337	WP_011410474.1	87.719	114	14	0	7	120	1	114	1.31e-74	213
MRSS_00337	WP_011411251.1	33.019	106	70	1	15	120	20	124	2.12e-15	63.9
MRSS_00337	WP_011412132.1	26.804	97	68	2	15	109	2	97	3.02e-07	43.5
MRSS_00337	WP_011410689.1	25.926	54	39	1	20	73	66	118	1.3	24.3
MRSS_00337	WP_011279191.1	29.787	47	32	1	73	119	403	448	2.6	23.9
MRSS_00337	WP_011411403.1	28.947	38	27	0	63	100	210	247	2.9	23.5
MRSS_00337	WP_041866560.1	28.000	75	31	2	15	85	110	165	3.2	23.5
MRSS_00337	WP_011411334.1	40.909	22	13	0	53	74	365	386	4.0	23.5
MRSS_00337	WP_011411328.1	61.538	13	5	0	38	50	158	170	6.9	22.3
MRSS_00337	WP_148203609.1	47.059	17	9	0	5	21	9	25	9.7	21.2
MRSS_00338	WP_198408768.1	32.500	40	26	1	25	64	62	100	0.48	24.3
MRSS_00338	WP_041867189.1	38.710	31	19	0	21	51	4	34	2.0	21.9
MRSS_00338	WP_243466127.1	27.778	36	26	0	7	42	7	42	3.0	21.9
MRSS_00338	WP_041867732.1	25.000	32	24	0	2	33	48	79	4.8	21.2
MRSS_00338	WP_011411000.1	61.538	13	5	0	15	27	207	219	5.3	21.2
MRSS_00338	WP_011410499.1	28.571	35	23	1	29	63	119	151	5.6	21.2
MRSS_00338	WP_243466216.1	43.750	16	9	0	20	35	26	41	7.4	20.8
MRSS_00339	WP_083764717.1	66.667	21	7	0	30	50	65	85	9.49e-05	33.9
MRSS_00339	WP_011410900.1	66.667	21	7	0	30	50	167	187	3.72e-04	32.3
MRSS_00339	WP_011410631.1	66.667	21	7	0	30	50	159	179	0.001	31.2
MRSS_00339	WP_011411000.1	66.667	21	7	0	30	50	167	187	0.001	31.2
MRSS_00339	WP_011409963.1	66.667	21	7	0	30	50	167	187	0.001	31.2
MRSS_00339	WP_011410636.1	61.905	21	8	0	30	50	167	187	0.004	29.3
MRSS_00339	WP_011412178.1	68.421	19	6	0	31	49	168	186	0.013	28.1
MRSS_00339	WP_011410889.1	68.421	19	6	0	31	49	169	187	0.020	27.3
MRSS_00339	WP_050747951.1	35.556	45	25	2	3	47	56	96	1.0	22.7
MRSS_00339	WP_011411677.1	31.707	41	27	1	7	46	136	176	2.8	21.6
MRSS_00340	WP_011410119.1	81.513	119	22	0	1	119	1	119	8.91e-71	204
MRSS_00340	WP_011411575.1	30.435	69	35	4	1	59	28	93	0.063	28.5
MRSS_00340	WP_050747713.1	28.866	97	38	5	34	105	33	123	0.17	27.3
MRSS_00340	WP_011412056.1	42.424	33	18	1	39	71	32	63	0.46	25.8
MRSS_00340	WP_011411852.1	27.273	88	57	3	3	86	150	234	1.5	24.6
MRSS_00340	WP_011411732.1	27.692	65	46	1	38	102	295	358	2.0	24.3
MRSS_00340	WP_011410163.1	39.130	23	10	1	31	53	37	55	2.6	23.5
MRSS_00340	WP_011412004.1	31.429	35	24	0	52	86	49	83	3.2	23.5
MRSS_00340	WP_011411745.1	35.185	54	33	2	30	82	335	387	3.3	23.5
MRSS_00340	WP_011411265.1	33.333	33	22	0	87	119	246	278	4.1	23.1
MRSS_00340	WP_041866834.1	53.846	13	6	0	53	65	37	49	4.5	21.9
MRSS_00340	WP_050747675.1	33.333	21	14	0	6	26	30	50	4.8	21.9
MRSS_00340	WP_041866805.1	30.952	42	23	2	53	88	37	78	5.3	22.3
MRSS_00340	WP_011410797.1	25.926	54	39	1	34	86	93	146	7.0	22.3
MRSS_00340	WP_424141178.1	46.667	15	8	0	40	54	932	946	9.2	22.3
MRSS_00341	WP_011410118.1	56.667	60	24	1	1	58	70	129	7.05e-16	64.3
MRSS_00341	WP_011411274.1	43.750	16	9	0	9	24	1	16	0.61	23.5
MRSS_00341	WP_011411984.1	60.000	15	6	0	14	28	443	457	0.66	23.5
MRSS_00341	WP_011411271.1	44.444	27	14	1	32	57	84	110	0.89	23.1
MRSS_00341	WP_011410665.1	31.111	45	26	3	10	50	1	44	1.1	22.7
MRSS_00341	WP_083764919.1	66.667	12	4	0	30	41	515	526	2.2	21.9
MRSS_00341	WP_011411410.1	28.000	50	34	1	5	52	181	230	3.3	21.6
MRSS_00341	WP_041867695.1	31.707	41	21	1	16	56	37	70	7.2	20.4
MRSS_00341	WP_011409932.1	27.907	43	29	1	2	44	104	144	9.0	20.4
MRSS_00342	WP_011410117.1	89.614	337	35	0	1	337	1	337	0.0	613
MRSS_00342	WP_011411160.1	29.851	67	47	0	46	112	32	98	1.60e-05	42.0
MRSS_00342	WP_050747815.1	27.647	170	79	8	103	254	99	242	1.9	26.2
MRSS_00342	WP_011410259.1	30.000	70	33	3	35	104	344	397	3.7	25.4
MRSS_00342	WP_011410815.1	26.126	111	49	5	126	214	12	111	4.8	25.0
MRSS_00342	WP_016246284.1	42.857	21	12	0	47	67	60	80	8.2	23.1
MRSS_00342	WP_011412093.1	26.923	78	48	2	263	332	30	106	8.5	23.9
MRSS_00342	WP_011410354.1	26.000	50	35	1	204	251	122	171	8.6	24.3
MRSS_00343	WP_001144069.1	97.183	71	2	0	1	71	1	71	3.42e-45	135
MRSS_00343	WP_011409924.1	26.531	49	36	0	19	67	71	119	0.41	24.6
MRSS_00343	WP_011411709.1	28.846	52	35	1	3	52	126	177	0.81	23.9
MRSS_00343	WP_011410811.1	50.000	18	9	0	28	45	85	102	0.97	23.5
MRSS_00343	WP_011410787.1	30.556	72	42	2	2	70	105	171	1.7	22.7
MRSS_00343	WP_011410019.1	29.688	64	37	2	14	70	154	216	4.8	21.6
MRSS_00343	WP_158302360.1	20.755	53	42	0	2	54	97	149	6.5	21.2
MRSS_00343	WP_011410719.1	28.261	46	29	1	19	64	13	54	6.9	21.2
MRSS_00343	WP_041866639.1	37.500	24	15	0	6	29	282	305	7.3	21.2
MRSS_00344	WP_011410116.1	89.691	582	60	0	1	582	1	582	0.0	1096
MRSS_00344	WP_011409869.1	30.337	89	46	5	1	78	597	680	0.95	28.5
MRSS_00344	WP_070108730.1	29.412	68	42	2	272	333	249	316	2.0	27.3
MRSS_00344	WP_011410012.1	40.000	30	18	0	85	114	29	58	2.6	26.2
MRSS_00344	WP_011410029.1	34.667	75	44	1	404	478	36	105	4.7	25.8
MRSS_00344	WP_148203393.1	42.857	28	16	0	493	520	86	113	4.7	25.4
MRSS_00344	WP_011409914.1	29.577	71	45	3	491	559	27	94	4.7	25.4
MRSS_00344	WP_011410945.1	25.694	144	77	5	157	292	72	193	5.7	25.8
MRSS_00344	WP_041867122.1	47.826	23	11	1	344	366	23	44	6.0	24.6
MRSS_00344	WP_083764672.1	38.095	42	25	1	109	149	286	327	7.3	25.4
MRSS_00345	WP_011410115.1	93.496	615	39	1	1	614	1	615	0.0	1134
MRSS_00345	WP_011409952.1	29.555	247	137	9	376	600	49	280	1.78e-20	88.6
MRSS_00345	WP_011409924.1	24.766	214	121	6	404	600	44	234	1.68e-09	55.1
MRSS_00345	WP_011411584.1	33.333	75	38	2	420	486	89	159	0.013	34.3
MRSS_00345	WP_011411145.1	28.070	57	34	2	138	192	496	547	1.2	28.1
MRSS_00345	WP_011412146.1	31.148	61	28	2	543	589	66	126	5.5	25.4
MRSS_00345	WP_041867023.1	45.833	24	13	0	565	588	26	49	6.0	23.9
MRSS_00345	WP_011410439.1	52.000	25	8	1	576	596	39	63	7.6	25.4
MRSS_00345	WP_011410294.1	37.931	29	18	0	154	182	35	63	9.2	25.0
MRSS_00345	WP_011409959.1	24.590	61	44	1	505	565	58	116	9.3	24.6
MRSS_00345	WP_011410963.1	31.111	45	30	1	108	151	258	302	9.6	25.0
MRSS_00346	WP_011410354.1	25.974	77	51	2	98	174	165	235	0.002	35.4
MRSS_00346	WP_011410082.1	32.609	46	27	1	84	129	42	83	0.017	32.0
MRSS_00346	WP_011410964.1	30.000	80	48	4	177	255	282	354	0.99	26.9
MRSS_00346	WP_011411906.1	26.829	123	79	6	125	239	78	197	1.3	26.2
MRSS_00346	WP_041867274.1	34.000	50	30	1	97	146	449	495	2.7	25.8
MRSS_00346	WP_011410666.1	33.333	51	31	2	221	270	378	426	3.5	25.4
MRSS_00346	WP_158302425.1	31.707	41	24	1	95	135	26	62	3.9	24.6
MRSS_00346	WP_041866681.1	30.556	36	19	2	72	105	50	81	7.2	23.1
MRSS_00346	WP_083764964.1	30.769	39	27	0	72	110	136	174	7.7	23.9
MRSS_00346	WP_011412148.1	27.586	58	42	0	29	86	125	182	8.3	23.9
MRSS_00346	WP_050747291.1	31.429	35	24	0	113	147	2	36	9.7	22.3
MRSS_00347	WP_041866639.1	53.846	13	6	0	18	30	223	235	2.1	22.3
MRSS_00347	WP_011409867.1	42.105	19	11	0	42	60	138	156	4.9	21.6
MRSS_00347	WP_011409979.1	39.130	23	14	0	9	31	83	105	5.8	21.2
MRSS_00347	WP_011409890.1	36.842	19	12	0	13	31	163	181	9.1	20.8
MRSS_00348	WP_011410672.1	83.226	155	26	0	1	155	1	155	3.48e-96	271
MRSS_00348	WP_070108754.1	24.561	57	43	0	69	125	230	286	1.6	25.0
MRSS_00348	WP_158302359.1	35.000	40	20	1	112	145	64	103	1.6	25.0
MRSS_00348	WP_011411847.1	37.931	29	18	0	56	84	194	222	9.5	22.7
MRSS_00348	WP_011411291.1	20.000	65	42	1	45	109	37	91	9.7	22.7
MRSS_00349	WP_424141177.1	31.707	41	28	0	5	45	91	131	4.9	20.4
MRSS_00349	WP_011410174.1	27.273	33	24	0	8	40	774	806	5.0	20.4
MRSS_00349	WP_011279280.1	36.364	22	14	0	7	28	100	121	9.3	19.6
MRSS_00350	WP_011411759.1	85.870	184	26	0	1	184	1	184	8.96e-113	315
MRSS_00350	WP_050747404.1	30.556	72	50	0	54	125	28	99	2.9	23.9
MRSS_00350	WP_011410510.1	32.432	37	25	0	31	67	64	100	3.5	24.3
MRSS_00350	WP_011409998.1	28.358	67	31	2	105	171	166	215	6.4	23.9
MRSS_00350	WP_011411771.1	25.806	31	23	0	104	134	71	101	7.1	23.1
MRSS_00351	WP_011410900.1	61.628	86	33	0	5	90	137	222	9.85e-28	98.6
MRSS_00351	WP_011409963.1	60.465	86	34	0	5	90	137	222	8.57e-27	96.3
MRSS_00351	WP_011411000.1	60.465	86	34	0	5	90	137	222	1.32e-26	95.5
MRSS_00351	WP_011410636.1	59.302	86	35	0	5	90	137	222	3.84e-26	94.4
MRSS_00351	WP_011410631.1	59.302	86	35	0	5	90	129	214	8.89e-26	93.2
MRSS_00351	WP_011412178.1	56.977	86	37	0	5	90	137	222	4.79e-23	85.9
MRSS_00351	WP_083764717.1	62.903	62	23	0	29	90	59	120	1.13e-19	75.9
MRSS_00351	WP_011410889.1	55.172	58	26	0	5	62	138	195	6.19e-13	57.8
MRSS_00351	WP_011412191.1	36.000	25	16	0	51	75	262	286	0.58	25.0
MRSS_00351	WP_011412006.1	34.000	50	30	2	37	83	230	279	2.5	23.1
MRSS_00351	WP_011409957.1	52.632	19	9	0	56	74	452	470	3.2	22.7
MRSS_00351	WP_011410395.1	26.316	38	28	0	17	54	129	166	5.1	21.9
MRSS_00351	WP_243466189.1	50.000	20	10	0	40	59	11	30	9.6	21.6
MRSS_00352	WP_011411757.1	83.550	231	38	0	1	231	1	231	2.57e-144	399
MRSS_00352	WP_011410651.1	44.444	27	15	0	29	55	127	153	1.1	26.6
MRSS_00352	WP_011410540.1	26.667	60	34	1	3	52	174	233	2.0	25.8
MRSS_00352	WP_158302394.1	33.333	36	24	0	145	180	84	119	2.4	24.6
MRSS_00352	WP_011410600.1	24.561	57	39	1	139	195	109	161	4.6	24.6
MRSS_00352	WP_011410547.1	26.923	104	61	2	125	216	819	919	7.2	23.9
MRSS_00353	WP_011410670.1	87.179	507	65	0	1	507	1	507	0.0	814
MRSS_00353	WP_011410550.1	37.500	48	30	0	444	491	15	62	0.35	28.9
MRSS_00353	WP_011411730.1	44.828	29	16	0	4	32	425	453	1.2	28.1
MRSS_00353	WP_011412272.1	24.294	177	111	8	72	237	20	184	2.6	26.6
MRSS_00353	WP_148203575.1	35.714	28	18	0	391	418	27	54	3.1	24.6
MRSS_00353	WP_011410083.1	52.381	21	10	0	80	100	74	94	3.3	25.8
MRSS_00353	WP_041866795.1	34.000	50	30	1	460	506	93	142	5.4	25.8
MRSS_00353	WP_011412119.1	31.579	57	38	1	219	274	103	159	8.7	25.0
MRSS_00353	WP_243466264.1	41.379	29	17	0	137	165	89	117	8.7	24.3
MRSS_00353	WP_041866742.1	36.364	55	29	3	222	274	9	59	9.0	24.6
MRSS_00354	WP_011410671.1	57.823	147	59	1	1	144	83	229	1.73e-43	141
MRSS_00354	WP_041866639.1	33.333	42	28	0	63	104	282	323	0.002	33.5
MRSS_00354	WP_011410935.1	24.074	54	26	2	47	85	814	867	0.78	26.2
MRSS_00354	WP_011410121.1	36.667	30	19	0	116	145	110	139	1.2	25.4
MRSS_00354	WP_011411902.1	33.898	59	37	2	33	91	478	534	2.9	24.3
MRSS_00355	WP_011410281.1	84.249	273	43	0	1	273	1	273	3.47e-165	455
MRSS_00355	WP_041866677.1	24.638	69	42	1	70	128	23	91	1.3	26.2
MRSS_00355	WP_011410280.1	39.394	33	17	1	76	105	91	123	1.4	26.6
MRSS_00355	WP_011410812.1	40.625	32	16	1	229	257	192	223	4.2	25.0
MRSS_00355	WP_011410749.1	26.230	61	30	2	151	196	198	258	4.8	24.6
MRSS_00356	WP_011410280.1	86.709	316	42	0	1	316	1	316	0.0	565
MRSS_00356	WP_011410791.1	34.884	43	26	1	14	56	34	74	4.6	24.6
MRSS_00356	WP_011411560.1	24.242	99	64	3	2	93	106	200	6.1	24.6
MRSS_00356	WP_011411981.1	32.143	28	19	0	159	186	300	327	8.2	24.3
MRSS_00356	WP_011410263.1	24.000	100	58	5	18	113	197	282	8.4	24.3
MRSS_00357	WP_011410278.1	76.647	167	39	0	1	167	1	167	2.48e-80	233
MRSS_00357	WP_243466257.1	37.500	32	20	0	100	131	44	75	0.38	26.2
MRSS_00357	WP_011410424.1	39.535	43	25	1	27	68	113	155	1.6	25.4
MRSS_00357	WP_243466320.1	34.375	32	21	0	100	131	44	75	2.2	25.0
MRSS_00357	WP_243466229.1	34.375	32	21	0	100	131	119	150	2.6	24.6
MRSS_00357	WP_243466213.1	34.375	32	21	0	100	131	107	138	2.9	24.6
MRSS_00357	WP_083764672.1	26.154	65	34	1	78	128	397	461	5.3	23.9
MRSS_00357	WP_011411850.1	33.333	33	17	1	154	181	26	58	6.7	23.5
MRSS_00357	WP_011411026.1	33.333	30	20	0	162	191	31	60	8.3	23.5
MRSS_00358	WP_011410277.1	84.755	938	143	0	1	938	1	938	0.0	1651
MRSS_00358	WP_011411923.1	22.444	802	459	21	57	775	41	762	6.19e-33	133
MRSS_00358	WP_011410666.1	21.268	710	380	20	25	629	11	646	3.60e-14	73.2
MRSS_00358	WP_011410831.1	40.984	61	36	0	58	118	15	75	2.02e-08	54.3
MRSS_00358	WP_011410568.1	28.155	103	73	1	553	655	218	319	0.013	35.0
MRSS_00358	WP_011410568.1	26.087	115	69	5	65	179	37	135	2.9	27.7
MRSS_00358	WP_011411661.1	28.378	74	45	4	499	568	44	113	3.3	27.3
MRSS_00358	WP_041867195.1	37.037	27	17	0	634	660	6	32	3.4	25.4
MRSS_00358	WP_083765057.1	34.146	41	27	0	862	902	5	45	4.9	24.3
MRSS_00358	WP_011411453.1	46.429	28	15	0	500	527	21	48	7.6	25.8
MRSS_00359	WP_011410276.1	86.218	312	43	0	1	312	1	312	0.0	551
MRSS_00359	WP_011410706.1	27.660	47	34	0	246	292	73	119	0.052	30.8
MRSS_00359	WP_243466231.1	23.810	105	67	2	115	219	44	135	0.54	27.3
MRSS_00359	WP_011410583.1	27.083	48	35	0	89	136	12	59	0.70	27.3
MRSS_00359	WP_011409998.1	28.125	64	41	3	143	205	248	307	0.97	27.3
MRSS_00359	WP_011410124.1	28.358	67	44	1	2	68	327	389	2.7	25.8
MRSS_00359	WP_279379473.1	30.952	42	26	1	263	304	3	41	5.8	22.3
MRSS_00359	WP_011410887.1	27.778	54	39	0	130	183	517	570	6.8	24.6
MRSS_00359	WP_011412222.1	50.000	26	11	1	132	157	385	408	7.0	24.6
MRSS_00360	WP_011410078.1	83.333	126	21	0	1	126	1	126	2.89e-75	216
MRSS_00360	WP_424141176.1	29.412	34	24	0	30	63	32	65	0.84	25.0
MRSS_00360	WP_041866660.1	26.316	76	42	3	30	91	10	85	0.93	24.6
MRSS_00360	WP_011411580.1	29.787	47	32	1	46	91	430	476	2.9	23.9
MRSS_00360	WP_041866833.1	37.500	32	17	1	34	65	42	70	3.2	23.5
MRSS_00360	WP_070108731.1	33.333	39	25	1	1	38	83	121	4.6	22.7
MRSS_00360	WP_050747897.1	35.714	28	18	0	68	95	9	36	6.3	22.7
MRSS_00360	WP_424141129.1	42.105	19	11	0	56	74	37	55	6.4	22.3
MRSS_00360	WP_011410768.1	23.529	68	43	2	28	91	529	591	8.9	22.3
MRSS_00360	WP_050747693.1	22.222	63	45	1	39	101	43	101	9.5	22.3
MRSS_00361	WP_011410077.1	90.570	456	43	0	1	456	1	456	0.0	806
MRSS_00361	WP_011410478.1	55.914	465	176	4	14	454	17	476	1.02e-176	500
MRSS_00361	WP_011410076.1	41.096	292	166	4	73	361	61	349	4.05e-61	199
MRSS_00361	WP_011410076.1	31.667	60	40	1	379	437	267	326	0.52	28.9
MRSS_00361	WP_011411667.1	40.678	59	34	1	295	353	226	283	2.95e-06	45.4
MRSS_00361	WP_011411667.1	28.346	127	82	5	295	419	131	250	6.5	25.4
MRSS_00361	WP_011411273.1	24.675	77	56	1	247	321	39	115	0.49	28.9
MRSS_00361	WP_011410039.1	25.781	128	69	5	289	416	197	298	1.7	27.3
MRSS_00361	WP_011410457.1	44.828	29	15	1	162	190	27	54	4.0	25.8
MRSS_00361	WP_011410495.1	39.394	33	19	1	34	65	217	249	5.4	25.4
MRSS_00362	WP_011410075.1	92.363	419	32	0	1	419	1	419	0.0	796
MRSS_00362	WP_011410852.1	24.055	291	193	10	11	280	12	295	0.026	32.7
MRSS_00362	WP_011410852.1	26.966	178	111	8	14	180	161	330	0.035	32.3
MRSS_00362	WP_011411800.1	52.174	23	11	0	248	270	105	127	1.0	27.7
MRSS_00362	WP_011412221.1	27.160	81	53	1	118	192	360	440	1.3	27.3
MRSS_00362	WP_041867331.1	32.500	80	47	3	261	336	557	633	1.5	27.3
MRSS_00362	WP_050747368.1	52.941	17	8	0	257	273	6	22	1.8	25.0
MRSS_00362	WP_011411281.1	24.299	107	74	2	26	129	81	183	3.5	25.8
MRSS_00362	WP_243466187.1	23.729	59	40	1	229	287	5	58	3.5	23.9
MRSS_00362	WP_011412095.1	57.143	14	6	0	112	125	42	55	3.5	24.6
MRSS_00362	WP_011410859.1	42.222	45	19	3	199	237	33	76	4.7	25.4
MRSS_00362	WP_041866921.1	41.379	29	15	1	247	273	78	106	7.9	23.9
MRSS_00363	WP_011410074.1	88.095	84	10	0	1	84	1	84	9.41e-53	155
MRSS_00363	WP_011410532.1	32.812	64	38	2	16	75	23	85	9.06e-08	42.4
MRSS_00363	WP_050747622.1	29.167	24	17	0	40	63	151	174	0.49	24.6
MRSS_00363	WP_148203498.1	35.484	31	19	1	34	63	111	141	0.76	24.3
MRSS_00363	WP_011410911.1	34.146	41	27	0	13	53	289	329	2.1	23.1
MRSS_00363	WP_011411764.1	24.194	62	42	2	18	79	94	150	6.4	21.6
MRSS_00363	WP_011411258.1	35.714	28	18	0	14	41	201	228	7.3	21.6
MRSS_00363	WP_011411616.1	46.667	15	8	0	63	77	73	87	8.0	21.6
MRSS_00363	WP_011412154.1	53.333	15	7	0	57	71	710	724	8.8	21.6
MRSS_00363	WP_011411573.1	25.532	47	35	0	1	47	44	90	9.1	21.2
MRSS_00365	WP_011410344.1	85.065	154	23	0	1	154	1	154	2.11e-98	277
MRSS_00365	WP_011411814.1	32.432	37	25	0	19	55	240	276	1.4	25.4
MRSS_00365	WP_011410206.1	24.684	158	81	6	7	145	337	475	3.7	24.3
MRSS_00365	WP_011279194.1	64.286	14	5	0	36	49	560	573	4.9	23.9
MRSS_00365	WP_011410917.1	37.500	24	14	1	66	88	252	275	7.5	23.1
MRSS_00365	WP_000729861.1	37.037	27	17	0	116	142	264	290	8.4	23.1
MRSS_00365	WP_041866557.1	20.548	73	42	1	33	89	40	112	9.6	22.3
MRSS_00366	WP_011410345.1	82.996	247	42	0	1	247	1	247	1.94e-156	431
MRSS_00366	WP_041867274.1	23.140	121	81	5	69	186	54	165	0.46	27.7
MRSS_00366	WP_011409998.1	30.909	55	35	1	192	243	672	726	1.0	26.9
MRSS_00366	WP_041866824.1	45.000	20	11	0	220	239	51	70	5.1	23.9
MRSS_00366	WP_011411463.1	32.143	28	19	0	210	237	26	53	5.5	23.1
MRSS_00366	WP_041867074.1	32.353	34	23	0	112	145	11	44	5.7	24.3
MRSS_00367	WP_011409963.1	43.333	30	17	0	1	30	257	286	0.001	31.2
MRSS_00367	WP_011410900.1	43.333	30	17	0	1	30	257	286	0.001	31.2
MRSS_00367	WP_011410636.1	43.333	30	17	0	1	30	257	286	0.001	31.2
MRSS_00367	WP_083764717.1	37.143	35	22	0	1	35	155	189	0.001	31.2
MRSS_00367	WP_011411000.1	37.143	35	22	0	1	35	257	291	0.002	31.2
MRSS_00367	WP_011410631.1	40.000	30	18	0	1	30	249	278	0.007	29.3
MRSS_00367	WP_011411025.1	50.000	14	7	0	35	48	9	22	4.5	21.6
MRSS_00367	WP_011411723.1	26.829	41	27	1	4	41	9	49	5.1	21.6
MRSS_00367	WP_011411509.1	50.000	14	7	0	35	48	9	22	5.8	21.2
MRSS_00367	WP_011410336.1	58.824	17	7	0	43	59	117	133	7.3	20.8
MRSS_00367	WP_000988476.1	53.846	13	6	0	29	41	114	126	8.1	20.8
MRSS_00367	WP_243465999.1	35.714	14	9	0	51	64	36	49	8.5	20.8
MRSS_00367	WP_011411654.1	43.750	16	9	0	29	44	311	326	8.6	20.8
MRSS_00367	WP_243466069.1	35.714	14	9	0	51	64	36	49	8.9	20.8
MRSS_00367	WP_011410612.1	35.714	14	9	0	51	64	35	48	9.6	20.8
MRSS_00367	WP_011279237.1	42.105	19	11	0	16	34	27	45	9.6	20.4
MRSS_00368	WP_011411656.1	81.395	86	16	0	1	86	1	86	2.03e-52	155
MRSS_00368	WP_050747800.1	28.788	66	41	1	7	66	558	623	0.12	26.9
MRSS_00368	WP_011410265.1	31.481	54	34	1	18	71	74	124	0.31	25.4
MRSS_00368	WP_041866980.1	32.353	34	20	1	8	38	4	37	0.69	24.3
MRSS_00368	WP_011411234.1	42.857	21	12	0	26	46	98	118	2.0	23.1
MRSS_00368	WP_011411404.1	28.125	64	35	1	15	78	50	102	2.1	23.1
MRSS_00368	WP_011412136.1	40.000	25	15	0	12	36	320	344	2.2	23.1
MRSS_00368	WP_011412244.1	35.294	34	21	1	51	84	50	82	4.0	22.3
MRSS_00368	WP_011411969.1	30.909	55	25	3	15	69	38	79	6.9	21.6
MRSS_00368	WP_011410401.1	32.558	43	28	1	29	70	230	272	7.2	21.6
MRSS_00368	WP_011410703.1	31.818	44	17	2	25	68	250	280	7.4	21.6
MRSS_00368	WP_011411034.1	32.075	53	29	3	20	71	99	145	7.4	21.6
MRSS_00368	WP_041866652.1	41.667	24	12	1	9	30	49	72	8.7	20.8
MRSS_00369	WP_011411657.1	73.247	542	127	2	1	524	1	542	0.0	735
MRSS_00369	WP_011411315.1	25.123	203	118	9	4	186	16	204	0.042	32.3
MRSS_00369	WP_011410409.1	39.024	41	16	1	340	380	107	138	5.5	25.8
MRSS_00369	WP_011411419.1	28.205	39	28	0	118	156	1	39	7.0	25.4
MRSS_00369	WP_011410877.1	37.838	37	19	1	148	180	802	838	7.5	25.4
MRSS_00369	WP_011410923.1	56.250	16	7	0	50	65	5	20	10.0	24.6
MRSS_00370	WP_011410171.1	88.924	316	35	0	1	316	27	342	0.0	577
MRSS_00370	WP_011410487.1	20.909	110	66	3	67	158	4	110	0.12	29.6
MRSS_00370	WP_011411587.1	24.528	106	68	4	84	177	122	227	0.28	28.9
MRSS_00370	WP_011411726.1	40.000	40	24	0	23	62	45	84	0.86	25.8
MRSS_00370	WP_011412152.1	33.333	48	31	1	39	86	187	233	1.2	26.6
MRSS_00370	WP_011410930.1	32.000	50	32	1	177	224	101	150	3.5	25.0
MRSS_00370	WP_011409938.1	35.417	48	30	1	258	305	405	451	3.5	25.4
MRSS_00370	WP_011410749.1	25.610	82	42	4	83	145	227	308	5.2	25.0
MRSS_00370	WP_011410680.1	69.231	13	4	0	199	211	152	164	7.2	24.6
MRSS_00370	WP_011411975.1	33.333	24	16	0	115	138	256	279	8.0	24.3
MRSS_00370	WP_011411050.1	22.826	92	55	2	164	243	165	252	8.5	24.3
MRSS_00370	WP_050747602.1	21.769	147	86	4	127	250	119	259	8.6	24.3
MRSS_00370	WP_050747473.1	37.931	29	14	1	98	122	60	88	9.4	23.5
MRSS_00371	WP_011410172.1	89.362	188	20	0	1	188	1	188	2.17e-124	345
MRSS_00371	WP_011410716.1	25.000	104	65	3	30	121	39	141	0.49	26.9
MRSS_00371	WP_011412233.1	18.548	124	80	5	9	131	213	316	2.5	25.0
MRSS_00371	WP_011410114.1	30.769	39	24	1	89	127	65	100	3.3	23.9
MRSS_00371	WP_011412009.1	34.211	38	24	1	86	122	52	89	5.6	23.9
MRSS_00371	WP_011411548.1	30.556	36	25	0	132	167	83	118	6.7	23.5
MRSS_00371	WP_424141162.1	34.545	55	33	2	57	109	97	150	7.0	23.1
MRSS_00371	WP_041866812.1	28.000	25	18	0	78	102	35	59	7.1	22.7
MRSS_00371	WP_011411466.1	60.000	20	6	1	131	150	178	195	8.3	23.5
MRSS_00371	WP_011411144.1	34.286	35	20	1	14	45	80	114	8.3	23.1
MRSS_00372	WP_011411236.1	21.961	255	134	10	34	239	24	262	3.95e-04	37.4
MRSS_00372	WP_011410790.1	25.000	112	61	3	48	140	145	252	0.033	31.2
MRSS_00372	WP_011412131.1	26.699	206	107	9	38	209	16	211	0.37	28.1
MRSS_00372	WP_011410947.1	25.000	88	58	1	39	118	127	214	0.48	27.7
MRSS_00372	WP_011410817.1	21.687	249	160	9	13	240	23	257	0.48	27.7
MRSS_00372	WP_011411550.1	26.168	107	73	2	93	195	138	242	0.57	27.3
MRSS_00372	WP_011411419.1	31.250	96	52	4	59	151	351	435	0.87	26.9
MRSS_00372	WP_011411434.1	28.571	49	35	0	85	133	190	238	2.6	25.4
MRSS_00372	WP_011410002.1	29.870	77	46	2	109	177	235	311	3.5	25.0
MRSS_00372	WP_011411268.1	38.000	50	23	3	155	204	375	416	5.0	24.6
MRSS_00372	WP_011411820.1	27.451	51	37	0	201	251	156	206	5.4	24.6
MRSS_00372	WP_011409949.1	32.432	37	23	1	117	153	306	340	6.7	24.3
MRSS_00372	WP_011411222.1	27.660	47	33	1	3	48	244	290	6.7	24.3
MRSS_00372	WP_279379434.1	36.364	22	14	0	204	225	16	37	9.4	21.6
MRSS_00373	WP_011409949.1	63.000	500	124	5	1	439	1	500	0.0	556
MRSS_00373	WP_011410518.1	31.313	297	184	6	141	429	1	285	5.76e-39	142
MRSS_00373	WP_011410496.1	32.609	46	31	0	241	286	35	80	0.020	32.7
MRSS_00373	WP_011410263.1	38.298	47	27	1	241	287	351	395	0.16	30.4
MRSS_00373	WP_011279184.1	33.333	36	24	0	243	278	33	68	0.57	28.5
MRSS_00373	WP_011411730.1	27.586	58	37	1	383	440	246	298	0.97	28.1
MRSS_00373	WP_011411981.1	58.333	24	10	0	239	262	50	73	1.2	27.7
MRSS_00373	WP_011410457.1	38.235	34	21	0	244	277	36	69	1.8	26.9
MRSS_00373	WP_011410234.1	35.294	34	22	0	220	253	166	199	3.0	26.6
MRSS_00373	WP_011410841.1	31.746	63	41	1	242	302	526	588	3.0	26.6
MRSS_00373	WP_011410675.1	28.571	56	38	1	44	99	34	87	3.3	26.2
MRSS_00373	WP_011410585.1	33.333	36	24	0	23	58	105	140	3.4	26.2
MRSS_00373	WP_011410372.1	29.000	100	52	5	241	332	1	89	3.6	25.8
MRSS_00373	WP_050747555.1	30.000	60	27	2	114	173	7	51	3.9	25.4
MRSS_00373	WP_011410387.1	26.250	160	75	7	242	368	5	154	4.0	25.4
MRSS_00373	WP_011409991.1	36.364	44	26	1	237	278	86	129	4.1	25.8
MRSS_00373	WP_011410905.1	27.059	85	53	4	2	77	323	407	7.7	25.0
MRSS_00373	WP_041866509.1	28.261	46	33	0	153	198	5	50	7.9	23.1
MRSS_00373	WP_011410856.1	27.119	59	37	2	242	300	372	424	8.0	25.0
MRSS_00373	WP_011412104.1	34.783	46	30	0	242	287	341	386	9.3	24.6
MRSS_00374	WP_011409952.1	94.737	285	15	0	1	285	1	285	0.0	560
MRSS_00374	WP_011410115.1	28.571	259	124	9	49	280	377	601	3.69e-20	86.7
MRSS_00374	WP_011409924.1	25.592	211	130	8	77	280	44	234	1.99e-08	50.1
MRSS_00374	WP_279379447.1	54.545	22	10	0	250	271	41	62	0.90	25.4
MRSS_00374	WP_011410293.1	28.736	87	52	3	12	97	854	931	2.1	26.2
MRSS_00374	WP_011410778.1	58.824	17	7	0	254	270	118	134	2.7	25.0
MRSS_00374	WP_198408750.1	40.741	27	16	0	250	276	163	189	2.8	25.4
MRSS_00374	WP_083764670.1	35.484	31	20	0	248	278	179	209	4.4	24.6
MRSS_00374	WP_279379471.1	36.364	44	23	2	13	56	6	44	4.5	23.5
MRSS_00374	WP_011410952.1	30.556	36	25	0	246	281	48	83	8.8	23.9
MRSS_00374	WP_011410372.1	28.169	71	45	2	136	200	65	135	9.2	23.9
MRSS_00374	WP_011410715.1	28.788	66	44	1	222	284	125	190	9.2	23.9
MRSS_00375	WP_011410760.1	82.548	361	61	1	1	361	1	359	0.0	590
MRSS_00375	WP_011411101.1	25.641	156	100	6	175	325	140	284	0.061	31.2
MRSS_00375	WP_424141128.1	37.143	35	21	1	91	125	78	111	0.47	28.1
MRSS_00375	WP_011410321.1	35.556	45	27	1	274	318	134	176	1.3	26.9
MRSS_00375	WP_011411756.1	32.000	50	26	3	307	348	10	59	2.5	25.8
MRSS_00375	WP_041866854.1	30.769	78	41	4	168	243	11	77	2.6	25.0
MRSS_00375	WP_011411621.1	39.286	28	17	0	298	325	198	225	3.1	25.8
MRSS_00375	WP_050747801.1	29.630	54	38	0	97	150	70	123	4.8	25.0
MRSS_00375	WP_011411294.1	25.333	75	56	0	142	216	612	686	7.8	24.6
MRSS_00375	WP_000929399.1	35.714	42	25	1	101	140	51	92	7.8	24.3
MRSS_00375	WP_011410230.1	37.838	37	22	1	89	125	69	104	9.3	24.3
MRSS_00376	WP_011410547.1	30.000	50	31	1	20	65	350	399	1.0	23.5
MRSS_00376	WP_011410365.1	53.846	26	11	1	36	61	22	46	1.6	23.1
MRSS_00376	WP_279379464.1	32.609	46	26	2	29	73	9	50	1.8	22.3
MRSS_00376	WP_011411692.1	53.846	13	6	0	2	14	316	328	9.7	20.8
MRSS_00377	WP_011410291.1	75.824	273	66	0	1	273	1	273	5.51e-150	417
MRSS_00377	WP_011410273.1	27.586	58	35	1	210	267	7	57	0.10	30.0
MRSS_00377	WP_011410454.1	26.190	84	61	1	129	212	65	147	0.54	27.7
MRSS_00377	WP_243465999.1	34.286	35	21	1	206	240	154	186	1.5	26.2
MRSS_00377	WP_011410698.1	25.641	78	48	3	175	244	20	95	2.8	25.0
MRSS_00377	WP_011410087.1	32.653	49	23	2	220	266	67	107	4.1	24.6
MRSS_00377	WP_243466069.1	34.286	35	21	1	206	240	153	185	4.5	25.0
MRSS_00377	WP_011410612.1	34.286	35	21	1	206	240	152	184	6.7	24.3
MRSS_00377	WP_011409923.1	26.531	49	36	0	31	79	334	382	8.2	24.3
MRSS_00377	WP_011412200.1	23.711	97	58	2	1	93	53	137	8.9	23.9
MRSS_00378	WP_011410290.1	83.718	780	127	0	9	788	1	780	0.0	1369
MRSS_00378	WP_011410280.1	29.268	82	41	4	653	726	227	299	0.64	29.3
MRSS_00378	WP_011410849.1	38.462	26	16	0	510	535	126	151	1.8	28.1
MRSS_00378	WP_041866828.1	48.000	25	13	0	546	570	10	34	5.8	26.2
MRSS_00378	WP_198408739.1	27.027	37	27	0	368	404	98	134	7.1	25.8
MRSS_00378	WP_011410259.1	32.787	61	28	4	675	722	41	101	9.0	25.8
MRSS_00378	WP_050747876.1	22.034	118	74	4	137	236	71	188	9.8	25.4
MRSS_00379	WP_011410289.1	80.420	429	84	0	1	429	1	429	0.0	700
MRSS_00379	WP_011410538.1	25.078	319	162	13	27	272	40	354	3.56e-06	45.4
MRSS_00379	WP_011410538.1	36.471	85	46	5	303	382	273	354	3.43e-05	42.4
MRSS_00379	WP_011410587.1	29.730	74	51	1	228	301	97	169	0.024	33.1
MRSS_00379	WP_011411169.1	39.286	28	17	0	402	429	75	102	2.8	26.6
MRSS_00379	WP_148203395.1	30.108	93	37	3	306	370	8	100	3.4	25.0
MRSS_00379	WP_011411574.1	32.787	61	40	1	105	165	313	372	3.6	26.2
MRSS_00379	WP_011410935.1	34.211	38	25	0	163	200	899	936	3.7	26.2
MRSS_00379	WP_011410691.1	34.426	61	29	3	326	378	607	664	3.9	26.2
MRSS_00379	WP_011410916.1	35.714	28	18	0	89	116	22	49	8.5	22.7
MRSS_00379	WP_011411243.1	55.000	20	9	0	56	75	398	417	9.0	25.0
MRSS_00380	WP_011279223.1	33.333	36	24	0	7	42	112	147	0.20	25.0
MRSS_00380	WP_011411427.1	36.000	25	16	0	10	34	395	419	1.2	22.7
MRSS_00380	WP_243466181.1	40.000	20	12	0	10	29	1	20	3.1	21.2
MRSS_00380	WP_011411280.1	50.000	18	9	0	25	42	268	285	3.7	21.2
MRSS_00380	WP_011410084.1	37.500	40	24	1	4	42	699	738	4.0	21.2
MRSS_00380	WP_011410933.1	28.000	25	18	0	30	54	396	420	5.9	20.8
MRSS_00381	WP_011411774.1	45.833	24	13	0	19	42	118	141	0.47	24.6
MRSS_00381	WP_070108730.1	36.842	38	23	1	27	63	169	206	0.81	24.3
MRSS_00381	WP_041866716.1	30.556	36	25	0	36	71	4	39	2.3	22.3
MRSS_00381	WP_011411707.1	44.000	25	14	0	57	81	90	114	4.2	22.3
MRSS_00381	WP_011410705.1	31.250	48	25	2	2	43	206	251	6.0	21.9
MRSS_00381	WP_011411401.1	35.135	37	24	0	14	50	538	574	6.8	21.6
MRSS_00381	WP_011410147.1	29.268	41	20	1	1	32	17	57	7.5	21.6
MRSS_00381	WP_011412217.1	23.214	56	41	1	25	80	185	238	10.0	21.2
MRSS_00382	WP_011410287.1	80.827	266	51	0	1	266	1	266	2.64e-160	442
MRSS_00382	WP_011410563.1	41.667	36	15	1	232	267	666	695	1.2	26.6
MRSS_00382	WP_148203423.1	32.432	37	23	1	25	61	12	46	1.7	24.3
MRSS_00382	WP_011411903.1	40.541	37	21	1	72	108	25	60	2.0	26.2
MRSS_00382	WP_011411455.1	47.826	23	12	0	42	64	243	265	2.1	25.8
MRSS_00382	WP_050747614.1	55.556	18	8	0	25	42	176	193	3.5	25.0
MRSS_00382	WP_011412116.1	43.478	23	9	1	178	196	25	47	4.2	25.0
MRSS_00382	WP_041866499.1	37.838	37	21	1	25	61	115	149	5.7	24.3
MRSS_00382	WP_011410174.1	30.000	90	43	5	174	246	161	247	5.7	24.6
MRSS_00383	WP_011410286.1	73.600	125	33	0	1	125	1	125	1.67e-65	191
MRSS_00383	WP_148203481.1	46.154	26	12	1	28	53	20	43	0.69	24.6
MRSS_00383	WP_041867289.1	46.154	26	12	1	28	53	41	64	0.71	24.6
MRSS_00383	WP_011411446.1	28.000	25	18	0	74	98	48	72	5.1	23.1
MRSS_00383	WP_011410121.1	41.667	24	14	0	47	70	21	44	6.1	22.7
MRSS_00383	WP_011410702.1	63.636	11	4	0	49	59	145	155	6.8	22.3
MRSS_00383	WP_041866759.1	28.889	45	30	1	23	67	199	241	7.6	22.3
MRSS_00383	WP_011411172.1	36.667	30	18	1	4	32	279	308	7.8	22.7
MRSS_00383	WP_050747899.1	22.222	72	42	2	56	114	23	93	8.2	21.9
MRSS_00383	WP_050747399.1	23.077	39	30	0	29	67	62	100	8.5	21.9
MRSS_00383	WP_050747569.1	23.333	30	23	0	38	67	8	37	9.7	21.2
MRSS_00384	WP_011410285.1	83.088	272	46	0	1	272	1	272	4.88e-172	473
MRSS_00384	WP_041867362.1	46.429	28	15	0	210	237	154	181	0.079	30.4
MRSS_00384	WP_011410566.1	38.095	42	22	1	1	38	1	42	1.7	26.2
MRSS_00384	WP_011411540.1	27.500	40	29	0	180	219	42	81	2.6	25.4
MRSS_00384	WP_011412269.1	24.074	54	40	1	13	66	106	158	4.0	24.6
MRSS_00384	WP_424141177.1	41.667	24	14	0	6	29	201	224	4.4	24.6
MRSS_00384	WP_011410490.1	30.435	46	20	1	194	227	416	461	4.5	25.0
MRSS_00384	WP_011410507.1	33.333	39	23	2	30	68	58	93	5.6	23.9
MRSS_00384	WP_011410220.1	26.852	108	65	4	9	111	174	272	5.7	24.6
MRSS_00384	WP_050747309.1	33.803	71	40	4	176	246	165	228	6.2	24.3
MRSS_00384	WP_243466223.1	34.146	41	25	1	207	247	48	86	7.7	23.5
MRSS_00384	WP_041866736.1	28.205	39	26	1	107	145	41	77	9.6	23.5
MRSS_00384	WP_011412082.1	29.167	48	34	0	110	157	84	131	10.0	23.5
MRSS_00385	WP_011410284.1	87.421	159	20	0	1	159	1	159	5.24e-105	293
MRSS_00385	WP_011410819.1	22.917	48	37	0	109	156	160	207	1.4	25.4
MRSS_00385	WP_148203418.1	38.889	18	11	0	137	154	24	41	6.5	23.1
MRSS_00385	WP_011410499.1	38.889	36	15	2	83	114	2	34	7.4	23.1
MRSS_00385	WP_011410483.1	36.842	19	12	0	31	49	496	514	8.4	23.1
MRSS_00385	WP_011412144.1	50.000	16	8	0	26	41	342	357	9.8	22.7
MRSS_00386	WP_011410283.1	92.631	1072	79	0	1	1072	1	1072	0.0	2056
MRSS_00386	WP_011410016.1	23.098	368	237	12	99	439	92	440	3.05e-06	47.0
MRSS_00386	WP_011410016.1	22.703	185	116	4	705	874	149	321	7.79e-06	45.8
MRSS_00386	WP_011410007.1	33.735	83	52	2	944	1026	9	88	0.025	34.7
MRSS_00386	WP_011411101.1	25.472	106	70	3	74	178	67	164	0.61	30.0
MRSS_00386	WP_011410202.1	26.667	165	93	7	694	846	125	273	3.4	27.3
MRSS_00386	WP_011411308.1	23.404	47	36	0	73	119	267	313	3.9	27.3
MRSS_00386	WP_011412013.1	29.762	84	45	4	823	903	218	290	4.5	26.9
MRSS_00386	WP_041866633.1	33.962	53	30	2	618	670	52	99	7.6	25.8
MRSS_00387	WP_011410282.1	89.119	386	40	1	1	386	1	384	0.0	709
MRSS_00387	WP_011412110.1	27.612	134	87	3	231	355	44	176	2.07e-12	62.0
MRSS_00387	WP_011411572.1	22.857	105	75	3	191	290	7	110	1.19e-04	40.0
MRSS_00387	WP_050747335.1	44.828	29	14	1	103	129	91	119	0.57	28.1
MRSS_00387	WP_243466237.1	31.250	64	35	1	104	158	28	91	1.2	25.8
MRSS_00387	WP_011410485.1	56.522	23	9	1	262	284	372	393	5.1	25.4
MRSS_00387	WP_011410485.1	19.811	106	80	2	280	380	437	542	9.0	24.6
MRSS_00387	WP_011410961.1	66.667	15	5	0	265	279	73	87	5.7	24.6
MRSS_00387	WP_011410147.1	24.731	93	52	3	49	126	66	155	6.4	24.6
MRSS_00387	WP_041866886.1	31.250	32	19	1	166	197	38	66	10.0	23.1
MRSS_00388	WP_011411764.1	82.278	237	42	0	1	237	1	237	2.19e-149	412
MRSS_00388	WP_011411990.1	39.474	38	16	2	93	129	273	304	1.8	25.8
MRSS_00388	WP_011410557.1	32.432	37	21	1	97	129	244	280	2.3	25.4
MRSS_00388	WP_011410529.1	31.250	64	39	2	51	112	139	199	2.4	25.4
MRSS_00388	WP_011411819.1	37.500	32	19	1	68	99	116	146	2.9	25.0
MRSS_00388	WP_011411803.1	23.684	76	48	2	94	159	194	269	3.0	25.4
MRSS_00388	WP_011411213.1	45.455	22	12	0	60	81	50	71	3.1	24.6
MRSS_00388	WP_011411658.1	27.097	155	95	6	60	211	132	271	3.8	24.6
MRSS_00388	WP_011411607.1	25.000	68	31	1	180	227	36	103	4.1	23.9
MRSS_00388	WP_011410483.1	20.370	54	38	1	61	114	447	495	5.3	24.6
MRSS_00388	WP_011411228.1	52.174	23	9	1	131	151	58	80	6.5	24.3
MRSS_00388	WP_011411189.1	40.741	27	11	1	172	198	254	275	6.6	24.3
MRSS_00389	WP_011411767.1	83.008	359	59	1	1	359	1	357	0.0	625
MRSS_00389	WP_050747410.1	46.809	47	21	1	195	237	30	76	1.54e-04	38.5
MRSS_00389	WP_001569387.1	27.350	117	77	3	195	309	76	186	4.64e-04	37.4
MRSS_00389	WP_011410341.1	26.316	133	79	5	189	318	104	220	0.002	36.2
MRSS_00389	WP_011410718.1	35.294	34	22	0	294	327	22	55	0.35	28.9
MRSS_00389	WP_011412164.1	27.848	79	52	2	17	93	2	77	0.93	26.9
MRSS_00389	WP_011410852.1	35.897	39	25	0	127	165	102	140	1.4	26.9
MRSS_00389	WP_011410099.1	27.397	73	39	2	92	164	31	89	1.7	26.6
MRSS_00389	WP_011409917.1	28.125	32	23	0	308	339	94	125	2.0	26.6
MRSS_00389	WP_011412068.1	36.170	47	23	2	300	345	67	107	8.6	24.6
MRSS_00390	WP_011411766.1	82.927	82	14	0	1	82	1	82	6.22e-51	151
MRSS_00390	WP_243466069.1	31.034	29	18	1	18	46	330	356	0.66	24.6
MRSS_00390	WP_243466000.1	34.783	23	15	0	17	39	66	88	1.2	23.5
MRSS_00390	WP_011409957.1	40.909	22	9	1	22	39	685	706	4.3	22.3
MRSS_00390	WP_011410387.1	23.077	26	20	0	27	52	42	67	5.1	21.9
MRSS_00390	WP_011411560.1	34.615	26	17	0	31	56	91	116	6.4	21.6
MRSS_00390	WP_011279193.1	32.258	31	19	1	21	51	291	319	9.5	21.2
MRSS_00390	WP_011409975.1	30.435	23	16	0	40	62	42	64	9.7	21.2
MRSS_00391	WP_011411765.1	81.543	363	67	0	1	363	1	363	0.0	612
MRSS_00391	WP_011411269.1	23.711	194	138	4	29	221	27	211	2.11e-11	59.3
MRSS_00391	WP_050747753.1	55.556	18	8	0	14	31	6	23	0.66	26.2
MRSS_00391	WP_011411090.1	47.059	17	9	0	107	123	105	121	2.9	25.8
MRSS_00391	WP_011411719.1	39.130	46	21	3	317	357	459	502	2.9	26.2
MRSS_00391	WP_011411726.1	37.037	27	17	0	269	295	6	32	3.0	24.6
MRSS_00391	WP_011410664.1	27.160	81	49	3	256	332	61	135	4.2	25.4
MRSS_00391	WP_011412107.1	32.075	53	34	1	131	181	61	113	5.7	25.0
MRSS_00391	WP_011410536.1	40.000	20	12	0	116	135	358	377	6.7	25.0
MRSS_00391	WP_011412046.1	30.303	33	23	0	286	318	516	548	8.1	24.6
MRSS_00391	WP_050747347.1	52.941	17	8	0	293	309	72	88	8.2	23.5
MRSS_00391	WP_011410915.1	22.000	50	39	0	182	231	55	104	8.3	24.3
MRSS_00391	WP_011411928.1	37.037	27	17	0	228	254	98	124	9.2	23.9
MRSS_00391	WP_011410862.1	28.947	38	27	0	281	318	143	180	9.7	24.3
MRSS_00392	WP_011412125.1	35.714	42	27	0	18	59	36	77	0.77	23.5
MRSS_00392	WP_011410401.1	32.692	52	26	1	5	47	376	427	4.4	21.6
MRSS_00392	WP_011411618.1	46.667	15	8	0	39	53	431	445	5.3	21.2
MRSS_00392	WP_011411112.1	52.941	17	8	0	22	38	130	146	5.7	21.2
MRSS_00392	WP_011411189.1	43.750	16	9	0	1	16	358	373	7.0	20.8
MRSS_00392	WP_011412128.1	42.105	38	14	2	18	54	291	321	8.0	20.8
MRSS_00392	WP_011411002.1	44.444	18	10	0	38	55	74	91	9.6	20.4
MRSS_00393	WP_011410524.1	64.844	128	30	2	1	120	182	302	2.01e-53	166
MRSS_00393	WP_243466083.1	44.444	27	15	0	5	31	114	140	1.2	24.6
MRSS_00393	WP_011410830.1	23.684	76	42	2	54	113	83	158	3.2	23.5
MRSS_00393	WP_243466256.1	32.500	40	26	1	37	76	237	275	4.6	23.1
MRSS_00393	WP_011410283.1	26.087	69	44	2	28	92	723	788	4.7	23.1
MRSS_00393	WP_011411978.1	30.952	42	24	1	65	101	619	660	5.2	23.1
MRSS_00393	WP_011411501.1	30.303	33	23	0	76	108	317	349	6.5	22.7
MRSS_00393	WP_011410937.1	32.500	40	27	0	20	59	120	159	8.5	22.3
MRSS_00394	WP_011410504.1	30.303	33	19	1	1	29	523	555	4.4	21.2
MRSS_00394	WP_011412109.1	31.579	19	13	0	30	48	87	105	6.7	20.4
MRSS_00394	WP_011411075.1	35.294	17	11	0	1	17	132	148	7.8	20.4
MRSS_00394	WP_041866930.1	42.857	21	12	0	26	46	238	258	9.2	20.0
MRSS_00395	WP_011410064.1	94.191	241	14	0	1	241	1	241	4.72e-168	459
MRSS_00395	WP_011411530.1	31.452	248	158	6	1	241	1	243	5.10e-37	130
MRSS_00395	WP_011410773.1	31.405	242	159	3	1	235	1	242	5.48e-31	111
MRSS_00395	WP_011410787.1	30.804	224	138	4	8	224	25	238	5.79e-29	108
MRSS_00395	WP_011411857.1	32.381	210	138	3	19	225	21	229	1.52e-28	107
MRSS_00395	WP_011410457.1	30.088	226	142	4	7	225	8	224	5.98e-28	104
MRSS_00395	WP_011410956.1	32.547	212	138	4	13	219	12	223	1.41e-27	102
MRSS_00395	WP_011410069.1	31.222	221	148	3	16	233	20	239	1.52e-26	100
MRSS_00395	WP_011410668.1	28.700	223	153	5	7	226	5	224	1.36e-25	97.1
MRSS_00395	WP_011411337.1	28.821	229	153	4	18	241	34	257	2.82e-25	97.1
MRSS_00395	WP_011410294.1	29.439	214	146	3	24	236	20	229	3.93e-25	95.9
MRSS_00395	WP_011410825.1	24.569	232	172	2	7	236	17	247	2.82e-22	91.3
MRSS_00395	WP_011410825.1	25.893	224	147	4	19	228	279	497	1.84e-16	74.3
MRSS_00395	WP_011411092.1	29.545	220	130	6	1	213	1	202	1.16e-21	87.0
MRSS_00395	WP_011411360.1	28.151	238	160	4	4	234	6	239	2.40e-20	83.6
MRSS_00395	WP_011409950.1	28.507	221	146	5	7	219	5	221	1.62e-17	75.1
MRSS_00395	WP_148203518.1	25.217	230	160	5	13	237	9	231	3.46e-17	74.7
MRSS_00395	WP_011279184.1	22.689	238	179	3	1	234	1	237	1.78e-16	72.8
MRSS_00395	WP_041867326.1	28.351	194	124	4	8	196	6	189	2.97e-16	72.0
MRSS_00395	WP_011410937.1	25.616	203	142	4	4	198	7	208	4.28e-16	71.2
MRSS_00395	WP_011410365.1	26.009	223	145	4	29	240	39	252	7.62e-16	72.4
MRSS_00395	WP_011410365.1	21.973	223	155	5	19	226	278	496	2.37e-11	59.3
MRSS_00395	WP_011410809.1	27.189	217	140	5	16	216	23	237	1.02e-15	72.0
MRSS_00395	WP_011410809.1	25.366	205	142	5	9	205	293	494	6.12e-11	58.2
MRSS_00395	WP_011411196.1	23.288	219	156	5	18	224	41	259	3.69e-15	70.1
MRSS_00395	WP_148203612.1	25.234	214	149	5	17	219	21	234	1.96e-14	67.8
MRSS_00395	WP_011411465.1	28.061	196	123	5	7	196	4	187	3.23e-14	65.9
MRSS_00395	WP_011410738.1	29.858	211	140	6	18	225	355	560	3.48e-14	67.8
MRSS_00395	WP_011411197.1	23.767	223	163	6	14	229	35	257	3.54e-14	67.0
MRSS_00395	WP_011411331.1	25.664	226	134	8	17	216	21	238	1.31e-13	65.5
MRSS_00395	WP_011410856.1	25.114	219	151	6	14	225	354	566	4.02e-13	64.7
MRSS_00395	WP_011410263.1	30.732	205	92	7	12	180	15	205	6.06e-13	63.9
MRSS_00395	WP_011410263.1	29.341	167	93	5	9	169	329	476	1.57e-11	59.7
MRSS_00395	WP_011409928.1	25.991	227	145	7	17	225	21	242	8.26e-13	63.2
MRSS_00395	WP_011411332.1	23.984	246	158	7	1	225	1	238	1.13e-11	59.7
MRSS_00395	WP_011411279.1	28.804	184	125	4	18	197	24	205	1.30e-11	60.1
MRSS_00395	WP_011410751.1	26.027	219	145	4	13	228	35	239	5.22e-11	58.2
MRSS_00395	WP_011411253.1	27.615	239	148	9	18	238	16	247	1.33e-10	56.2
MRSS_00395	WP_011409929.1	22.749	211	155	4	17	220	37	246	2.00e-10	56.2
MRSS_00395	WP_050747487.1	35.616	73	47	0	111	183	109	181	3.41e-09	51.6
MRSS_00395	WP_011410881.1	25.478	157	98	5	16	169	332	472	4.35e-09	52.4
MRSS_00395	WP_011410881.1	24.865	185	103	7	18	175	18	193	6.61e-06	42.7
MRSS_00395	WP_011410541.1	21.028	214	146	6	18	220	356	557	9.27e-09	51.6
MRSS_00395	WP_424141158.1	25.714	105	76	2	18	120	1	105	3.29e-08	47.0
MRSS_00395	WP_011410540.1	25.000	212	141	8	13	215	346	548	9.60e-08	48.5
MRSS_00395	WP_011410562.1	22.111	199	114	4	18	215	26	184	4.87e-07	45.1
MRSS_00395	WP_011411941.1	38.095	84	41	4	134	210	823	902	1.05e-06	45.4
MRSS_00395	WP_011411941.1	28.662	157	95	8	83	225	428	581	1.55e-04	38.9
MRSS_00395	WP_011412104.1	24.883	213	114	7	18	202	16	210	1.18e-06	45.1
MRSS_00395	WP_011412104.1	24.272	206	126	7	4	202	313	495	5.03e-06	43.1
MRSS_00395	WP_243466019.1	35.593	59	37	1	19	76	3	61	9.12e-06	39.3
MRSS_00395	WP_050747733.1	28.723	94	67	0	136	229	68	161	2.03e-05	40.8
MRSS_00395	WP_050747885.1	41.463	41	24	0	18	58	30	70	3.11e-04	35.4
MRSS_00395	WP_050747884.1	31.429	70	47	1	148	216	4	73	6.79e-04	34.7
MRSS_00395	WP_050747734.1	21.519	79	62	0	137	215	116	194	0.23	28.5
MRSS_00395	WP_011411981.1	27.407	135	75	6	13	142	35	151	0.24	28.5
MRSS_00395	WP_424141151.1	44.828	29	16	0	32	60	4	32	0.33	25.4
MRSS_00395	WP_011410864.1	44.000	25	13	1	31	54	29	53	1.7	26.2
MRSS_00395	WP_011410535.1	29.487	78	45	3	137	214	16	83	2.4	25.4
MRSS_00395	WP_011410083.1	33.333	42	21	2	48	89	51	85	2.7	25.0
MRSS_00395	WP_011411178.1	26.667	75	50	2	154	223	108	182	3.1	25.4
MRSS_00395	WP_011411275.1	37.778	45	22	2	39	83	40	78	3.7	24.6
MRSS_00395	WP_011411921.1	30.556	36	21	1	202	233	196	231	4.6	24.6
MRSS_00395	WP_011410510.1	29.545	44	31	0	29	72	60	103	5.1	24.3
MRSS_00396	WP_041866547.1	82.123	179	27	2	1	176	1	177	5.53e-91	260
MRSS_00396	WP_011411490.1	29.412	85	52	3	1	78	30	113	0.057	29.3
MRSS_00396	WP_011410290.1	26.923	52	37	1	27	78	40	90	0.14	28.9
MRSS_00396	WP_011410290.1	29.032	31	22	0	121	151	67	97	8.3	23.5
MRSS_00396	WP_011411407.1	38.889	36	21	1	120	155	66	100	0.70	26.2
MRSS_00396	WP_011410285.1	35.556	45	28	1	43	87	21	64	2.4	24.6
MRSS_00396	WP_011411587.1	31.579	57	37	1	36	92	137	191	5.8	23.9
MRSS_00397	WP_011410066.1	77.604	192	43	0	1	192	1	192	4.15e-104	294
MRSS_00397	WP_011411982.1	29.762	84	54	2	74	154	13	94	0.046	29.6
MRSS_00397	WP_011412234.1	30.303	66	42	2	20	84	278	340	0.65	26.9
MRSS_00397	WP_011410122.1	28.986	69	39	3	32	95	16	79	2.3	25.0
MRSS_00397	WP_011410238.1	35.897	39	25	0	2	40	6	44	3.0	24.3
MRSS_00397	WP_011410686.1	39.286	28	17	0	28	55	73	100	3.3	24.3
MRSS_00397	WP_011411146.1	32.558	43	28	1	157	198	223	265	3.8	24.3
MRSS_00397	WP_011411027.1	30.435	46	27	1	43	88	224	264	5.6	23.9
MRSS_00397	WP_011410599.1	29.630	27	19	0	66	92	48	74	5.9	23.5
MRSS_00398	WP_011410900.1	43.333	60	34	0	1	60	84	143	1.21e-09	49.7
MRSS_00398	WP_011410636.1	41.667	60	35	0	1	60	84	143	7.31e-09	47.4
MRSS_00398	WP_011409963.1	41.667	60	35	0	1	60	84	143	7.79e-09	47.4
MRSS_00398	WP_011410889.1	42.308	52	30	0	9	60	93	144	1.50e-08	46.2
MRSS_00398	WP_011411000.1	34.483	87	55	2	9	94	92	177	3.42e-08	45.4
MRSS_00398	WP_011412178.1	44.000	50	28	0	9	58	92	141	5.06e-08	45.1
MRSS_00398	WP_011410631.1	40.000	40	24	0	9	48	92	131	0.002	32.0
MRSS_00398	WP_011410312.1	38.462	26	16	0	62	87	313	338	3.3	23.1
MRSS_00399	WP_011410061.1	91.772	158	13	0	1	158	1	158	1.47e-107	300
MRSS_00399	WP_011411771.1	27.473	91	64	1	64	154	58	146	7.27e-07	42.7
MRSS_00399	WP_011409879.1	21.970	132	97	3	23	152	508	635	4.27e-06	42.0
MRSS_00399	WP_243466331.1	28.302	53	33	1	21	73	76	123	0.080	28.5
MRSS_00399	WP_011410825.1	28.125	64	34	2	21	80	76	131	1.8	25.0
MRSS_00399	WP_011410522.1	39.130	23	14	0	118	140	90	112	6.3	23.5
MRSS_00400	WP_011410060.1	84.155	284	45	0	1	284	1	284	0.0	498
MRSS_00400	WP_000729861.1	22.222	72	56	0	97	168	276	347	0.82	27.3
MRSS_00400	WP_424141116.1	34.146	41	27	0	77	117	134	174	1.8	25.8
MRSS_00400	WP_011411624.1	47.368	19	10	0	3	21	24	42	2.3	25.8
MRSS_00400	WP_050747508.1	33.333	33	21	1	96	127	18	50	2.6	25.4
MRSS_00400	WP_011411975.1	22.222	162	105	6	80	236	138	283	4.5	25.0
MRSS_00400	WP_041867695.1	35.714	42	24	2	187	228	103	141	4.5	24.6
MRSS_00400	WP_011411949.1	23.171	82	60	1	152	230	69	150	4.9	24.6
MRSS_00400	WP_011410742.1	47.619	21	11	0	1	21	810	830	9.2	24.3
MRSS_00400	WP_011411818.1	35.897	39	23	1	86	124	173	209	9.3	23.9
MRSS_00401	WP_011410455.1	85.556	180	26	0	1	180	1	180	1.05e-105	297
MRSS_00401	WP_011410351.1	27.000	100	63	5	38	137	32	121	0.003	33.1
MRSS_00401	WP_011411824.1	31.915	47	32	0	75	121	196	242	0.083	29.3
MRSS_00401	WP_011412023.1	27.500	40	29	0	95	134	120	159	0.62	26.6
MRSS_00401	WP_011411441.1	42.308	26	15	0	89	114	357	382	2.5	25.0
MRSS_00401	WP_011410665.1	30.909	55	32	2	58	112	31	79	3.9	23.9
MRSS_00401	WP_011410756.1	23.333	150	105	3	35	174	182	331	6.6	23.5
MRSS_00401	WP_011410477.1	32.353	34	21	1	56	89	4	35	7.9	23.5
MRSS_00401	WP_243466014.1	31.034	29	19	1	2	29	226	254	8.3	23.1
MRSS_00401	WP_011411401.1	31.429	35	24	0	100	134	418	452	8.5	23.5
MRSS_00401	WP_011411539.1	22.414	58	30	1	5	62	124	166	9.8	23.1
MRSS_00402	WP_243466253.1	86.593	455	58	1	1	455	12	463	0.0	798
MRSS_00402	WP_011410121.1	26.019	319	200	12	51	360	4	295	6.06e-10	57.0
MRSS_00402	WP_011412012.1	27.500	80	56	1	286	363	111	190	0.48	28.9
MRSS_00402	WP_011412189.1	29.730	74	41	3	117	190	267	329	2.2	26.6
MRSS_00402	WP_011409876.1	32.075	53	36	0	210	262	31	83	2.8	26.2
MRSS_00402	WP_050747388.1	26.087	92	62	3	108	198	13	99	5.0	24.6
MRSS_00403	WP_011410462.1	84.940	166	25	0	1	166	1	166	5.54e-104	291
MRSS_00403	WP_011411613.1	40.000	45	21	3	97	138	483	524	3.8	24.3
MRSS_00403	WP_011411233.1	42.857	35	18	1	48	82	265	297	4.5	23.9
MRSS_00403	WP_011409938.1	48.276	29	14	1	78	105	306	334	4.6	23.9
MRSS_00403	WP_009639145.1	32.000	25	17	0	65	89	38	62	6.7	23.1
MRSS_00404	WP_011412142.1	90.977	266	24	0	1	266	1	266	0.0	511
MRSS_00404	WP_243466215.1	28.571	70	47	3	4	71	9	77	0.22	27.7
MRSS_00404	WP_011410261.1	32.787	61	37	2	183	240	239	298	0.25	28.9
MRSS_00404	WP_424141186.1	25.000	52	39	0	84	135	106	157	2.4	25.4
MRSS_00404	WP_011411560.1	26.415	53	39	0	29	81	253	305	5.0	24.6
MRSS_00404	WP_011411411.1	33.333	30	20	0	183	212	404	433	5.3	24.6
MRSS_00404	WP_011410742.1	42.424	33	17	1	26	56	966	998	5.8	24.6
MRSS_00404	WP_011410461.1	25.758	66	48	1	130	195	147	211	6.3	24.3
MRSS_00404	WP_011410709.1	27.059	85	49	4	111	187	46	125	10.0	23.1
MRSS_00405	WP_011410890.1	78.049	205	45	0	1	205	1	205	8.02e-118	335
MRSS_00405	WP_011411327.1	23.944	142	96	5	69	200	149	288	1.6	25.8
MRSS_00405	WP_011410457.1	27.451	51	37	0	140	190	259	309	1.9	25.4
MRSS_00405	WP_011410953.1	37.500	40	24	1	64	103	70	108	4.2	24.3
MRSS_00405	WP_011410216.1	29.310	58	29	1	80	125	307	364	4.4	24.6
MRSS_00405	WP_011411282.1	30.000	80	45	3	53	129	389	460	4.4	24.3
MRSS_00405	WP_011411281.1	34.375	32	21	0	44	75	344	375	4.7	24.3
MRSS_00405	WP_011410132.1	35.714	28	18	0	76	103	203	230	5.8	23.9
MRSS_00405	WP_011411921.1	27.692	65	44	1	143	204	393	457	9.5	23.5
MRSS_00405	WP_011410380.1	30.000	30	21	0	14	43	5	34	9.7	23.1
MRSS_00406	WP_050747702.1	24.286	70	52	1	107	175	4	73	0.007	31.6
MRSS_00406	WP_011410227.1	35.135	37	21	1	164	200	1	34	2.0	24.3
MRSS_00406	WP_011410891.1	26.190	42	31	0	116	157	553	594	2.9	25.0
MRSS_00406	WP_011410541.1	28.169	71	45	2	2	72	443	507	6.4	23.9
MRSS_00406	WP_041867178.1	57.895	19	6	1	98	116	18	34	8.1	22.3
MRSS_00407	WP_011411940.1	85.143	175	26	0	1	175	1	175	1.68e-109	306
MRSS_00407	WP_041866756.1	28.488	172	78	6	6	175	3	131	3.08e-13	60.1
MRSS_00407	WP_041867407.1	32.000	100	62	2	6	105	3	96	1.91e-10	52.8
MRSS_00407	WP_243466272.1	25.000	116	50	2	60	175	1	79	1.49e-05	38.1
MRSS_00407	WP_011279237.1	29.032	93	62	2	13	105	4	92	4.25e-04	35.4
MRSS_00407	WP_011411921.1	29.167	48	32	2	87	134	416	461	1.0	26.2
MRSS_00407	WP_050747903.1	25.882	85	54	2	92	170	6	87	2.3	24.6
MRSS_00407	WP_158302445.1	30.233	43	26	2	1	43	66	104	2.4	24.3
MRSS_00407	WP_243466231.1	27.907	43	31	0	25	67	43	85	4.3	23.5
MRSS_00407	WP_083764838.1	38.235	34	14	1	57	83	21	54	4.3	23.1
MRSS_00407	WP_166506412.1	40.000	25	15	0	113	137	17	41	5.6	22.3
MRSS_00407	WP_050747596.1	34.211	38	20	2	88	125	58	90	9.3	22.7
MRSS_00408	WP_011411941.1	87.407	945	119	0	1	945	1	945	0.0	1697
MRSS_00408	WP_011411337.1	43.023	86	45	2	812	897	138	219	3.75e-10	58.2
MRSS_00408	WP_011411337.1	34.848	66	41	1	482	547	150	213	5.59e-04	38.9
MRSS_00408	WP_011411337.1	40.541	37	22	0	623	659	35	71	0.054	32.7
MRSS_00408	WP_011411279.1	38.667	75	43	1	830	904	146	217	5.49e-09	55.8
MRSS_00408	WP_011411279.1	35.065	77	48	1	487	563	146	220	1.03e-04	42.0
MRSS_00408	WP_011411279.1	50.000	34	17	0	618	651	20	53	0.20	31.6
MRSS_00408	WP_011411279.1	43.750	32	18	0	9	40	20	51	6.7	26.6
MRSS_00408	WP_041867326.1	42.683	82	41	3	811	891	113	189	7.33e-08	50.8
MRSS_00408	WP_041867326.1	27.820	133	85	4	428	556	71	196	0.001	38.1
MRSS_00408	WP_041867326.1	61.111	18	7	0	633	650	27	44	9.7	25.4
MRSS_00408	WP_011410738.1	41.558	77	41	2	823	899	468	540	1.33e-07	51.6
MRSS_00408	WP_011410738.1	30.435	115	70	4	468	582	457	561	0.003	37.4
MRSS_00408	WP_011410738.1	41.379	29	17	0	623	651	356	384	9.4	25.8
MRSS_00408	WP_011410064.1	33.628	113	54	6	818	924	127	224	1.56e-07	49.7
MRSS_00408	WP_011410064.1	30.719	153	89	7	433	581	86	225	2.09e-05	43.1
MRSS_00408	WP_011410787.1	31.579	133	82	4	462	592	126	251	4.46e-07	49.3
MRSS_00408	WP_011410787.1	26.623	154	96	7	791	936	107	251	0.046	33.1
MRSS_00408	WP_011411360.1	38.235	102	48	5	830	924	136	229	5.71e-06	45.1
MRSS_00408	WP_011411360.1	35.455	110	53	6	481	581	130	230	2.02e-04	40.4
MRSS_00408	WP_011410956.1	31.481	108	64	3	830	936	142	240	6.10e-06	45.1
MRSS_00408	WP_011410956.1	26.549	113	74	3	482	593	137	241	0.002	37.0
MRSS_00408	WP_011410956.1	50.000	28	14	0	623	650	18	45	0.83	28.9
MRSS_00408	WP_011410956.1	44.444	27	15	0	14	40	18	44	6.3	26.2
MRSS_00408	WP_148203518.1	34.211	114	61	5	811	923	117	217	6.36e-06	45.1
MRSS_00408	WP_148203518.1	28.696	115	75	4	482	594	130	239	0.034	33.5
MRSS_00408	WP_148203518.1	40.000	35	21	0	623	657	15	49	3.5	26.9
MRSS_00408	WP_011411197.1	34.118	85	52	2	813	896	148	229	2.92e-05	43.5
MRSS_00408	WP_011411197.1	26.357	129	84	5	457	584	138	256	0.004	36.6
MRSS_00408	WP_011410365.1	24.022	179	125	6	478	655	141	309	4.76e-05	43.1
MRSS_00408	WP_011410365.1	30.556	72	47	2	829	899	149	218	3.61e-04	40.0
MRSS_00408	WP_011279184.1	30.909	110	70	4	829	936	139	244	9.58e-05	41.6
MRSS_00408	WP_011279184.1	35.714	42	27	0	610	651	6	47	0.27	30.4
MRSS_00408	WP_011279184.1	35.484	31	20	0	10	40	15	45	0.94	28.9
MRSS_00408	WP_011411857.1	30.000	100	64	3	800	896	109	205	9.78e-05	41.6
MRSS_00408	WP_011411857.1	26.271	118	78	5	486	601	140	250	0.003	37.4
MRSS_00408	WP_011411857.1	50.000	28	14	0	623	650	21	48	1.7	28.1
MRSS_00408	WP_011410856.1	38.043	92	46	4	814	902	466	549	9.88e-05	42.0
MRSS_00408	WP_011410856.1	42.857	35	20	0	617	651	353	387	0.21	31.2
MRSS_00408	WP_011410856.1	30.208	96	58	3	487	582	481	567	0.32	30.8
MRSS_00408	WP_011410856.1	44.118	34	19	0	8	41	353	386	0.33	30.8
MRSS_00408	WP_011410809.1	29.752	121	70	3	777	896	384	490	9.99e-05	42.0
MRSS_00408	WP_011410809.1	30.702	114	62	4	822	933	150	248	6.36e-04	39.7
MRSS_00408	WP_011410809.1	25.698	179	108	7	487	648	158	328	0.072	32.7
MRSS_00408	WP_011410809.1	29.545	88	59	2	470	556	409	494	0.12	32.0
MRSS_00408	WP_011410773.1	29.078	141	78	6	805	936	121	248	1.12e-04	41.2
MRSS_00408	WP_011410773.1	31.000	100	60	3	487	585	145	236	7.35e-04	38.5
MRSS_00408	WP_011410773.1	44.444	45	20	2	1	40	1	45	0.14	31.6
MRSS_00408	WP_011411465.1	30.882	136	77	7	762	891	63	187	1.29e-04	40.4
MRSS_00408	WP_011411465.1	31.250	64	42	1	484	547	126	187	0.55	29.3
MRSS_00408	WP_011411530.1	26.404	178	114	8	412	586	67	230	1.83e-04	40.8
MRSS_00408	WP_011411530.1	30.894	123	72	6	805	924	112	224	0.002	37.7
MRSS_00408	WP_011411530.1	37.500	40	25	0	1	40	5	44	0.86	29.3
MRSS_00408	WP_011411530.1	39.394	33	20	0	618	650	13	45	1.9	28.1
MRSS_00408	WP_011411092.1	32.353	102	58	4	485	584	119	211	3.59e-04	39.7
MRSS_00408	WP_011411092.1	29.825	171	89	9	776	935	67	217	0.001	38.1
MRSS_00408	WP_011410457.1	34.783	69	42	1	825	893	132	197	0.001	37.7
MRSS_00408	WP_148203612.1	30.657	137	71	6	822	938	144	276	0.002	37.7
MRSS_00408	WP_148203612.1	40.426	47	21	2	14	53	23	69	0.55	29.6
MRSS_00408	WP_148203612.1	37.143	35	22	0	623	657	23	57	9.4	25.8
MRSS_00408	WP_011409929.1	26.891	119	79	4	467	584	143	254	0.002	37.7
MRSS_00408	WP_011409929.1	27.049	122	83	4	783	902	117	234	0.003	37.0
MRSS_00408	WP_011410562.1	39.394	66	33	3	487	549	107	168	0.002	36.6
MRSS_00408	WP_011410562.1	39.683	63	34	3	830	891	107	166	0.076	32.0
MRSS_00408	WP_011410825.1	25.556	90	54	2	829	908	149	235	0.002	37.7
MRSS_00408	WP_011410825.1	29.688	64	42	1	829	892	406	466	0.20	31.6
MRSS_00408	WP_011410668.1	32.941	85	52	3	809	892	116	196	0.003	37.0
MRSS_00408	WP_011410668.1	24.832	149	99	6	440	586	92	229	0.097	32.0
MRSS_00408	WP_011410263.1	38.961	77	38	3	824	897	439	509	0.003	37.4
MRSS_00408	WP_011410263.1	36.364	77	42	3	829	904	162	232	0.004	37.0
MRSS_00408	WP_011410263.1	22.441	254	131	11	486	678	162	410	0.35	30.8
MRSS_00408	WP_011410263.1	45.161	31	17	0	10	40	18	48	6.6	26.6
MRSS_00408	WP_011410937.1	36.765	68	39	2	830	896	147	211	0.003	36.6
MRSS_00408	WP_011410937.1	43.333	30	17	0	11	40	23	52	0.046	32.7
MRSS_00408	WP_011410937.1	31.132	106	57	6	446	547	113	206	0.051	32.7
MRSS_00408	WP_011410937.1	48.276	29	15	0	623	651	26	54	0.17	31.2
MRSS_00408	WP_011410541.1	34.118	85	52	2	820	904	467	547	0.008	35.8
MRSS_00408	WP_011410541.1	46.429	28	15	0	14	41	357	384	1.5	28.5
MRSS_00408	WP_011410541.1	44.444	27	15	0	623	649	357	383	6.9	26.6
MRSS_00408	WP_011409950.1	33.065	124	65	6	455	568	106	221	0.009	35.0
MRSS_00408	WP_011409950.1	26.761	71	49	1	830	900	138	205	0.26	30.4
MRSS_00408	WP_050747733.1	35.938	64	38	1	830	893	70	130	0.009	35.0
MRSS_00408	WP_050747733.1	30.769	78	51	2	481	557	64	139	5.5	26.6
MRSS_00408	WP_011410294.1	29.204	113	65	5	782	893	93	191	0.017	34.3
MRSS_00408	WP_011410294.1	31.532	111	59	6	472	570	116	221	2.8	27.3
MRSS_00408	WP_050747884.1	40.000	45	26	1	853	896	14	58	0.081	30.8
MRSS_00408	WP_424141158.1	55.556	27	12	0	14	40	2	28	0.11	30.4
MRSS_00408	WP_424141158.1	50.000	28	14	0	623	650	2	29	0.83	28.1
MRSS_00408	WP_011410069.1	31.868	182	106	9	441	618	100	267	0.14	31.6
MRSS_00408	WP_011410069.1	35.714	42	22	1	4	40	8	49	3.0	27.3
MRSS_00408	WP_050747734.1	33.824	68	36	3	829	893	116	177	0.19	30.8
MRSS_00408	WP_050747734.1	25.333	75	54	1	486	560	116	188	2.5	27.3
MRSS_00408	WP_011410540.1	29.762	84	51	3	823	904	466	543	0.65	29.6
MRSS_00408	WP_011410540.1	31.646	79	47	3	487	563	473	546	6.3	26.6
MRSS_00408	WP_041867253.1	39.216	51	21	2	599	649	65	105	1.4	27.7
MRSS_00408	WP_148203453.1	36.585	41	25	1	690	729	4	44	2.1	26.2
MRSS_00408	WP_011411196.1	30.337	89	56	3	14	99	42	127	2.4	27.7
MRSS_00408	WP_011410481.1	29.577	71	47	2	378	446	843	912	2.5	28.1
MRSS_00408	WP_243466081.1	30.000	30	21	0	318	347	46	75	3.0	26.9
MRSS_00408	WP_011410881.1	34.211	76	41	3	829	901	440	509	3.0	27.7
MRSS_00408	WP_011412128.1	24.684	158	78	7	34	153	386	540	3.3	27.3
MRSS_00408	WP_011411253.1	34.375	64	33	3	830	890	146	203	4.6	26.6
MRSS_00408	WP_011410925.1	48.485	33	14	1	25	54	4	36	6.8	26.2
MRSS_00408	WP_011410496.1	68.750	16	5	0	26	41	35	50	7.6	25.8
MRSS_00408	WP_011411681.1	28.723	94	58	2	772	856	38	131	7.8	26.2
MRSS_00408	WP_158302423.1	35.294	34	22	0	602	635	278	311	8.1	26.2
MRSS_00409	WP_011411948.1	81.924	343	62	0	6	348	1	343	0.0	587
MRSS_00409	WP_011410409.1	33.333	33	22	0	118	150	317	349	3.0	25.8
MRSS_00409	WP_011411419.1	26.582	79	43	3	111	185	213	280	3.5	25.8
MRSS_00409	WP_011411222.1	34.375	32	21	0	167	198	393	424	4.0	25.4
MRSS_00409	WP_011409877.1	28.889	45	31	1	26	70	135	178	5.4	25.0
MRSS_00409	WP_011410849.1	26.923	130	64	7	214	341	95	195	5.7	25.0
MRSS_00409	WP_158302482.1	39.130	23	14	0	171	193	97	119	6.5	24.3
MRSS_00409	WP_011412115.1	26.190	42	31	0	216	257	234	275	8.0	24.3
MRSS_00409	WP_011411394.1	24.286	70	37	2	200	261	249	310	8.3	24.3
MRSS_00409	WP_011411272.1	37.500	40	22	1	1	40	242	278	8.6	24.3
MRSS_00410	WP_011411250.1	83.607	366	60	0	1	366	1	366	0.0	576
MRSS_00410	WP_011411732.1	26.966	89	64	1	68	155	95	183	0.005	34.7
MRSS_00410	WP_050747367.1	35.088	57	28	2	137	184	56	112	0.007	33.5
MRSS_00410	WP_050747270.1	29.508	61	43	0	153	213	39	99	0.47	26.9
MRSS_00410	WP_011412229.1	28.947	38	26	1	313	350	113	149	0.57	28.1
MRSS_00410	WP_011410742.1	31.250	64	43	1	53	116	11	73	4.9	25.4
MRSS_00410	WP_011412010.1	25.000	60	42	1	95	154	182	238	6.1	25.0
MRSS_00410	WP_011411458.1	35.294	34	22	0	133	166	17	50	8.3	23.9
MRSS_00410	WP_011409994.1	45.000	20	11	0	332	351	56	75	9.4	23.9
MRSS_00410	WP_198408759.1	34.146	41	27	0	301	341	19	59	9.5	23.5
MRSS_00411	WP_011410647.1	88.274	307	36	0	1	307	1	307	0.0	568
MRSS_00411	WP_011410907.1	56.536	306	133	0	1	306	1	306	1.21e-125	358
MRSS_00411	WP_011411094.1	27.832	309	212	5	4	306	12	315	1.54e-32	119
MRSS_00411	WP_011411444.1	35.897	39	24	1	168	206	322	359	1.4	26.6
MRSS_00411	WP_158302422.1	29.688	64	31	4	45	98	33	92	3.8	25.4
MRSS_00411	WP_279379422.1	34.694	49	27	3	35	81	74	119	5.7	23.9
MRSS_00411	WP_011411399.1	29.310	58	36	2	192	249	586	638	5.8	25.0
MRSS_00411	WP_011411125.1	48.276	29	14	1	204	232	119	146	9.3	23.9
MRSS_00412	WP_011410646.1	54.545	44	20	0	1	44	1	44	1.86e-10	48.5
MRSS_00412	WP_011411154.1	36.364	33	21	0	9	41	33	65	0.71	22.7
MRSS_00412	WP_341532834.1	58.333	12	5	0	32	43	130	141	3.4	20.8
MRSS_00412	WP_011411264.1	38.889	18	11	0	1	18	2	19	4.2	20.4
MRSS_00412	WP_011411948.1	45.000	20	11	0	21	40	53	72	7.6	20.0
MRSS_00413	WP_041866643.1	89.382	857	91	0	1	857	1	857	0.0	1567
MRSS_00413	WP_011410737.1	42.446	417	212	9	6	403	2	409	1.14e-84	283
MRSS_00413	WP_011410737.1	42.679	321	181	1	528	848	416	733	2.92e-81	274
MRSS_00413	WP_011411981.1	30.612	98	49	4	565	657	12	95	8.49e-04	38.9
MRSS_00413	WP_011410535.1	23.585	318	168	14	566	822	74	377	0.013	35.0
MRSS_00413	WP_011410535.1	31.034	87	43	5	199	280	112	186	6.5	26.2
MRSS_00413	WP_011411319.1	24.747	198	118	6	601	792	230	402	0.015	34.7
MRSS_00413	WP_011412093.1	32.308	65	42	1	227	289	86	150	0.10	31.2
MRSS_00413	WP_011410744.1	26.846	149	77	7	168	315	25	142	0.29	30.8
MRSS_00413	WP_011410853.1	66.667	18	6	0	605	622	12	29	0.43	29.6
MRSS_00413	WP_011411173.1	23.684	76	51	2	547	622	59	127	0.65	29.6
MRSS_00413	WP_011410234.1	27.857	140	69	7	549	680	139	254	0.96	28.9
MRSS_00413	WP_011411630.1	22.430	107	77	2	424	528	16	118	2.6	26.6
MRSS_00413	WP_011410536.1	27.451	102	59	5	601	695	352	445	2.9	27.7
MRSS_00413	WP_011410199.1	52.000	25	11	1	594	618	7	30	4.0	26.9
MRSS_00413	WP_011410334.1	31.250	48	32	1	222	269	38	84	5.4	25.4
MRSS_00413	WP_011411164.1	36.364	44	24	1	185	224	26	69	5.5	26.2
MRSS_00413	WP_011412043.1	22.936	218	122	8	570	777	141	322	7.4	26.2
MRSS_00413	WP_011411530.1	31.915	47	31	1	602	648	32	77	9.7	25.8
MRSS_00414	WP_011410335.1	76.543	243	57	0	1	243	1	243	1.57e-137	382
MRSS_00414	WP_011410554.1	32.558	43	29	0	30	72	87	129	3.0	25.0
MRSS_00414	WP_011411116.1	50.000	20	10	0	69	88	88	107	3.1	24.6
MRSS_00414	WP_011411317.1	41.667	36	16	2	67	97	164	199	3.4	25.0
MRSS_00414	WP_011410245.1	21.245	273	157	12	12	243	11	266	3.5	25.0
MRSS_00414	WP_158302362.1	39.130	23	14	0	171	193	33	55	4.6	23.1
MRSS_00414	WP_011411095.1	36.842	38	19	1	13	45	9	46	5.0	24.3
MRSS_00414	WP_011410219.1	53.333	15	7	0	193	207	317	331	6.1	24.3
MRSS_00414	WP_011410055.1	27.536	69	37	3	158	226	525	580	6.3	24.3
MRSS_00414	WP_279379445.1	40.000	25	15	0	188	212	38	62	7.5	23.5
MRSS_00414	WP_243466236.1	45.455	22	12	0	81	102	47	68	7.6	23.9
MRSS_00414	WP_011411145.1	39.024	41	22	2	195	234	485	523	8.4	23.9
MRSS_00415	WP_011410336.1	80.745	322	61	1	1	322	1	321	0.0	538
MRSS_00415	WP_011410913.1	29.934	304	189	8	10	302	12	302	1.67e-28	108
MRSS_00415	WP_011410292.1	31.364	220	130	6	84	300	12	213	1.07e-21	87.8
MRSS_00415	WP_341532878.1	31.579	76	43	3	208	276	26	99	0.001	34.7
MRSS_00415	WP_011411958.1	28.767	73	41	2	120	192	178	239	0.18	29.6
MRSS_00415	WP_011410703.1	25.424	59	36	3	162	220	202	252	1.6	26.6
MRSS_00415	WP_011409950.1	30.769	52	33	1	95	146	152	200	2.1	25.8
MRSS_00415	WP_011411436.1	24.615	65	37	1	84	136	13	77	2.3	25.8
MRSS_00415	WP_011411749.1	26.829	82	46	3	1	76	1	74	3.4	25.4
MRSS_00415	WP_011410891.1	22.165	194	112	8	35	224	158	316	3.6	25.4
MRSS_00415	WP_050747388.1	35.714	28	18	0	152	179	57	84	3.8	24.6
MRSS_00415	WP_011410481.1	29.167	48	34	0	240	287	861	908	4.3	25.4
MRSS_00415	WP_011410055.1	38.462	26	16	0	84	109	659	684	8.2	24.6
MRSS_00415	WP_011411417.1	22.857	105	68	2	5	109	86	177	9.9	24.3
MRSS_00416	WP_041867010.1	38.095	42	25	1	297	338	4	44	3.2	23.9
MRSS_00416	WP_011410695.1	29.545	44	31	0	165	208	28	71	4.0	25.4
MRSS_00416	WP_011411306.1	29.167	96	46	3	109	183	58	152	4.1	25.4
MRSS_00416	WP_158302461.1	22.778	180	120	5	115	294	20	180	4.6	25.4
MRSS_00416	WP_011410035.1	24.561	57	42	1	114	169	63	119	6.6	24.6
MRSS_00417	WP_011410900.1	37.500	56	32	1	5	57	135	190	6.24e-06	37.4
MRSS_00417	WP_011412178.1	35.714	56	33	1	5	57	135	190	2.70e-05	35.8
MRSS_00417	WP_011410889.1	36.364	55	32	1	5	56	136	190	3.66e-05	35.4
MRSS_00417	WP_011409963.1	35.088	57	34	1	5	58	135	191	5.19e-05	35.0
MRSS_00417	WP_011410631.1	35.088	57	34	1	5	58	127	183	5.50e-05	35.0
MRSS_00417	WP_083764717.1	43.333	30	17	0	28	57	59	88	0.047	26.6
MRSS_00417	WP_011411365.1	41.667	36	18	1	2	37	345	377	0.067	26.2
MRSS_00417	WP_011409904.1	40.741	27	16	0	18	44	461	487	1.5	22.3
MRSS_00417	WP_011410293.1	39.394	33	20	0	7	39	633	665	2.5	21.9
MRSS_00417	WP_041866872.1	34.615	26	17	0	4	29	23	48	3.3	21.2
MRSS_00417	WP_011412173.1	75.000	12	3	0	17	28	84	95	8.1	20.4
MRSS_00418	WP_070108739.1	85.859	99	14	0	1	99	1	99	2.23e-58	171
MRSS_00418	WP_011279237.1	39.535	43	15	3	66	97	54	96	0.46	25.4
MRSS_00418	WP_011411185.1	26.250	80	53	1	16	95	48	121	2.1	23.5
MRSS_00418	WP_011410518.1	66.667	15	5	0	32	46	190	204	2.4	23.5
MRSS_00418	WP_041866814.1	53.333	15	7	0	68	82	20	34	2.8	22.3
MRSS_00418	WP_011411629.1	43.750	32	11	2	44	72	145	172	3.6	22.7
MRSS_00418	WP_011410629.1	43.750	32	11	2	44	72	145	172	3.6	22.7
MRSS_00418	WP_011410236.1	36.842	38	22	1	3	38	122	159	5.0	22.3
MRSS_00418	WP_011412145.1	34.375	32	13	2	65	88	209	240	7.1	21.9
MRSS_00418	WP_011410226.1	45.455	22	11	1	57	78	54	74	8.7	21.6
MRSS_00418	WP_166506638.1	57.143	14	6	0	68	81	20	33	8.8	20.8
MRSS_00418	WP_011410846.1	35.000	20	13	0	76	95	193	212	9.4	21.6
MRSS_00418	WP_011411852.1	55.556	18	5	1	64	78	276	293	10.0	21.6
MRSS_00419	WP_011411677.1	86.496	274	37	0	1	274	1	274	6.58e-179	490
MRSS_00419	WP_011412238.1	32.692	52	26	2	38	89	22	64	0.043	28.9
MRSS_00419	WP_011411664.1	26.415	53	35	1	162	214	100	148	1.9	26.2
MRSS_00419	WP_011410544.1	39.286	28	15	1	70	97	42	67	2.3	24.3
MRSS_00420	WP_011411678.1	70.588	34	10	0	1	34	1	34	1.26e-12	53.1
MRSS_00420	WP_011411298.1	42.857	21	12	0	9	29	229	249	0.11	24.3
MRSS_00420	WP_011412031.1	53.846	13	6	0	18	30	18	30	1.8	21.2
MRSS_00420	WP_070108742.1	37.500	24	15	0	5	28	117	140	3.3	20.4
MRSS_00420	WP_011411976.1	50.000	16	8	0	17	32	73	88	3.5	20.4
MRSS_00420	WP_011410877.1	18.182	33	27	0	1	33	628	660	4.8	20.0
MRSS_00420	WP_011410244.1	33.333	30	19	1	4	32	650	679	5.3	19.6
MRSS_00420	WP_011409917.1	37.143	35	11	2	1	32	233	259	5.8	19.6
MRSS_00420	WP_041866983.1	31.818	22	15	0	12	33	69	90	6.4	19.6
MRSS_00420	WP_011410414.1	31.818	22	15	0	11	32	198	219	7.8	19.2
MRSS_00421	WP_011411990.1	94.062	320	19	0	1	320	1	320	0.0	612
MRSS_00421	WP_011410964.1	22.609	115	71	4	184	298	237	333	0.53	28.1
MRSS_00421	WP_050747501.1	27.027	74	41	2	246	319	30	90	2.7	24.6
MRSS_00421	WP_041867121.1	37.500	48	26	3	175	220	68	113	2.8	25.0
MRSS_00421	WP_011410747.1	26.230	61	40	1	201	261	68	123	3.4	25.4
MRSS_00421	WP_011411623.1	55.556	18	8	0	96	113	65	82	3.4	25.4
MRSS_00421	WP_011411674.1	26.562	64	35	2	96	148	159	221	3.4	25.4
MRSS_00421	WP_011411709.1	40.000	25	15	0	278	302	712	736	5.6	25.0
MRSS_00421	WP_243466043.1	50.000	26	13	0	169	194	256	281	6.7	24.6
MRSS_00421	WP_011409942.1	30.556	36	25	0	72	107	110	145	7.8	23.9
MRSS_00421	WP_011412222.1	38.462	39	24	0	139	177	116	154	8.1	24.3
MRSS_00422	WP_011411082.1	76.744	129	30	0	1	129	74	202	8.35e-70	206
MRSS_00422	WP_011410999.1	35.484	31	20	0	34	64	29	59	1.8	24.3
MRSS_00422	WP_041867293.1	21.429	42	33	0	88	129	175	216	3.5	23.5
MRSS_00422	WP_011412034.1	44.444	27	11	1	35	61	549	571	4.1	23.5
MRSS_00422	WP_011410281.1	28.571	49	33	1	16	62	83	131	7.9	22.3
MRSS_00422	WP_011279195.1	35.714	28	18	0	21	48	414	441	9.5	22.3
MRSS_00423	WP_011411081.1	65.957	94	32	0	1	94	1	94	1.78e-38	128
MRSS_00423	WP_011410956.1	24.576	118	64	5	9	115	124	227	0.64	25.4
MRSS_00423	WP_011410586.1	36.585	41	24	1	40	78	372	412	1.4	24.6
MRSS_00423	WP_011411365.1	36.735	49	27	1	31	79	333	377	2.2	24.3
MRSS_00423	WP_011410737.1	42.857	28	14	1	72	99	294	319	2.9	23.9
MRSS_00423	WP_011410110.1	34.545	55	30	2	71	119	127	181	3.5	23.1
MRSS_00423	WP_011410756.1	31.034	29	20	0	86	114	140	168	5.6	22.7
MRSS_00423	WP_011411604.1	41.379	29	14	1	86	111	15	43	6.4	22.3
MRSS_00423	WP_011410405.1	32.143	28	19	0	71	98	67	94	6.7	22.3
MRSS_00423	WP_003853014.1	21.774	124	76	2	12	114	116	239	7.3	22.3
MRSS_00423	WP_011412124.1	23.457	81	59	2	33	110	118	198	7.6	22.3
MRSS_00423	WP_011409976.1	26.786	56	34	2	42	97	120	168	8.4	22.3
MRSS_00423	WP_011410455.1	34.286	35	23	0	76	110	11	45	9.6	21.9
MRSS_00424	WP_011411081.1	87.654	81	10	0	1	81	141	221	2.51e-45	144
MRSS_00424	WP_011411728.1	28.235	85	47	5	8	81	123	204	0.15	26.2
MRSS_00424	WP_011411790.1	32.759	58	27	2	13	70	76	121	0.43	25.0
MRSS_00424	WP_011411884.1	32.911	79	39	4	2	71	349	422	1.1	23.9
MRSS_00424	WP_011411680.1	37.931	29	18	0	25	53	9	37	2.4	22.7
MRSS_00424	WP_011411568.1	26.230	61	40	1	21	81	195	250	4.6	21.9
MRSS_00424	WP_011411800.1	50.000	20	10	0	40	59	658	677	5.1	21.9
MRSS_00424	WP_011412245.1	37.931	29	11	1	58	79	63	91	5.2	21.9
MRSS_00424	WP_041867523.1	28.571	35	25	0	38	72	58	92	6.0	21.6
MRSS_00424	WP_011410084.1	27.273	55	32	1	28	74	313	367	6.3	21.6
MRSS_00424	WP_011279165.1	33.333	27	18	0	21	47	56	82	8.7	20.8
MRSS_00424	WP_011411526.1	64.286	14	5	0	28	41	505	518	9.7	21.2
MRSS_00425	WP_011411081.1	73.214	56	15	0	3	58	267	322	2.22e-23	85.9
MRSS_00425	WP_011412007.1	32.609	46	25	2	2	47	130	169	0.82	23.1
MRSS_00425	WP_011411633.1	38.298	47	28	1	14	59	107	153	1.2	22.7
MRSS_00425	WP_050747801.1	50.000	14	7	0	36	49	62	75	1.9	22.3
MRSS_00425	WP_011412211.1	53.333	15	7	0	32	46	346	360	4.0	21.6
MRSS_00425	WP_011411394.1	47.368	19	10	0	33	51	306	324	4.4	21.2
MRSS_00425	WP_011411273.1	33.333	21	14	0	21	41	115	135	5.6	21.2
MRSS_00425	WP_011412035.1	80.000	10	2	0	35	44	219	228	5.9	20.8
MRSS_00425	WP_243466216.1	34.783	23	15	0	18	40	92	114	7.6	20.4
MRSS_00426	WP_011411810.1	87.956	274	33	0	1	274	1	274	0.0	508
MRSS_00426	WP_011411572.1	45.833	24	13	0	43	66	230	253	0.54	27.7
MRSS_00426	WP_011410787.1	33.333	51	32	1	1	51	107	155	1.7	26.2
MRSS_00426	WP_011410496.1	22.523	111	72	3	34	144	28	124	2.7	25.4
MRSS_00426	WP_041866754.1	31.579	57	32	2	97	150	110	162	2.7	25.4
MRSS_00426	WP_011409938.1	46.154	26	14	0	246	271	196	221	2.9	25.4
MRSS_00426	WP_041867096.1	36.585	41	25	1	212	252	64	103	5.9	24.6
MRSS_00426	WP_011411485.1	35.897	39	25	0	156	194	165	203	8.7	23.9
MRSS_00427	WP_011412119.1	36.604	265	153	6	146	406	50	303	2.19e-38	149
MRSS_00427	WP_011412119.1	24.173	393	218	7	419	733	422	812	4.87e-23	100
MRSS_00427	WP_011410518.1	48.148	27	14	0	360	386	68	94	0.71	29.3
MRSS_00427	WP_011410891.1	40.000	35	20	1	105	138	629	663	0.99	28.9
MRSS_00427	WP_243466099.1	30.952	42	29	0	552	593	184	225	3.7	26.6
MRSS_00427	WP_050747703.1	37.838	37	20	1	125	158	19	55	4.0	25.4
MRSS_00427	WP_011411693.1	29.730	37	26	0	257	293	65	101	4.9	26.2
MRSS_00427	WP_041867326.1	28.358	67	48	0	681	747	129	195	7.9	25.4
MRSS_00427	WP_011410935.1	30.380	79	45	3	68	144	133	203	7.9	25.8
MRSS_00427	WP_041867293.1	37.931	29	18	0	645	673	108	136	8.2	25.4
MRSS_00427	WP_011411178.1	29.412	51	35	1	259	309	159	208	8.4	25.8
MRSS_00428	WP_011410514.1	87.115	520	67	0	1	520	1	520	0.0	933
MRSS_00428	WP_011411879.1	27.273	44	32	0	51	94	117	160	3.9	25.8
MRSS_00428	WP_424141178.1	35.484	31	19	1	34	63	1240	1270	6.4	25.8
MRSS_00428	WP_011411411.1	50.000	28	13	1	38	64	28	55	6.8	25.4
MRSS_00428	WP_011411136.1	42.857	28	14	1	228	253	185	212	9.3	24.6
MRSS_00429	WP_011410513.1	61.053	190	73	1	1	190	1	189	7.61e-80	232
MRSS_00429	WP_011411659.1	28.986	69	47	2	32	99	684	751	0.21	28.5
MRSS_00429	WP_279379410.1	31.481	54	37	0	133	186	126	179	0.25	27.7
MRSS_00429	WP_158302460.1	26.724	116	70	4	43	152	6	112	2.0	24.6
MRSS_00429	WP_011410255.1	27.632	76	49	2	98	167	324	399	3.2	24.6
MRSS_00429	WP_011411648.1	40.000	25	15	0	151	175	72	96	8.4	22.7
MRSS_00433	WP_011410512.1	98.333	60	1	0	1	60	1	60	1.74e-38	118
MRSS_00433	WP_011411571.1	30.000	50	32	1	9	55	68	117	0.058	26.6
MRSS_00433	WP_041867299.1	40.426	47	25	1	2	48	82	125	0.41	24.3
MRSS_00433	WP_011411568.1	39.286	28	17	0	4	31	180	207	0.95	23.1
MRSS_00433	WP_011411169.1	47.368	19	10	0	40	58	415	433	1.3	22.7
MRSS_00433	WP_011411613.1	34.211	38	25	0	4	41	209	246	1.8	22.3
MRSS_00433	WP_011409938.1	44.444	18	10	0	44	61	226	243	2.4	21.9
MRSS_00433	WP_011410174.1	38.889	36	20	1	12	47	937	970	4.5	21.2
MRSS_00433	WP_011409951.1	37.500	32	19	1	4	34	203	234	4.6	21.2
MRSS_00433	WP_011410695.1	31.034	29	20	0	19	47	225	253	8.5	20.4
MRSS_00434	WP_011410511.1	85.600	875	126	0	1	875	1	875	0.0	1515
MRSS_00434	WP_011410768.1	38.235	34	21	0	733	766	626	659	0.98	29.3
MRSS_00434	WP_011411583.1	45.833	24	13	0	232	255	300	323	1.3	28.5
MRSS_00434	WP_050747634.1	32.955	88	57	2	608	694	56	142	2.3	27.3
MRSS_00434	WP_424141156.1	36.842	38	24	0	643	680	15	52	4.0	25.4
MRSS_00434	WP_011412054.1	40.909	22	13	0	791	812	152	173	4.7	26.2
MRSS_00434	WP_011410695.1	26.415	53	39	0	211	263	223	275	5.9	26.2
MRSS_00434	WP_341532821.1	30.645	62	40	2	263	324	28	86	6.4	24.6
MRSS_00434	WP_424141145.1	27.273	44	32	0	464	507	26	69	8.0	24.3
MRSS_00435	WP_011409963.1	45.455	55	27	1	11	62	233	287	1.07e-09	50.4
MRSS_00435	WP_083764717.1	44.444	54	27	1	11	61	131	184	7.46e-09	47.8
MRSS_00435	WP_011410636.1	43.636	55	28	1	11	62	233	287	1.17e-08	47.8
MRSS_00435	WP_011410900.1	43.636	55	28	1	11	62	233	287	1.26e-08	47.8
MRSS_00435	WP_011411000.1	44.444	54	27	1	11	61	233	286	1.31e-08	47.4
MRSS_00435	WP_011410631.1	41.818	55	29	1	11	62	225	279	1.67e-08	47.4
MRSS_00435	WP_011412178.1	28.846	52	21	1	11	62	233	268	0.78	25.0
MRSS_00435	WP_011411077.1	36.364	22	14	0	78	99	352	373	2.0	24.3
MRSS_00435	WP_050747963.1	41.176	34	18	1	2	33	199	232	2.3	23.9
MRSS_00435	WP_158302439.1	33.333	42	25	2	7	47	16	55	2.5	22.7
MRSS_00435	WP_198408780.1	28.889	45	32	0	52	96	34	78	5.4	22.7
MRSS_00435	WP_011411941.1	25.610	82	60	1	2	82	577	658	6.7	22.7
MRSS_00435	WP_011409928.1	20.690	58	40	1	45	96	14	71	8.4	22.3
MRSS_00435	WP_011410864.1	31.373	51	15	2	8	50	1361	1399	9.8	21.9
MRSS_00436	WP_011412100.1	79.167	72	15	0	1	72	1	72	8.25e-36	112
MRSS_00436	WP_011411537.1	33.333	45	24	1	26	70	89	127	1.0	23.5
MRSS_00436	WP_162010789.1	31.429	35	23	1	19	52	26	60	1.3	23.1
MRSS_00436	WP_011410371.1	41.935	31	14	1	43	69	208	238	1.6	23.1
MRSS_00436	WP_011410755.1	31.250	32	22	0	22	53	104	135	2.9	22.3
MRSS_00436	WP_011409942.1	44.444	18	10	0	2	19	36	53	3.8	21.9
MRSS_00436	WP_050747443.1	34.286	35	23	0	1	35	91	125	5.0	21.6
MRSS_00436	WP_011410216.1	42.857	35	17	2	33	67	618	649	5.3	21.6
MRSS_00436	WP_041867656.1	34.783	23	15	0	50	72	274	296	5.7	21.6
MRSS_00436	WP_050747277.1	38.462	26	16	0	27	52	134	159	6.0	21.2
MRSS_00436	WP_011410740.1	26.786	56	36	3	15	66	155	209	7.4	21.2
MRSS_00437	WP_011409877.1	85.486	689	100	0	1	689	1	689	0.0	1190
MRSS_00437	WP_011411948.1	25.714	70	51	1	119	187	5	74	0.42	29.6
MRSS_00437	WP_011410604.1	29.091	55	32	1	320	367	118	172	3.1	26.6
MRSS_00437	WP_173340363.1	37.209	43	27	0	573	615	570	612	3.2	26.9
MRSS_00437	WP_011411014.1	29.091	55	32	1	320	367	118	172	4.1	26.2
MRSS_00437	WP_011411052.1	32.432	37	25	0	334	370	139	175	6.4	25.4
MRSS_00437	WP_011411568.1	29.310	58	40	1	460	517	197	253	9.4	25.4
MRSS_00437	WP_243466162.1	38.095	21	13	0	564	584	16	36	9.5	23.5
MRSS_00438	WP_011409876.1	92.096	291	23	0	1	291	14	304	0.0	566
MRSS_00438	WP_011411709.1	27.027	111	54	5	23	126	351	441	0.23	29.3
MRSS_00438	WP_011410755.1	22.500	80	57	2	188	265	55	131	1.2	26.9
MRSS_00438	WP_011411086.1	37.037	27	17	0	145	171	526	552	1.2	26.9
MRSS_00438	WP_011410783.1	23.529	51	30	1	67	117	263	304	1.6	26.6
MRSS_00438	WP_011410926.1	25.253	99	67	2	118	209	1	99	1.7	26.2
MRSS_00438	WP_011411460.1	26.471	68	48	1	112	177	137	204	2.2	25.8
MRSS_00438	WP_011411396.1	31.915	47	31	1	210	256	5	50	5.4	24.6
MRSS_00438	WP_011412092.1	33.333	39	26	0	26	64	399	437	7.8	24.3
MRSS_00439	WP_011410675.1	84.364	275	43	0	15	289	31	305	1.31e-170	474
MRSS_00439	WP_011411733.1	35.517	290	183	4	1	287	13	301	1.76e-42	147
MRSS_00439	WP_011411734.1	29.310	290	201	4	1	287	10	298	1.10e-25	101
MRSS_00439	WP_011410529.1	45.455	33	15	1	72	104	458	487	0.83	27.3
MRSS_00439	WP_011410529.1	24.390	41	31	0	164	204	143	183	9.3	24.3
MRSS_00439	WP_148203457.1	31.579	57	36	1	67	123	319	372	2.9	25.8
MRSS_00439	WP_011410964.1	26.984	126	69	7	108	222	316	429	3.3	25.4
MRSS_00439	WP_050747692.1	32.143	28	19	0	141	168	156	183	3.7	25.0
MRSS_00439	WP_011412246.1	26.471	34	25	0	142	175	2	35	6.4	23.9
MRSS_00439	WP_011410198.1	41.379	29	15	1	219	245	602	630	7.3	24.6
MRSS_00439	WP_041866490.1	50.000	22	11	0	138	159	134	155	8.3	24.3
MRSS_00439	WP_041866490.1	62.500	16	6	0	272	287	279	294	8.9	23.9
MRSS_00439	WP_011411249.1	37.500	24	15	0	212	235	268	291	9.7	24.3
MRSS_00440	WP_011410675.1	87.097	62	8	0	1	62	333	394	8.46e-32	109
MRSS_00440	WP_011411733.1	36.066	61	39	0	2	62	332	392	2.05e-05	36.2
MRSS_00440	WP_011411734.1	31.148	61	42	0	1	61	328	388	0.005	29.6
MRSS_00440	WP_011410090.1	38.095	42	21	2	2	43	217	253	0.43	24.3
MRSS_00440	WP_011409970.1	33.929	56	34	1	9	61	58	113	0.48	23.9
MRSS_00440	WP_011410666.1	47.826	23	11	1	1	23	61	82	1.4	22.7
MRSS_00440	WP_011410514.1	33.333	57	30	2	2	54	86	138	1.9	22.3
MRSS_00440	WP_011411069.1	58.333	12	5	0	26	37	2	13	3.2	21.6
MRSS_00440	WP_050747760.1	53.333	15	7	0	10	24	194	208	3.3	21.6
MRSS_00440	WP_011410326.1	32.353	34	21	1	24	57	109	140	5.5	21.2
MRSS_00440	WP_041866630.1	37.931	29	18	0	10	38	4	32	9.6	20.4
MRSS_00441	WP_011410134.1	39.394	33	19	1	40	72	76	107	0.52	25.4
MRSS_00441	WP_011411585.1	33.333	24	16	0	28	51	276	299	1.3	24.3
MRSS_00441	WP_148203573.1	43.243	37	18	1	24	60	3	36	1.3	23.9
MRSS_00441	WP_011410419.1	31.343	67	29	2	8	57	274	340	7.3	21.9
MRSS_00441	WP_011409996.1	30.233	43	25	1	4	46	70	107	7.8	21.9
MRSS_00441	WP_011410274.1	44.828	29	14	1	6	32	367	395	9.5	21.9
MRSS_00442	WP_011411145.1	82.927	123	21	0	1	123	76	198	7.77e-67	210
MRSS_00442	WP_011410372.1	36.667	30	19	0	87	116	70	99	0.036	29.3
MRSS_00442	WP_050747454.1	34.211	38	22	1	66	100	71	108	1.1	24.3
MRSS_00442	WP_050747326.1	33.333	39	26	0	26	64	51	89	2.0	23.9
MRSS_00442	WP_041866627.1	40.625	32	19	0	84	115	7	38	2.8	23.5
MRSS_00442	WP_279379463.1	34.211	38	22	1	66	100	41	78	3.4	22.7
MRSS_00442	WP_011410213.1	43.478	23	13	0	64	86	20	42	3.5	23.5
MRSS_00442	WP_341532853.1	33.333	54	31	2	14	62	73	126	4.4	23.1
MRSS_00442	WP_011411852.1	31.034	58	39	1	36	92	336	393	5.2	23.1
MRSS_00442	WP_011411471.1	34.615	26	17	0	71	96	79	104	7.3	22.3
MRSS_00442	WP_050747487.1	54.545	11	5	0	111	121	125	135	9.9	21.9
MRSS_00443	WP_011411145.1	81.122	196	37	0	1	196	281	476	1.35e-110	330
MRSS_00443	WP_011411091.1	20.952	105	74	2	91	191	42	141	2.2	25.4
MRSS_00443	WP_011409952.1	37.838	37	19	1	122	154	227	263	2.9	25.0
MRSS_00443	WP_011409939.1	26.250	80	57	1	50	127	10	89	4.7	24.3
MRSS_00443	WP_011410964.1	31.579	38	25	1	119	156	316	352	7.7	23.9
MRSS_00443	WP_148203338.1	25.000	64	44	2	148	210	38	98	7.8	23.9
MRSS_00443	WP_011410912.1	35.556	45	23	2	96	134	90	134	8.9	23.9
MRSS_00444	WP_011411145.1	71.429	56	16	0	1	56	529	584	1.64e-23	87.4
MRSS_00444	WP_083764793.1	23.529	34	26	0	14	47	100	133	1.8	22.3
MRSS_00444	WP_011410753.1	32.000	25	17	0	9	33	790	814	2.5	21.9
MRSS_00444	WP_011410959.1	20.455	44	35	0	10	53	146	189	2.6	21.6
MRSS_00445	WP_011410723.1	85.116	430	64	0	1	430	1	430	0.0	754
MRSS_00445	WP_011410923.1	25.000	80	54	2	195	271	104	180	1.7	26.9
MRSS_00445	WP_011411105.1	34.483	29	19	0	97	125	88	116	2.0	25.8
MRSS_00445	WP_011410423.1	26.923	78	54	1	27	104	397	471	2.2	26.6
MRSS_00445	WP_011410174.1	23.729	59	45	0	168	226	1031	1089	2.4	26.6
MRSS_00445	WP_011410619.1	23.256	86	55	2	80	157	230	312	2.6	26.6
MRSS_00445	WP_011410213.1	26.866	67	48	1	206	271	131	197	2.7	26.2
MRSS_00445	WP_011411532.1	37.209	43	26	1	106	148	107	148	2.7	26.2
MRSS_00445	WP_011410468.1	32.353	34	23	0	44	77	82	115	3.0	25.8
MRSS_00445	WP_011410563.1	35.556	45	26	1	374	415	10	54	4.1	25.8
MRSS_00445	WP_011410766.1	24.706	85	47	3	329	396	68	152	4.2	25.4
MRSS_00445	WP_011411249.1	22.989	174	99	6	95	263	153	296	5.5	25.4
MRSS_00445	WP_011410293.1	32.258	31	21	0	308	338	682	712	5.5	25.4
MRSS_00445	WP_011410824.1	25.676	74	53	1	221	292	225	298	6.2	25.0
MRSS_00445	WP_011411783.1	31.915	47	30	1	38	84	42	86	6.9	24.6
MRSS_00445	WP_011412072.1	26.087	46	33	1	189	234	22	66	8.9	23.9
MRSS_00445	WP_011411202.1	28.125	32	23	0	112	143	13	44	9.4	24.3
MRSS_00446	WP_011410724.1	81.977	172	29	1	1	172	1	170	1.13e-101	286
MRSS_00446	WP_011410890.1	31.858	113	73	3	60	170	221	331	1.49e-07	46.2
MRSS_00446	WP_011279188.1	27.869	61	34	2	96	156	490	540	0.70	26.6
MRSS_00446	WP_011412139.1	31.250	32	22	0	5	36	174	205	2.6	24.6
MRSS_00446	WP_011411225.1	33.333	33	22	0	116	148	186	218	2.9	24.6
MRSS_00446	WP_011410298.1	35.484	31	19	1	57	87	79	108	3.0	24.6
MRSS_00446	WP_011410099.1	32.609	46	25	1	120	159	120	165	5.3	23.9
MRSS_00446	WP_011411549.1	30.556	36	25	0	79	114	206	241	5.7	23.5
MRSS_00446	WP_148203499.1	32.143	56	33	2	2	57	32	82	5.7	23.1
MRSS_00446	WP_011411470.1	31.373	51	31	1	4	54	7	53	6.6	23.1
MRSS_00446	WP_011412221.1	32.258	31	21	0	58	88	243	273	6.7	23.5
MRSS_00446	WP_011411379.1	38.462	26	16	0	29	54	28	53	7.3	23.1
MRSS_00446	WP_011411207.1	38.462	26	16	0	29	54	28	53	8.9	22.7
MRSS_00446	WP_011412013.1	25.806	31	23	0	3	33	288	318	9.6	23.1
MRSS_00447	WP_011410725.1	70.518	251	60	1	1	251	10	246	8.62e-112	318
MRSS_00447	WP_011410667.1	48.276	29	15	0	36	64	1	29	0.003	33.9
MRSS_00447	WP_011409889.1	31.707	41	24	1	47	87	92	128	1.9	25.8
MRSS_00447	WP_011409965.1	33.333	36	24	0	130	165	104	139	5.0	24.3
MRSS_00447	WP_011411357.1	33.333	27	18	0	147	173	239	265	5.0	24.6
MRSS_00447	WP_011411219.1	44.444	36	19	1	31	65	312	347	8.2	23.9
MRSS_00447	WP_011411553.1	37.500	40	18	1	138	177	315	347	9.4	23.9
MRSS_00447	WP_011410206.1	39.286	28	17	0	149	176	562	589	9.6	23.9
MRSS_00448	WP_011412025.1	83.972	287	46	0	1	287	1	287	1.82e-177	487
MRSS_00448	WP_011411396.1	40.000	30	17	1	65	94	33	61	0.42	27.7
MRSS_00448	WP_011411954.1	28.125	96	35	3	167	234	702	791	5.7	24.6
MRSS_00448	WP_011411269.1	24.752	101	70	4	59	159	6	100	6.4	24.3
MRSS_00448	WP_011411651.1	44.828	29	13	1	141	166	282	310	6.9	24.3
MRSS_00448	WP_011412189.1	39.130	23	14	0	119	141	63	85	8.3	24.3
MRSS_00449	WP_011409963.1	42.593	54	30	1	35	87	227	280	7.18e-11	52.8
MRSS_00449	WP_083764717.1	40.741	54	31	1	35	87	125	178	8.14e-10	49.3
MRSS_00449	WP_011411000.1	40.741	54	31	1	35	87	227	280	9.47e-10	49.7
MRSS_00449	WP_011410636.1	40.741	54	31	1	35	87	227	280	9.61e-10	49.7
MRSS_00449	WP_011410900.1	40.741	54	31	1	35	87	227	280	1.11e-09	49.3
MRSS_00449	WP_011410631.1	35.185	54	34	1	35	87	219	272	6.14e-07	41.6
MRSS_00449	WP_011412178.1	33.962	53	17	1	35	87	227	261	2.47e-04	34.3
MRSS_00449	WP_011410748.1	38.235	34	19	1	47	78	44	77	0.45	25.0
MRSS_00449	WP_050747834.1	36.111	36	22	1	12	47	33	67	0.91	24.3
MRSS_00449	WP_158302450.1	40.909	22	13	0	4	25	86	107	1.6	23.5
MRSS_00449	WP_279379414.1	34.783	23	15	0	10	32	2	24	3.8	21.2
MRSS_00449	WP_011410849.1	36.000	25	16	0	2	26	603	627	5.5	21.9
MRSS_00449	WP_041867295.1	40.000	15	9	0	47	61	162	176	7.3	21.6
MRSS_00449	WP_050747821.1	26.316	57	40	1	14	70	194	248	8.5	21.6
MRSS_00450	WP_011411170.1	87.079	356	46	0	1	356	1	356	0.0	642
MRSS_00450	WP_011411422.1	34.000	50	28	1	16	65	210	254	0.36	28.5
MRSS_00450	WP_011410564.1	28.889	45	32	0	310	354	40	84	2.6	26.2
MRSS_00450	WP_011410747.1	34.000	50	28	1	10	59	202	246	3.1	25.8
MRSS_00450	WP_011410045.1	29.358	109	59	6	35	127	289	395	5.1	25.4
MRSS_00450	WP_341532858.1	35.000	40	23	1	56	95	8	44	5.8	23.1
MRSS_00450	WP_011412037.1	40.000	30	18	0	324	353	19	48	6.3	24.6
MRSS_00450	WP_041866590.1	47.368	19	10	0	246	264	139	157	6.3	24.3
MRSS_00450	WP_011411410.1	43.478	23	13	0	103	125	62	84	7.9	24.6
MRSS_00451	WP_011410878.1	89.583	336	35	0	1	336	1	336	0.0	626
MRSS_00451	WP_148203434.1	43.333	30	17	0	168	197	44	73	0.69	26.9
MRSS_00451	WP_011410875.1	30.000	40	28	0	284	323	8	47	1.7	26.6
MRSS_00451	WP_011410578.1	32.203	59	37	1	217	272	128	186	2.5	25.8
MRSS_00451	WP_070108740.1	45.455	22	12	0	12	33	67	88	3.7	24.6
MRSS_00451	WP_011411072.1	27.273	55	36	1	120	170	410	464	6.4	25.0
MRSS_00451	WP_011411198.1	33.333	33	22	0	244	276	94	126	8.2	24.6
MRSS_00451	WP_148203393.1	29.412	51	34	1	102	150	5	55	8.7	23.9
MRSS_00451	WP_148203551.1	40.909	22	11	1	18	37	7	28	9.2	22.7
MRSS_00451	WP_083764826.1	40.909	22	11	1	18	37	7	28	9.2	22.7
MRSS_00451	WP_083764738.1	40.909	22	11	1	18	37	7	28	9.2	22.7
MRSS_00451	WP_011410906.1	32.558	43	27	1	108	150	770	810	9.4	24.3
MRSS_00452	WP_011410881.1	81.406	640	119	0	1	640	1	640	0.0	1048
MRSS_00452	WP_011410263.1	33.078	523	334	8	18	531	21	536	2.45e-82	266
MRSS_00452	WP_011410263.1	28.571	245	142	3	12	255	332	544	8.71e-19	86.3
MRSS_00452	WP_011412104.1	26.621	586	402	14	18	595	16	581	9.40e-53	188
MRSS_00452	WP_011412104.1	25.670	261	149	6	3	258	312	532	2.87e-15	75.5
MRSS_00452	WP_011410773.1	24.370	238	159	5	1	232	1	223	1.34e-15	73.6
MRSS_00452	WP_011410773.1	28.986	207	105	11	342	516	26	222	2.90e-11	60.5
MRSS_00452	WP_041867326.1	27.136	199	116	5	322	500	4	193	8.58e-14	67.8
MRSS_00452	WP_041867326.1	23.267	202	112	5	26	216	24	193	2.64e-06	45.4
MRSS_00452	WP_011410809.1	21.456	522	314	17	18	500	25	489	2.16e-13	69.3
MRSS_00452	WP_011410809.1	31.183	93	57	2	135	220	401	493	9.10e-09	54.3
MRSS_00452	WP_011410809.1	25.592	211	113	9	334	505	25	230	8.72e-06	44.7
MRSS_00452	WP_011411530.1	27.692	195	122	4	322	498	5	198	3.80e-13	67.4
MRSS_00452	WP_011411530.1	27.803	223	138	6	13	231	12	215	3.82e-11	61.2
MRSS_00452	WP_011410787.1	27.155	232	128	7	12	232	29	230	5.05e-13	67.4
MRSS_00452	WP_011410787.1	27.941	204	112	8	319	498	20	212	3.00e-12	64.7
MRSS_00452	WP_011411092.1	32.370	173	108	4	332	500	17	184	6.56e-13	65.5
MRSS_00452	WP_011411092.1	22.881	236	129	7	3	228	4	196	2.12e-07	48.9
MRSS_00452	WP_011411360.1	31.111	180	109	4	319	483	5	184	3.14e-12	63.5
MRSS_00452	WP_011411360.1	27.027	259	139	12	18	255	20	249	4.81e-04	38.5
MRSS_00452	WP_011411197.1	21.930	228	142	7	313	504	5	232	7.18e-12	63.5
MRSS_00452	WP_011411197.1	23.265	245	132	9	19	240	40	251	3.61e-10	58.2
MRSS_00452	WP_011410956.1	26.872	227	129	6	19	232	18	220	1.32e-11	61.2
MRSS_00452	WP_011410956.1	26.904	197	114	8	345	516	28	219	3.10e-07	48.1
MRSS_00452	WP_011409950.1	32.759	174	88	8	350	500	33	200	1.47e-11	60.8
MRSS_00452	WP_011409950.1	25.000	224	135	6	19	233	18	217	2.68e-10	57.0
MRSS_00452	WP_011410937.1	27.861	201	120	5	18	212	25	206	1.57e-11	60.8
MRSS_00452	WP_011410937.1	27.835	194	111	6	334	503	25	213	1.88e-09	54.7
MRSS_00452	WP_011410562.1	31.737	167	74	5	342	499	34	169	2.77e-11	59.3
MRSS_00452	WP_011410562.1	37.037	81	46	2	155	231	105	184	5.58e-08	49.7
MRSS_00452	WP_011410562.1	37.500	32	20	0	18	49	26	57	0.41	29.3
MRSS_00452	WP_011411857.1	26.244	221	135	6	19	232	21	220	3.09e-11	61.6
MRSS_00452	WP_011411857.1	25.641	195	113	6	335	504	21	208	5.22e-04	38.9
MRSS_00452	WP_011410294.1	28.571	224	127	8	319	521	1	212	6.44e-11	59.3
MRSS_00452	WP_011410294.1	23.729	236	145	8	3	231	1	208	1.72e-06	45.8
MRSS_00452	WP_011410064.1	25.000	204	131	6	334	518	18	218	6.64e-11	59.3
MRSS_00452	WP_011410064.1	25.128	195	102	6	12	193	12	175	1.86e-08	52.0
MRSS_00452	WP_011410457.1	27.723	202	109	7	19	211	21	194	8.54e-11	59.7
MRSS_00452	WP_011410457.1	29.240	171	100	5	342	495	28	194	3.25e-10	58.2
MRSS_00452	WP_011410668.1	22.800	250	138	6	3	232	1	215	3.04e-10	57.4
MRSS_00452	WP_011410668.1	24.545	220	145	8	334	534	16	233	2.06e-08	52.0
MRSS_00452	WP_011411465.1	28.333	180	103	7	334	495	15	186	1.05e-09	55.1
MRSS_00452	WP_011411465.1	25.743	202	109	9	36	225	33	205	0.002	36.2
MRSS_00452	WP_011410540.1	27.193	228	132	10	292	495	312	529	5.05e-09	55.5
MRSS_00452	WP_011410540.1	23.111	225	137	8	17	231	350	548	2.92e-04	40.0
MRSS_00452	WP_011409929.1	25.439	228	132	9	19	232	39	242	6.40e-09	54.3
MRSS_00452	WP_011409929.1	23.810	189	120	4	339	504	43	230	8.77e-08	50.8
MRSS_00452	WP_011410856.1	27.014	211	124	9	309	495	333	537	1.09e-08	54.3
MRSS_00452	WP_011410856.1	24.074	270	155	11	4	255	342	579	2.67e-08	52.8
MRSS_00452	WP_011279184.1	26.891	238	128	10	334	536	18	244	1.80e-08	52.4
MRSS_00452	WP_011279184.1	23.767	223	143	5	18	233	18	220	2.06e-06	45.8
MRSS_00452	WP_011410365.1	26.257	179	99	4	335	486	278	450	4.48e-08	52.0
MRSS_00452	WP_011410365.1	35.802	81	49	1	154	231	402	482	3.06e-07	49.3
MRSS_00452	WP_011410365.1	24.268	239	138	11	333	532	25	259	1.82e-06	47.0
MRSS_00452	WP_011410365.1	40.816	49	29	0	12	60	22	70	0.004	36.2
MRSS_00452	WP_011411331.1	24.752	202	116	5	335	501	23	223	4.77e-08	51.6
MRSS_00452	WP_011411331.1	25.738	237	150	10	11	232	13	238	8.23e-04	38.1
MRSS_00452	WP_011410069.1	28.780	205	107	6	334	509	22	216	1.12e-07	50.1
MRSS_00452	WP_011410069.1	24.658	219	136	6	2	212	6	203	2.59e-05	42.7
MRSS_00452	WP_011410738.1	25.792	221	138	7	16	232	353	551	1.60e-07	50.4
MRSS_00452	WP_011410738.1	28.000	200	101	7	325	495	346	531	4.59e-06	45.8
MRSS_00452	WP_011411196.1	28.049	82	55	1	157	234	172	253	2.32e-07	49.3
MRSS_00452	WP_011411196.1	29.524	105	63	2	432	525	163	267	1.90e-05	43.5
MRSS_00452	WP_148203612.1	27.309	249	125	13	325	527	11	249	4.99e-07	48.1
MRSS_00452	WP_148203612.1	22.870	223	145	5	21	232	25	231	1.02e-06	47.0
MRSS_00452	WP_011411337.1	26.590	173	108	4	342	496	42	213	6.49e-07	47.4
MRSS_00452	WP_011411337.1	22.857	175	113	4	19	191	35	189	1.53e-04	40.0
MRSS_00452	WP_011410825.1	22.566	226	153	5	12	233	22	229	7.18e-07	48.1
MRSS_00452	WP_011410825.1	32.530	83	53	1	153	232	403	485	1.31e-05	44.3
MRSS_00452	WP_011410825.1	23.451	226	138	9	316	511	10	230	4.19e-05	42.7
MRSS_00452	WP_011410825.1	32.787	61	37	1	438	494	404	464	0.001	37.7
MRSS_00452	WP_011411279.1	25.926	243	145	10	3	233	5	224	9.01e-06	45.1
MRSS_00452	WP_011411279.1	36.667	60	33	2	441	496	146	204	0.002	37.4
MRSS_00452	WP_011411279.1	32.468	77	34	3	302	374	1	63	0.016	34.3
MRSS_00452	WP_011409928.1	26.744	86	59	1	151	232	148	233	9.37e-06	44.3
MRSS_00452	WP_011409928.1	36.765	68	39	1	441	504	154	221	4.54e-04	38.9
MRSS_00452	WP_011410541.1	24.686	239	136	8	32	257	370	577	2.66e-05	43.1
MRSS_00452	WP_011410541.1	24.074	270	150	7	273	495	272	533	3.62e-04	39.7
MRSS_00452	WP_011411332.1	21.739	230	135	7	19	232	29	229	5.27e-05	42.0
MRSS_00452	WP_011411332.1	21.935	155	106	4	335	474	29	183	5.11e-04	38.9
MRSS_00452	WP_148203518.1	24.084	191	116	6	325	494	6	188	1.43e-04	40.0
MRSS_00452	WP_148203518.1	22.467	227	139	8	19	235	15	214	0.043	32.3
MRSS_00452	WP_011411941.1	36.842	76	39	3	440	509	829	901	1.98e-04	40.8
MRSS_00452	WP_011411941.1	32.558	86	47	4	439	513	485	570	0.56	29.3
MRSS_00452	WP_243466019.1	40.385	52	31	0	19	70	3	54	5.41e-04	35.8
MRSS_00452	WP_243466019.1	34.211	38	25	0	339	376	7	44	0.29	28.1
MRSS_00452	WP_424141158.1	36.170	47	30	0	18	64	1	47	6.06e-04	36.6
MRSS_00452	WP_424141158.1	34.375	32	21	0	334	365	1	32	0.027	31.6
MRSS_00452	WP_050747487.1	24.176	182	108	5	320	484	11	179	8.92e-04	37.4
MRSS_00452	WP_050747487.1	27.411	197	103	7	1	188	2	167	0.015	33.5
MRSS_00452	WP_050747733.1	33.684	95	58	2	143	232	54	148	0.002	36.6
MRSS_00452	WP_050747733.1	37.705	61	35	1	438	495	67	127	0.27	30.0
MRSS_00452	WP_011411253.1	27.419	62	43	1	319	378	1	62	0.009	34.7
MRSS_00452	WP_011411253.1	22.018	218	146	7	3	211	1	203	0.012	34.3
MRSS_00452	WP_011411253.1	29.032	93	51	3	440	531	145	223	0.35	29.6
MRSS_00452	WP_050747734.1	31.667	60	40	1	424	482	100	159	0.053	32.0
MRSS_00452	WP_050747734.1	24.038	104	75	2	149	249	109	211	1.2	27.7
MRSS_00452	WP_050747884.1	25.714	70	48	1	167	232	4	73	0.086	30.0
MRSS_00452	WP_050747884.1	35.593	59	29	3	454	504	8	65	0.37	28.1
MRSS_00452	WP_050747885.1	38.235	34	21	0	334	367	30	63	0.17	28.9
MRSS_00452	WP_050747885.1	27.660	47	34	0	12	58	24	70	0.98	26.9
MRSS_00452	WP_424141151.1	36.667	30	19	0	347	376	3	32	0.48	26.2
MRSS_00452	WP_424141151.1	52.632	19	9	0	31	49	3	21	1.9	24.6
MRSS_00452	WP_011410751.1	26.667	165	88	4	18	182	40	171	0.75	28.9
MRSS_00452	WP_011410403.1	26.087	69	48	1	529	594	27	95	1.0	27.7
MRSS_00452	WP_148203351.1	26.374	91	64	1	144	231	38	128	1.0	27.3
MRSS_00452	WP_011411900.1	35.714	28	18	0	345	372	154	181	2.2	27.3
MRSS_00452	WP_011410679.1	26.866	67	43	1	310	376	115	175	2.4	27.3
MRSS_00452	WP_011410679.1	31.579	38	26	0	32	69	147	184	7.7	25.4
MRSS_00452	WP_011410536.1	32.609	46	25	2	322	361	320	365	2.6	27.3
MRSS_00452	WP_011412235.1	40.625	32	16	1	144	175	38	66	3.2	25.0
MRSS_00452	WP_011410744.1	56.000	25	9	1	350	372	55	79	4.2	26.6
MRSS_00452	WP_011410234.1	26.000	50	35	1	321	370	163	210	4.2	26.6
MRSS_00452	WP_011410318.1	28.571	28	20	0	345	372	158	185	4.4	26.2
MRSS_00452	WP_011412117.1	44.000	25	14	0	348	372	7	31	5.2	25.4
MRSS_00452	WP_011411503.1	29.412	68	37	2	561	628	456	512	6.6	25.8
MRSS_00452	WP_011410134.1	35.897	39	24	1	590	628	321	358	7.9	25.8
MRSS_00452	WP_011412032.1	47.826	23	12	0	38	60	13	35	8.9	25.0
MRSS_00452	WP_011410853.1	47.826	23	12	0	348	370	8	30	9.4	25.0
MRSS_00453	WP_011410126.1	94.470	217	12	0	1	217	1	217	1.52e-152	418
MRSS_00453	WP_011410756.1	23.140	121	82	4	92	208	314	427	0.21	28.5
MRSS_00453	WP_011411103.1	34.375	32	21	0	170	201	6	37	1.9	24.3
MRSS_00453	WP_011411214.1	44.444	27	15	0	152	178	122	148	3.3	24.6
MRSS_00453	WP_011411481.1	44.444	27	15	0	152	178	122	148	3.3	24.6
MRSS_00453	WP_011410418.1	39.474	38	23	0	14	51	314	351	4.3	24.6
MRSS_00453	WP_243466338.1	33.333	36	22	1	154	189	130	163	4.8	24.3
MRSS_00453	WP_011411476.1	29.032	31	22	0	91	121	42	72	5.1	23.9
MRSS_00453	WP_011410174.1	37.037	27	17	0	5	31	585	611	5.8	24.3
MRSS_00453	WP_011411482.1	42.308	26	15	0	125	150	481	506	6.2	24.3
MRSS_00453	WP_011410582.1	43.243	37	10	1	187	212	271	307	7.8	23.9
MRSS_00453	WP_011410355.1	23.077	143	92	6	29	163	568	700	9.4	23.5
MRSS_00453	WP_011410116.1	33.333	48	29	1	108	152	173	220	9.4	23.5
MRSS_00454	WP_011410769.1	94.649	299	16	0	1	299	1	299	0.0	535
MRSS_00454	WP_011411423.1	38.636	44	27	0	202	245	183	226	0.013	33.1
MRSS_00454	WP_011411755.1	36.957	46	20	2	151	194	41	79	1.5	26.2
MRSS_00454	WP_011411532.1	26.446	121	79	2	177	289	56	174	2.4	25.8
MRSS_00454	WP_011410529.1	20.482	83	54	4	231	301	32	114	3.8	25.4
MRSS_00454	WP_041867362.1	26.531	98	55	4	1	97	14	95	5.0	25.0
MRSS_00454	WP_011411488.1	35.714	42	23	1	71	112	124	161	8.2	23.9
MRSS_00454	WP_041867438.1	27.068	133	85	7	59	188	113	236	8.5	24.3
MRSS_00454	WP_011410864.1	33.333	48	26	2	8	49	24	71	9.8	24.3
MRSS_00455	WP_011410900.1	62.963	27	10	0	3	29	286	312	5.33e-07	39.3
MRSS_00455	WP_011410636.1	62.963	27	10	0	3	29	286	312	5.33e-07	39.3
MRSS_00455	WP_083764717.1	59.259	27	11	0	3	29	184	210	2.66e-06	37.4
MRSS_00455	WP_011409963.1	68.182	22	7	0	3	24	286	307	1.62e-05	35.0
MRSS_00455	WP_011410631.1	68.182	22	7	0	3	24	278	299	1.62e-05	35.0
MRSS_00455	WP_011412178.1	68.182	22	7	0	3	24	267	288	1.62e-05	35.0
MRSS_00455	WP_011411000.1	63.636	22	8	0	3	24	286	307	8.41e-05	33.1
MRSS_00455	WP_011410796.1	35.714	28	18	0	5	32	93	120	1.1	21.6
MRSS_00455	WP_011410763.1	38.462	26	16	0	1	26	116	141	4.1	20.0
MRSS_00455	WP_011411253.1	38.462	26	16	0	11	36	127	152	4.2	20.0
MRSS_00455	WP_011412112.1	58.824	17	7	0	10	26	205	221	4.9	20.0
MRSS_00455	WP_050747326.1	31.579	19	13	0	11	29	75	93	5.9	19.6
MRSS_00455	WP_011410539.1	31.034	29	20	0	6	34	139	167	9.7	19.2
MRSS_00456	WP_050747797.1	86.905	84	11	0	1	84	1	84	2.47e-47	152
MRSS_00456	WP_083764893.1	78.889	90	19	0	95	184	1	90	6.65e-42	147
MRSS_00456	WP_011411072.1	26.582	79	42	4	26	88	1204	1282	6.6	25.0
MRSS_00456	WP_050747829.1	38.462	26	15	1	111	135	197	222	6.8	24.6
MRSS_00457	WP_243466091.1	81.102	127	24	0	82	208	1	127	1.62e-75	220
MRSS_00457	WP_243466092.1	82.667	75	13	0	5	79	11	85	3.74e-40	129
MRSS_00457	WP_011410513.1	26.562	192	127	7	6	192	6	188	1.55e-12	60.1
MRSS_00457	WP_279379410.1	24.479	192	122	7	6	191	7	181	6.47e-08	47.4
MRSS_00457	WP_050747713.1	30.000	70	49	0	137	206	139	208	5.19e-07	45.1
MRSS_00457	WP_011412038.1	22.330	103	61	2	99	191	93	186	0.005	32.7
MRSS_00457	WP_011412122.1	22.340	94	72	1	99	191	102	195	0.018	31.6
MRSS_00457	WP_424141130.1	37.143	35	21	1	95	129	42	75	0.14	28.1
MRSS_00457	WP_011411070.1	37.931	29	18	0	79	107	75	103	0.48	27.3
MRSS_00457	WP_050747960.1	27.083	48	33	1	46	91	433	480	1.5	25.8
MRSS_00457	WP_243466055.1	25.926	81	42	2	56	123	14	89	2.0	24.6
MRSS_00457	WP_011410730.1	28.205	39	27	1	48	86	121	158	3.4	24.6
MRSS_00458	WP_050747798.1	75.000	164	41	0	49	212	1	164	4.63e-84	243
MRSS_00458	WP_011410684.1	44.000	25	8	1	108	126	193	217	4.9	24.3
MRSS_00458	WP_011411000.1	27.778	36	23	1	173	208	138	170	5.9	23.9
MRSS_00458	WP_011410491.1	35.000	40	22	2	173	211	197	233	6.0	23.9
MRSS_00458	WP_011410636.1	27.778	36	23	1	173	208	138	170	6.3	23.9
MRSS_00458	WP_011411739.1	29.630	27	19	0	5	31	134	160	8.8	23.5
MRSS_00459	WP_011410751.1	41.837	196	114	0	44	239	41	236	2.54e-49	164
MRSS_00459	WP_148203351.1	33.094	139	91	1	100	236	2	140	9.48e-25	92.0
MRSS_00459	WP_011410956.1	21.818	220	153	5	41	241	15	234	1.90e-14	67.0
MRSS_00459	WP_011411530.1	23.744	219	152	5	39	242	13	231	2.21e-14	67.8
MRSS_00459	WP_011410787.1	23.113	212	148	3	44	242	36	245	7.61e-14	66.2
MRSS_00459	WP_011409929.1	24.167	240	155	7	17	231	9	246	2.03e-13	65.1
MRSS_00459	WP_011411857.1	22.275	211	148	5	40	234	17	227	2.45e-13	64.7
MRSS_00459	WP_011411197.1	21.702	235	156	6	23	234	22	251	6.04e-13	63.5
MRSS_00459	WP_011411196.1	23.581	229	141	8	36	234	34	258	3.38e-12	61.2
MRSS_00459	WP_011410294.1	26.667	195	128	5	49	230	20	212	1.92e-11	58.5
MRSS_00459	WP_011411332.1	22.477	218	144	5	40	236	25	238	2.54e-11	58.5
MRSS_00459	WP_148203612.1	21.304	230	144	8	35	233	14	237	5.46e-11	57.8
MRSS_00459	WP_011411360.1	24.424	217	137	8	42	236	19	230	1.55e-10	56.2
MRSS_00459	WP_011409928.1	23.214	224	145	8	41	237	20	243	2.87e-10	55.8
MRSS_00459	WP_011410773.1	20.096	209	146	5	47	234	22	230	6.63e-10	54.3
MRSS_00459	WP_011412104.1	25.926	189	120	7	54	234	338	514	1.09e-09	54.3
MRSS_00459	WP_011412104.1	25.943	212	124	7	44	226	17	224	5.44e-09	52.4
MRSS_00459	WP_011410365.1	28.111	217	129	9	43	237	28	239	1.68e-09	53.5
MRSS_00459	WP_011410365.1	30.435	46	32	0	42	87	276	321	0.71	27.3
MRSS_00459	WP_011279184.1	21.905	210	141	5	42	231	17	223	7.45e-09	51.2
MRSS_00459	WP_011410457.1	18.878	196	148	3	43	227	20	215	1.18e-08	50.8
MRSS_00459	WP_011409950.1	24.658	219	138	8	29	226	3	215	5.92e-08	48.1
MRSS_00459	WP_011410809.1	22.018	218	113	8	37	216	296	494	6.13e-08	48.9
MRSS_00459	WP_011410809.1	21.560	218	131	10	44	227	26	237	9.25e-08	48.5
MRSS_00459	WP_011411279.1	22.511	231	153	9	23	234	7	230	9.64e-08	48.5
MRSS_00459	WP_011410064.1	23.697	211	139	6	44	236	19	225	1.75e-07	47.0
MRSS_00459	WP_011410937.1	22.927	205	132	6	44	227	26	225	4.15e-07	45.8
MRSS_00459	WP_011410738.1	21.845	206	141	6	42	231	354	555	9.59e-07	45.4
MRSS_00459	WP_011410263.1	23.318	223	138	9	5	213	306	509	1.11e-06	45.1
MRSS_00459	WP_011410263.1	43.902	41	23	0	46	86	24	64	7.78e-04	36.6
MRSS_00459	WP_011410856.1	22.010	209	144	5	43	234	358	564	1.45e-06	45.1
MRSS_00459	WP_148203518.1	41.667	48	28	0	42	89	13	60	4.47e-06	42.7
MRSS_00459	WP_011410069.1	25.472	212	125	7	45	231	24	227	6.66e-06	42.4
MRSS_00459	WP_424141158.1	28.866	97	52	3	44	125	2	96	1.16e-05	40.0
MRSS_00459	WP_011410881.1	22.271	229	131	9	44	233	19	239	1.57e-05	41.6
MRSS_00459	WP_011410881.1	26.901	171	109	7	44	207	335	496	7.08e-04	36.6
MRSS_00459	WP_041867326.1	21.839	174	124	4	50	213	23	194	2.37e-05	40.4
MRSS_00459	WP_011410668.1	21.154	208	143	7	40	229	13	217	2.46e-04	37.4
MRSS_00459	WP_011411331.1	19.492	236	138	7	43	236	22	247	2.66e-04	37.7
MRSS_00459	WP_011410540.1	23.810	210	130	8	39	226	347	548	4.92e-04	37.0
MRSS_00459	WP_011411465.1	47.059	34	18	0	53	86	25	58	0.001	35.4
MRSS_00459	WP_011411092.1	20.442	181	139	3	44	223	20	196	0.003	34.3
MRSS_00459	WP_243466019.1	34.043	47	31	0	43	89	2	48	0.003	32.3
MRSS_00459	WP_050747885.1	22.619	84	61	2	21	100	4	87	0.005	32.0
MRSS_00459	WP_011411337.1	19.718	213	143	7	43	234	34	239	0.009	32.7
MRSS_00459	WP_011410825.1	43.750	32	18	0	43	74	28	59	0.012	32.7
MRSS_00459	WP_011410825.1	26.316	57	42	0	33	89	268	324	0.13	29.6
MRSS_00459	WP_050747487.1	22.759	145	98	4	44	176	21	163	0.014	32.0
MRSS_00459	WP_011411253.1	23.404	188	112	9	47	206	20	203	0.082	29.6
MRSS_00459	WP_011410562.1	20.219	183	115	7	47	226	30	184	0.11	29.3
MRSS_00459	WP_424141151.1	40.741	27	16	0	57	83	4	30	0.12	26.6
MRSS_00459	WP_011411130.1	41.667	24	14	0	52	75	160	183	0.92	26.9
MRSS_00459	WP_011412114.1	37.500	40	25	0	36	75	188	227	1.2	26.2
MRSS_00459	WP_011411067.1	36.111	36	23	0	71	106	1	36	1.9	24.3
MRSS_00459	WP_011411941.1	22.047	127	92	3	90	211	427	551	3.1	25.4
MRSS_00459	WP_279379445.1	36.957	46	29	0	43	88	81	126	4.1	24.3
MRSS_00459	WP_050747692.1	32.075	53	33	1	25	74	109	161	5.1	24.3
MRSS_00459	WP_050747734.1	21.622	37	29	0	190	226	158	194	6.5	23.9
MRSS_00459	WP_011410325.1	45.833	24	13	0	73	96	76	99	7.7	23.9
MRSS_00459	WP_011410541.1	20.513	195	128	9	57	231	370	557	8.3	23.9
MRSS_00459	WP_041866889.1	30.233	43	29	1	184	225	50	92	9.2	23.1
MRSS_00460	WP_011410750.1	28.079	203	138	4	29	227	21	219	7.56e-21	85.5
MRSS_00460	WP_011410458.1	26.733	101	70	2	161	261	147	243	0.002	35.4
MRSS_00460	WP_011411273.1	30.769	39	25	1	233	271	254	290	7.1	24.3
MRSS_00460	WP_011410819.1	21.277	94	64	4	62	149	265	354	9.5	23.9
MRSS_00460	WP_011411757.1	47.368	19	10	0	35	53	70	88	9.8	23.5
MRSS_00461	WP_011409902.1	26.804	97	58	4	91	181	153	242	1.0	27.3
MRSS_00461	WP_041866827.1	37.500	48	24	3	55	100	1	44	1.2	25.8
MRSS_00461	WP_011411004.1	43.478	23	13	0	173	195	191	213	2.8	25.8
MRSS_00461	WP_011411258.1	40.000	40	19	1	31	70	385	419	4.3	25.4
MRSS_00461	WP_243466102.1	34.286	35	21	1	154	186	68	102	7.0	24.3
MRSS_00461	WP_011410818.1	29.167	24	17	0	173	196	37	60	8.6	24.3
MRSS_00461	WP_011410699.1	22.414	58	35	3	38	88	111	165	9.3	23.9
MRSS_00461	WP_011410422.1	26.230	61	39	1	251	305	278	338	9.3	24.3
MRSS_00462	WP_050747556.1	26.087	46	33	1	84	129	54	98	0.44	26.6
MRSS_00462	WP_011410540.1	32.432	37	24	1	128	163	62	98	0.60	26.6
MRSS_00462	WP_011410768.1	30.986	71	29	4	91	145	82	148	0.96	25.8
MRSS_00462	WP_011409919.1	45.000	20	11	0	31	50	73	92	5.4	23.1
MRSS_00462	WP_041867402.1	23.810	63	38	1	45	107	87	139	7.0	23.1
MRSS_00462	WP_279379474.1	40.000	20	12	0	35	54	20	39	9.8	21.2
MRSS_00463	WP_011412221.1	48.485	33	14	2	19	49	86	117	1.2	28.1
MRSS_00463	WP_279379388.1	21.127	71	56	0	400	470	6	76	1.5	26.2
MRSS_00463	WP_011410134.1	44.000	25	14	0	464	488	508	532	2.3	27.3
MRSS_00463	WP_011409876.1	27.957	93	57	4	45	135	158	242	2.7	26.9
MRSS_00463	WP_011410138.1	30.769	52	36	0	441	492	265	316	4.0	26.6
MRSS_00463	WP_148203457.1	26.471	68	46	1	245	312	173	236	5.3	26.2
MRSS_00463	WP_011410617.1	30.357	56	34	2	465	517	92	145	9.9	24.6
MRSS_00464	WP_083764893.1	24.096	83	63	0	98	180	6	88	2.02e-05	41.2
MRSS_00464	WP_050747797.1	30.380	79	54	1	1	78	1	79	1.12e-04	36.6
MRSS_00464	WP_011411422.1	27.368	95	61	3	5	92	12	105	0.005	33.9
MRSS_00464	WP_011411390.1	28.205	39	28	0	112	150	86	124	0.44	27.7
MRSS_00464	WP_011410499.1	34.211	38	22	1	5	42	14	48	0.57	27.3
MRSS_00464	WP_162010793.1	26.087	69	46	2	183	250	53	117	0.92	26.2
MRSS_00464	WP_011410747.1	26.786	56	41	0	2	57	4	59	1.3	26.2
MRSS_00464	WP_011412101.1	32.353	34	20	1	210	243	50	80	2.0	25.4
MRSS_00464	WP_011409959.1	21.739	92	65	2	10	100	48	133	2.8	25.0
MRSS_00464	WP_011410127.1	23.457	81	41	1	153	212	58	138	3.0	25.4
MRSS_00464	WP_148203375.1	37.500	24	15	0	46	69	147	170	8.5	23.5
MRSS_00464	WP_011411730.1	39.286	28	9	1	43	70	468	487	9.3	23.9
MRSS_00464	WP_011411333.1	34.286	35	23	0	150	184	179	213	9.8	23.5
MRSS_00465	WP_011411156.1	34.615	52	33	1	39	89	32	83	0.87	25.0
MRSS_00465	WP_011411743.1	30.882	68	43	1	30	93	125	192	1.2	24.6
MRSS_00465	WP_243466006.1	41.379	29	15	1	79	107	29	55	1.7	23.1
MRSS_00465	WP_011410277.1	30.508	59	37	2	50	104	750	808	5.4	22.7
MRSS_00465	WP_011411694.1	52.941	17	8	0	78	94	58	74	5.9	21.9
MRSS_00465	WP_011411297.1	29.630	54	37	1	41	93	104	157	6.6	22.3
MRSS_00465	WP_341532841.1	45.000	20	11	0	19	38	194	213	7.4	22.3
MRSS_00465	WP_011410659.1	35.714	42	26	1	42	83	223	263	8.2	21.9
MRSS_00465	WP_011410854.1	28.571	42	29	1	49	90	105	145	8.5	21.9
MRSS_00465	WP_050747409.1	20.370	54	39	1	26	75	2	55	8.6	21.9
MRSS_00466	WP_011410124.1	90.870	471	43	0	1	471	1	471	0.0	860
MRSS_00466	WP_011411403.1	22.835	127	80	4	18	139	29	142	0.039	32.0
MRSS_00466	WP_011411036.1	50.000	28	14	0	159	186	10	37	0.18	28.9
MRSS_00466	WP_011411953.1	28.205	78	49	1	214	284	63	140	0.22	29.6
MRSS_00466	WP_011410460.1	30.189	53	36	1	322	374	4	55	0.53	28.5
MRSS_00466	WP_011412016.1	31.148	61	30	2	344	399	1	54	0.74	27.7
MRSS_00466	WP_011410276.1	26.829	82	54	2	327	402	2	83	0.77	28.1
MRSS_00466	WP_011410832.1	33.333	57	33	1	119	175	221	272	0.92	28.1
MRSS_00466	WP_011411727.1	38.710	31	19	0	110	140	184	214	5.7	25.4
MRSS_00467	WP_011410123.1	48.387	31	11	1	2	27	904	934	0.030	26.6
MRSS_00467	WP_011409972.1	35.897	39	23	1	3	39	121	159	0.041	26.2
MRSS_00467	WP_011410906.1	31.250	32	22	0	1	32	438	469	1.1	21.9
MRSS_00467	WP_011411663.1	47.059	17	9	0	12	28	135	151	2.4	21.2
MRSS_00467	WP_011411234.1	55.556	18	8	0	15	32	164	181	9.4	19.6
MRSS_00468	WP_011411753.1	65.517	29	8	1	1	27	35	63	4.28e-05	35.0
MRSS_00468	WP_011411753.1	50.000	30	15	0	23	52	151	180	2.54e-04	33.1
MRSS_00468	WP_011411759.1	26.667	45	29	2	19	59	100	144	1.5	22.3
MRSS_00468	WP_050747800.1	45.000	20	6	1	45	59	606	625	4.4	21.2
MRSS_00468	WP_011411907.1	53.846	13	6	0	9	21	101	113	6.9	20.8
MRSS_00468	WP_050747879.1	40.000	25	14	1	33	57	133	156	8.1	20.4
MRSS_00468	WP_011410496.1	28.000	50	26	2	20	59	125	174	9.1	20.4
MRSS_00468	WP_025246086.1	30.556	36	23	1	7	42	13	46	9.4	20.0
MRSS_00469	WP_011411754.1	84.397	141	22	0	1	141	1	141	4.13e-86	244
MRSS_00469	WP_011410430.1	33.333	51	29	2	42	90	529	576	0.049	29.6
MRSS_00469	WP_011410245.1	26.761	71	45	2	52	122	22	85	0.41	26.6
MRSS_00469	WP_011410265.1	32.258	31	21	0	19	49	139	169	0.53	26.2
MRSS_00469	WP_041866967.1	27.660	47	34	0	84	130	12	58	1.0	24.6
MRSS_00469	WP_011411859.1	29.167	72	37	3	52	115	26	91	1.0	25.4
MRSS_00469	WP_011411390.1	48.387	31	15	1	93	123	198	227	1.1	25.4
MRSS_00469	WP_041866756.1	43.478	23	13	0	116	138	61	83	5.1	22.7
MRSS_00469	WP_011411434.1	60.000	15	6	0	112	126	314	328	9.1	22.7
MRSS_00469	WP_011411992.1	34.615	52	31	1	20	71	113	161	9.3	22.3
MRSS_00469	WP_243466272.1	42.857	21	12	0	118	138	13	33	9.7	21.6
MRSS_00469	WP_041867758.1	50.000	20	10	0	122	141	554	573	9.8	22.7
MRSS_00470	WP_041867161.1	84.884	430	65	0	3	432	2	431	0.0	762
MRSS_00470	WP_011411246.1	42.857	35	17	1	45	79	111	142	0.17	29.6
MRSS_00470	WP_011410316.1	32.812	64	37	2	177	240	613	670	0.19	30.4
MRSS_00470	WP_011411198.1	21.814	408	255	12	4	405	102	451	0.54	28.9
MRSS_00470	WP_424141170.1	25.926	81	54	2	58	132	9	89	1.9	25.8
MRSS_00470	WP_011410749.1	30.556	36	25	0	206	241	37	72	5.1	25.8
MRSS_00470	WP_011410748.1	28.571	35	25	0	294	328	249	283	8.0	25.0
MRSS_00470	WP_011412192.1	23.077	65	46	2	20	84	283	343	8.3	25.0
MRSS_00471	WP_011410889.1	53.704	54	24	1	18	70	1	54	3.05e-11	52.4
MRSS_00471	WP_083764717.1	58.974	39	16	0	18	56	1	39	5.87e-10	48.9
MRSS_00471	WP_011412178.1	58.974	39	16	0	18	56	1	39	7.62e-10	49.3
MRSS_00471	WP_011410900.1	58.974	39	16	0	18	56	1	39	8.99e-10	48.9
MRSS_00471	WP_011409963.1	58.974	39	16	0	18	56	1	39	1.16e-09	48.5
MRSS_00471	WP_011411000.1	58.974	39	16	0	18	56	1	39	1.17e-09	48.5
MRSS_00471	WP_011410631.1	58.974	39	16	0	18	56	1	39	1.32e-09	48.5
MRSS_00471	WP_011410636.1	56.410	39	17	0	18	56	1	39	2.62e-09	47.8
MRSS_00471	WP_243466337.1	32.258	31	21	0	37	67	13	43	0.42	24.3
MRSS_00471	WP_011410293.1	31.707	41	26	2	26	65	491	530	0.42	24.6
MRSS_00471	WP_011410293.1	29.167	24	17	0	46	69	772	795	4.7	21.6
MRSS_00471	WP_011279209.1	36.842	19	12	0	9	27	100	118	0.74	23.9
MRSS_00471	WP_011410047.1	37.500	24	14	1	33	56	150	172	3.0	21.9
MRSS_00471	WP_011410592.1	22.917	48	35	1	24	69	72	119	3.9	21.9
MRSS_00471	WP_279379422.1	32.000	25	17	0	23	47	54	78	4.3	21.6
MRSS_00471	WP_243466223.1	41.176	17	10	0	32	48	74	90	5.6	21.2
MRSS_00471	WP_279379385.1	27.586	29	21	0	24	52	12	40	6.2	20.4
MRSS_00471	WP_041867684.1	42.857	21	10	1	40	60	62	80	8.5	20.8
MRSS_00472	WP_011411501.1	85.775	471	63	1	1	471	1	467	0.0	850
MRSS_00472	WP_011410697.1	26.772	127	93	0	3	129	28	154	7.11e-14	69.7
MRSS_00472	WP_011410403.1	24.510	102	65	4	96	197	2	91	0.53	28.1
MRSS_00472	WP_011412210.1	57.895	19	8	0	320	338	15	33	0.78	27.3
MRSS_00472	WP_011410738.1	21.053	114	78	5	127	239	374	476	2.4	26.9
MRSS_00472	WP_011411427.1	22.222	108	76	2	312	412	436	542	2.6	26.6
MRSS_00475	WP_011411086.1	86.027	594	83	0	1	594	1	594	0.0	1062
MRSS_00475	WP_011411719.1	25.979	281	185	8	11	276	62	334	2.12e-17	81.6
MRSS_00475	WP_011411719.1	26.946	167	105	4	398	555	342	500	1.12e-09	57.0
MRSS_00475	WP_011410875.1	30.476	105	68	2	454	557	360	460	4.21e-09	55.1
MRSS_00475	WP_011410875.1	21.970	264	172	9	15	253	17	271	2.28e-07	49.7
MRSS_00475	WP_011410173.1	30.000	100	61	3	141	233	19	116	3.71e-06	45.4
MRSS_00475	WP_011410173.1	31.579	95	49	2	470	554	232	320	1.24e-05	43.9
MRSS_00475	WP_011410341.1	32.258	62	36	2	527	588	153	208	0.93	28.5
MRSS_00475	WP_011409876.1	37.037	27	17	0	526	552	158	184	0.94	28.1
MRSS_00475	WP_011411258.1	27.941	68	38	1	160	216	369	436	2.3	27.3
MRSS_00475	WP_011411395.1	30.612	49	31	1	128	173	193	241	4.9	26.2
MRSS_00476	WP_070108730.1	27.273	77	43	2	4	70	65	138	0.69	24.6
MRSS_00476	WP_041867068.1	36.667	30	18	1	29	57	299	328	0.93	24.3
MRSS_00476	WP_011411252.1	36.000	25	16	0	10	34	155	179	4.4	22.3
MRSS_00476	WP_041866677.1	58.333	12	5	0	73	84	144	155	6.8	21.6
MRSS_00476	WP_011410222.1	30.000	40	26	1	20	59	49	86	7.6	21.6
MRSS_00476	WP_011410154.1	50.000	14	7	0	25	38	536	549	7.8	21.6
MRSS_00476	WP_011411540.1	36.364	22	14	0	37	58	135	156	8.4	21.2
MRSS_00477	WP_011410859.1	85.081	248	37	0	1	248	1	248	1.09e-157	434
MRSS_00477	WP_011410747.1	24.211	95	45	3	20	103	30	108	0.70	26.9
MRSS_00477	WP_279379388.1	48.485	33	14	2	131	160	42	74	1.2	25.0
MRSS_00477	WP_041867209.1	25.455	55	41	0	5	59	24	78	3.6	24.3
MRSS_00477	WP_011409992.1	28.205	39	20	1	80	118	155	185	5.0	24.6
MRSS_00477	WP_011410864.1	24.658	73	49	2	182	248	1188	1260	5.1	24.6
MRSS_00477	WP_011411747.1	69.231	13	4	0	106	118	56	68	9.7	23.5
MRSS_00478	WP_011410858.1	75.000	60	15	0	1	60	1	60	3.25e-30	97.1
MRSS_00478	WP_011411503.1	38.095	21	13	0	11	31	409	429	1.1	23.1
MRSS_00478	WP_083765022.1	52.941	17	8	0	40	56	13	29	2.6	20.8
MRSS_00478	WP_011412102.1	46.154	13	7	0	4	16	7	19	2.6	21.6
MRSS_00478	WP_011411228.1	29.412	17	12	0	2	18	587	603	4.4	21.2
MRSS_00478	WP_011411941.1	31.429	35	23	1	10	44	252	285	4.6	21.2
MRSS_00478	WP_011410507.1	35.294	17	11	0	10	26	6	22	7.5	20.4
MRSS_00478	WP_011411101.1	31.429	35	24	0	4	38	118	152	10.0	20.4
MRSS_00479	WP_041866934.1	88.822	331	35	1	1	329	1	331	0.0	614
MRSS_00479	WP_011409879.1	41.667	36	19	1	256	291	514	547	2.4	26.2
MRSS_00479	WP_243466078.1	38.636	44	25	2	46	87	51	94	3.0	25.0
MRSS_00479	WP_011411596.1	27.500	80	56	2	216	294	82	160	3.3	25.4
MRSS_00479	WP_041866638.1	29.348	92	46	5	139	224	129	207	3.4	25.4
MRSS_00479	WP_011409938.1	37.143	35	21	1	239	272	403	437	4.5	25.4
MRSS_00479	WP_011410651.1	45.000	20	11	0	79	98	146	165	6.2	24.6
MRSS_00479	WP_011411719.1	46.875	32	14	1	294	325	149	177	7.3	24.6
MRSS_00479	WP_011410703.1	23.913	46	35	0	3	48	229	274	8.4	24.3
MRSS_00479	WP_011411197.1	30.357	56	32	1	211	259	275	330	8.4	24.3
MRSS_00479	WP_011411694.1	27.381	84	45	2	191	274	11	78	8.6	23.1
MRSS_00479	WP_011409991.1	27.907	43	29	1	175	215	261	303	10.0	23.9
MRSS_00480	WP_011412205.1	91.964	112	9	0	1	112	1	112	1.49e-77	220
MRSS_00480	WP_011410834.1	50.000	18	9	0	75	92	91	108	0.55	25.4
MRSS_00480	WP_424141144.1	33.333	54	30	3	40	88	208	260	1.8	23.9
MRSS_00480	WP_011410250.1	35.714	28	18	0	26	53	79	106	2.4	23.1
MRSS_00480	WP_011410723.1	39.130	23	14	0	76	98	138	160	2.6	23.5
MRSS_00480	WP_011411877.1	29.167	48	24	2	6	43	175	222	2.7	23.5
MRSS_00480	WP_011410234.1	25.000	56	41	1	45	100	132	186	5.6	22.7
MRSS_00480	WP_011412192.1	23.077	78	57	1	35	109	86	163	7.1	22.3
MRSS_00481	WP_011412206.1	91.481	270	23	0	2	271	4	273	0.0	496
MRSS_00481	WP_011409956.1	29.787	141	98	1	4	144	7	146	3.41e-11	58.9
MRSS_00481	WP_011411970.1	26.429	140	101	1	4	141	6	145	4.27e-11	58.5
MRSS_00481	WP_011412198.1	41.270	63	37	0	4	66	6	68	9.69e-11	57.4
MRSS_00481	WP_011411687.1	28.906	128	89	2	1	127	8	134	4.07e-08	49.7
MRSS_00481	WP_011411716.1	29.167	120	76	4	4	118	6	121	3.08e-06	43.9
MRSS_00481	WP_011411811.1	27.703	148	93	4	38	171	6	153	4.24e-06	43.1
MRSS_00481	WP_011411229.1	23.810	147	103	3	1	144	10	150	9.07e-06	42.4
MRSS_00481	WP_011411741.1	46.667	60	31	1	4	63	9	67	2.94e-05	40.8
MRSS_00481	WP_341532809.1	37.931	58	35	1	4	61	21	77	0.004	33.1
MRSS_00481	WP_011411433.1	37.500	32	19	1	45	76	34	64	1.0	26.2
MRSS_00481	WP_011410633.1	29.348	92	54	5	96	182	145	230	3.0	25.0
MRSS_00481	WP_041866603.1	36.585	41	23	1	159	199	35	72	9.4	22.7
MRSS_00482	WP_011409875.1	87.988	333	40	0	1	333	1	333	0.0	584
MRSS_00482	WP_011411953.1	25.641	78	52	3	217	291	76	150	0.15	29.6
MRSS_00482	WP_011411234.1	27.692	65	47	0	265	329	122	186	2.6	25.8
MRSS_00482	WP_011409976.1	30.000	50	30	2	146	195	295	339	4.3	25.4
MRSS_00482	WP_011410770.1	37.500	24	15	0	275	298	50	73	5.2	24.6
MRSS_00482	WP_243466233.1	42.857	21	12	0	287	307	25	45	8.7	22.3
MRSS_00482	WP_148203365.1	50.000	28	10	2	53	77	83	109	9.9	23.5
MRSS_00483	WP_011411162.1	91.011	89	8	0	1	89	1	89	9.67e-57	166
MRSS_00483	WP_083764919.1	40.000	30	16	1	45	72	583	612	0.48	25.0
MRSS_00483	WP_011411830.1	32.353	34	23	0	25	58	222	255	2.8	23.1
MRSS_00483	WP_148203503.1	35.897	39	22	1	17	52	57	95	4.0	22.3
MRSS_00483	WP_148203483.1	33.333	24	16	0	33	56	42	65	5.3	21.9
MRSS_00483	WP_011410283.1	32.000	25	17	0	60	84	825	849	5.5	22.3
MRSS_00483	WP_041867274.1	28.571	35	25	0	5	39	152	186	7.3	21.9
MRSS_00483	WP_011410080.1	40.909	22	13	0	21	42	27	48	8.3	21.6
MRSS_00483	WP_083764964.1	30.303	33	19	1	5	33	140	172	8.7	21.6
MRSS_00484	WP_011411163.1	94.444	270	15	0	1	270	1	270	0.0	511
MRSS_00484	WP_011410372.1	45.946	37	20	0	4	40	2	38	5.95e-04	36.6
MRSS_00484	WP_011410832.1	24.540	163	100	6	4	155	109	259	0.005	33.9
MRSS_00484	WP_011279235.1	43.243	37	21	0	4	40	2	38	0.012	32.3
MRSS_00484	WP_148203559.1	28.333	60	33	2	81	140	5	54	0.091	28.9
MRSS_00484	WP_011410020.1	31.884	69	38	2	188	250	245	310	0.43	28.1
MRSS_00484	WP_011410841.1	21.488	121	89	4	4	122	526	642	1.5	26.6
MRSS_00484	WP_011279159.1	25.000	52	39	0	133	184	40	91	1.7	25.8
MRSS_00484	WP_011410864.1	41.667	24	14	0	4	27	28	51	4.4	25.0
MRSS_00484	WP_011410518.1	39.394	33	20	0	5	37	102	134	4.8	24.6
MRSS_00484	WP_041867758.1	38.710	31	16	1	31	58	56	86	4.8	24.6
MRSS_00484	WP_011412042.1	32.143	28	19	0	241	268	180	207	9.4	23.9
MRSS_00485	WP_011411164.1	87.225	227	27	1	1	227	1	225	1.05e-141	392
MRSS_00485	WP_050747552.1	45.455	22	12	0	184	205	32	53	0.16	28.1
MRSS_00485	WP_198408775.1	33.871	62	29	3	52	106	61	117	0.53	26.9
MRSS_00485	WP_011410123.1	26.087	92	57	2	62	142	745	836	1.4	26.2
MRSS_00485	WP_148203508.1	34.694	49	22	2	182	221	76	123	1.4	25.4
MRSS_00485	WP_243466072.1	30.357	56	27	2	112	167	77	120	1.7	25.8
MRSS_00485	WP_041867057.1	42.105	19	11	0	44	62	33	51	2.7	23.5
MRSS_00485	WP_011409938.1	25.000	104	63	4	115	210	433	529	2.9	25.4
MRSS_00485	WP_050747940.1	29.508	61	42	1	20	80	140	199	3.3	24.6
MRSS_00485	WP_158302354.1	50.000	20	10	0	108	127	10	29	3.6	22.7
MRSS_00485	WP_011411856.1	36.364	33	21	0	90	122	154	186	3.8	24.3
MRSS_00485	WP_148203393.1	25.000	48	36	0	11	58	16	63	4.3	23.9
MRSS_00485	WP_050747581.1	29.412	51	32	2	132	180	112	160	5.4	24.3
MRSS_00485	WP_011411623.1	27.083	48	35	0	93	140	217	264	6.2	23.9
MRSS_00485	WP_011410664.1	31.034	29	20	0	166	194	154	182	7.6	23.9
MRSS_00485	WP_011411885.1	36.364	22	14	0	10	31	58	79	8.2	23.1
MRSS_00485	WP_011411362.1	37.500	24	15	0	8	31	71	94	8.4	23.5
MRSS_00485	WP_011410657.1	41.379	29	15	1	13	41	15	41	9.3	22.3
MRSS_00486	WP_011410875.1	89.485	466	49	0	1	466	1	466	0.0	884
MRSS_00486	WP_011411086.1	33.333	111	69	2	360	466	454	563	2.77e-12	65.1
MRSS_00486	WP_011411086.1	21.348	267	178	9	19	277	17	259	1.84e-06	46.2
MRSS_00486	WP_011411719.1	23.848	369	221	13	115	458	167	500	2.59e-10	58.5
MRSS_00486	WP_011410173.1	18.675	332	225	9	141	457	19	320	0.082	31.2
MRSS_00486	WP_011409904.1	24.706	85	54	3	251	328	469	550	0.16	30.4
MRSS_00486	WP_011409996.1	27.660	47	34	0	40	86	111	157	0.33	28.9
MRSS_00486	WP_050747587.1	30.769	52	27	1	374	425	26	68	2.4	25.0
MRSS_00486	WP_011410986.1	31.667	60	32	2	251	305	65	120	4.0	25.0
MRSS_00486	WP_000729861.1	29.412	51	32	2	327	374	369	418	5.5	25.4
MRSS_00486	WP_011410550.1	54.545	22	8	1	396	415	68	89	5.7	25.0
MRSS_00486	WP_148203555.1	31.818	44	30	0	187	230	4	47	6.5	24.3
MRSS_00486	WP_011410831.1	25.532	47	31	1	263	305	348	394	6.7	25.4
MRSS_00486	WP_011411410.1	33.333	39	26	0	62	100	308	346	6.9	25.4
MRSS_00486	WP_011410878.1	31.429	35	24	0	10	44	286	320	7.7	25.0
MRSS_00486	WP_011411210.1	30.435	69	43	2	91	159	105	168	9.1	24.6
MRSS_00486	WP_011411638.1	30.435	69	43	2	91	159	105	168	9.4	24.6
MRSS_00487	WP_011410465.1	65.909	44	15	0	18	61	62	105	9.58e-15	60.5
MRSS_00487	WP_011410004.1	40.000	30	18	0	32	61	155	184	0.56	23.9
MRSS_00487	WP_011412098.1	50.000	26	12	1	23	47	157	182	0.84	23.5
MRSS_00487	WP_011411402.1	35.714	42	26	1	16	57	100	140	2.0	22.3
MRSS_00487	WP_011411788.1	28.571	42	27	1	10	48	468	509	2.7	21.9
MRSS_00487	WP_011411227.1	39.130	23	14	0	24	46	3	25	2.8	21.6
MRSS_00487	WP_000729861.1	66.667	12	4	0	20	31	250	261	3.6	21.6
MRSS_00487	WP_011412038.1	36.667	30	18	1	20	48	159	188	5.0	21.2
MRSS_00487	WP_011411594.1	22.222	45	34	1	12	56	16	59	7.4	20.8
MRSS_00487	WP_011410222.1	35.000	20	13	0	42	61	1	20	7.9	20.4
MRSS_00487	WP_011411596.1	37.838	37	20	2	19	54	33	67	8.2	20.4
MRSS_00487	WP_011409999.1	35.484	31	20	0	20	50	167	197	8.8	20.4
MRSS_00487	WP_011410077.1	30.000	50	31	2	3	51	95	141	9.0	20.4
MRSS_00488	WP_050747276.1	36.667	30	12	1	1	30	37	59	4.4	21.2
MRSS_00488	WP_011410600.1	34.146	41	23	2	8	44	217	257	5.0	21.6
MRSS_00488	WP_011410430.1	33.333	24	16	0	42	65	799	822	7.1	20.8
MRSS_00488	WP_041866589.1	35.714	28	18	0	35	62	99	126	7.5	20.8
MRSS_00488	WP_148203567.1	42.308	26	15	0	10	35	61	86	8.3	20.8
MRSS_00488	WP_011410446.1	42.308	26	15	0	10	35	61	86	9.2	20.4
MRSS_00488	WP_011410534.1	31.250	32	22	0	13	44	10	41	9.9	20.4
MRSS_00489	WP_041866902.1	33.333	30	20	0	3	32	21	50	0.71	21.9
MRSS_00489	WP_011410786.1	38.462	26	10	1	9	34	242	261	2.3	20.8
MRSS_00489	WP_011410017.1	37.500	24	15	0	11	34	99	122	3.8	20.0
MRSS_00489	WP_083764715.1	38.889	18	11	0	11	28	295	312	4.2	20.0
MRSS_00489	WP_011411582.1	63.636	11	4	0	15	25	16	26	5.5	19.6
MRSS_00489	WP_011410542.1	42.105	19	11	0	9	27	84	102	6.1	19.6
MRSS_00489	WP_011411895.1	50.000	12	6	0	2	13	58	69	8.4	19.2
MRSS_00489	WP_041866906.1	31.579	19	13	0	10	28	35	53	9.6	18.9
MRSS_00491	WP_011410569.1	89.931	288	29	0	1	288	1	288	0.0	529
MRSS_00491	WP_011410342.1	26.316	95	53	2	145	238	61	139	0.90	26.9
MRSS_00491	WP_011412249.1	35.714	28	18	0	234	261	74	101	1.7	25.4
MRSS_00491	WP_341532873.1	25.000	84	48	3	56	134	32	105	3.2	24.6
MRSS_00491	WP_050747668.1	33.333	39	20	1	48	86	11	43	4.0	23.5
MRSS_00491	WP_011412014.1	30.357	56	32	2	32	87	71	119	8.0	24.3
MRSS_00492	WP_011410568.1	85.339	457	66	1	1	457	1	456	0.0	827
MRSS_00492	WP_011410831.1	36.232	69	43	1	224	292	291	358	1.48e-05	43.5
MRSS_00492	WP_011410831.1	21.739	69	54	0	37	105	22	90	2.7	26.6
MRSS_00492	WP_011410277.1	25.217	115	85	1	206	319	541	655	4.37e-04	38.9
MRSS_00492	WP_011410666.1	32.836	67	39	2	255	320	613	674	0.014	33.9
MRSS_00492	WP_011410666.1	44.000	25	14	0	37	61	49	73	3.0	26.6
MRSS_00492	WP_011279184.1	30.303	99	48	5	362	447	75	165	0.091	30.8
MRSS_00492	WP_243466094.1	25.806	124	85	4	306	429	32	148	0.14	29.6
MRSS_00492	WP_041867276.1	32.143	56	29	3	143	197	70	117	1.4	26.6
MRSS_00492	WP_011410504.1	24.419	86	63	2	29	114	741	824	4.9	25.8
MRSS_00492	WP_041866886.1	33.333	39	25	1	205	242	47	85	5.2	24.3
MRSS_00492	WP_011410084.1	43.750	32	18	0	378	409	686	717	7.1	25.4
MRSS_00492	WP_011409999.1	39.286	28	17	0	376	403	729	756	9.3	25.0
MRSS_00492	WP_148203503.1	30.000	50	22	1	83	132	60	96	9.7	24.3
MRSS_00494	WP_009639175.1	100.000	103	0	0	1	103	1	103	6.53e-73	208
MRSS_00494	WP_011410952.1	33.333	36	23	1	15	50	96	130	4.4	22.7
MRSS_00494	WP_011412192.1	32.653	49	31	1	31	79	92	138	6.8	22.3
MRSS_00494	WP_011410696.1	33.333	48	30	2	8	55	468	513	8.2	21.9
MRSS_00494	WP_041866775.1	28.070	57	35	2	26	82	1	51	8.7	21.2
MRSS_00495	WP_011412088.1	88.038	209	25	0	1	209	1	209	1.07e-137	380
MRSS_00495	WP_148203470.1	44.000	25	14	0	166	190	112	136	2.4	25.0
MRSS_00495	WP_011410590.1	22.400	125	62	7	64	183	42	136	3.2	24.6
MRSS_00495	WP_243466149.1	38.462	26	16	0	141	166	37	62	3.5	23.9
MRSS_00495	WP_011411045.1	35.294	34	20	1	80	113	124	155	5.6	23.9
MRSS_00495	WP_011411172.1	31.579	38	26	0	34	71	163	200	7.2	23.9
MRSS_00495	WP_243466050.1	50.000	18	9	0	152	169	163	180	7.4	23.5
MRSS_00496	WP_011412087.1	90.547	201	19	0	1	201	1	201	1.63e-134	372
MRSS_00496	WP_011412154.1	29.114	79	43	3	101	178	259	325	0.86	26.6
MRSS_00496	WP_011410048.1	29.167	48	32	1	32	79	120	165	4.3	23.9
MRSS_00496	WP_011410768.1	27.692	65	45	1	134	198	505	567	4.4	24.3
MRSS_00496	WP_011409923.1	27.692	65	44	1	65	129	271	332	7.8	23.5
MRSS_00496	WP_011410856.1	39.394	33	20	0	45	77	222	254	9.8	23.5
MRSS_00497	WP_011412086.1	84.000	100	15	1	1	100	1	99	2.47e-58	171
MRSS_00497	WP_011411258.1	26.667	60	38	1	40	93	13	72	0.34	25.8
MRSS_00497	WP_050747914.1	37.500	24	15	0	78	101	43	66	1.5	23.5
MRSS_00497	WP_011409938.1	30.435	46	30	1	39	84	123	166	3.0	23.1
MRSS_00497	WP_011410878.1	24.242	33	25	0	26	58	210	242	8.8	21.9
MRSS_00498	WP_011412085.1	95.604	273	12	0	1	273	1	273	0.0	526
MRSS_00498	WP_424141147.1	44.444	27	15	0	173	199	48	74	0.59	26.6
MRSS_00498	WP_041867024.1	26.667	45	33	0	30	74	99	143	0.64	26.9
MRSS_00498	WP_011411612.1	24.648	142	72	5	51	163	122	257	0.79	27.3
MRSS_00498	WP_011411709.1	22.400	125	78	3	16	126	326	445	1.1	26.9
MRSS_00498	WP_011412046.1	23.377	77	52	2	60	133	784	856	2.2	26.2
MRSS_00498	WP_002211347.1	47.059	17	9	0	46	62	28	44	4.2	23.5
MRSS_00498	WP_011410796.1	36.585	41	23	1	187	227	120	157	6.0	24.6
MRSS_00498	WP_011411824.1	32.558	43	29	0	176	218	48	90	7.5	24.3
MRSS_00498	WP_011411243.1	26.667	60	41	1	119	178	245	301	7.5	24.3
MRSS_00498	WP_011410961.1	37.931	29	18	0	70	98	12	40	7.6	23.9
MRSS_00498	WP_011409938.1	34.783	23	15	0	238	260	316	338	7.9	24.3
MRSS_00498	WP_011410787.1	39.286	28	17	0	34	61	327	354	9.9	23.9
MRSS_00499	WP_011412084.1	98.913	92	1	0	1	92	1	92	5.61e-65	187
MRSS_00499	WP_011410531.1	23.288	73	53	1	9	81	8	77	0.43	25.0
MRSS_00499	WP_243466250.1	27.586	29	21	0	64	92	68	96	3.1	22.3
MRSS_00499	WP_011412139.1	42.857	28	16	0	23	50	317	344	5.7	22.3
MRSS_00499	WP_050747508.1	26.471	34	25	0	9	42	169	202	6.0	21.9
MRSS_00499	WP_011410428.1	30.556	36	25	0	15	50	33	68	6.6	21.9
MRSS_00499	WP_011411171.1	29.412	34	17	1	30	63	324	350	8.4	21.6
MRSS_00499	WP_011410919.1	27.273	44	28	1	32	75	58	97	10.0	21.6
MRSS_00500	WP_011412083.1	94.545	110	6	0	1	110	1	110	4.26e-72	206
MRSS_00500	WP_011411053.1	32.432	37	25	0	73	109	45	81	0.58	25.4
MRSS_00500	WP_011411013.1	36.667	30	19	0	54	83	81	110	1.3	23.9
MRSS_00500	WP_011411516.1	36.667	30	19	0	54	83	81	110	3.5	22.7
MRSS_00500	WP_011412074.1	28.302	53	34	2	40	92	21	69	5.5	22.3
MRSS_00500	WP_243466052.1	28.571	42	30	0	7	48	38	79	8.2	21.6
MRSS_00501	WP_011412082.1	96.552	232	8	0	1	232	1	232	4.37e-166	454
MRSS_00501	WP_011410239.1	22.727	44	34	0	41	84	282	325	0.59	27.3
MRSS_00501	WP_243466149.1	30.263	76	43	3	150	221	5	74	1.1	25.4
MRSS_00501	WP_011410036.1	26.866	67	47	1	144	208	28	94	2.0	25.4
MRSS_00501	WP_011410123.1	23.377	77	54	2	79	150	245	321	2.8	25.4
MRSS_00501	WP_041867276.1	40.000	25	15	0	208	232	133	157	6.0	23.9
MRSS_00501	WP_041867024.1	34.000	50	29	1	79	128	86	131	7.9	23.5
MRSS_00501	WP_011410038.1	56.000	25	10	1	202	226	217	240	7.9	23.9
MRSS_00502	WP_011412081.1	94.853	136	7	0	1	136	1	136	9.61e-93	261
MRSS_00502	WP_011410745.1	40.000	30	18	0	95	124	1	30	0.30	26.9
MRSS_00502	WP_041866530.1	32.000	50	32	1	8	57	8	55	1.2	23.9
MRSS_00502	WP_011411530.1	28.571	35	25	0	64	98	278	312	3.2	23.9
MRSS_00502	WP_243465995.1	30.667	75	43	3	9	75	20	93	4.2	23.1
MRSS_00502	WP_158302349.1	37.838	37	15	2	50	78	18	54	4.3	22.3
MRSS_00502	WP_011410816.1	57.143	14	6	0	84	97	151	164	8.2	22.7
MRSS_00502	WP_041866696.1	30.667	75	43	3	9	75	38	111	9.5	21.9
MRSS_00502	WP_011411739.1	52.174	23	11	0	93	115	112	134	9.5	22.3
MRSS_00502	WP_011411228.1	35.714	28	18	0	10	37	675	702	9.8	22.3
MRSS_00502	WP_011410536.1	46.154	26	14	0	100	125	239	264	9.8	22.3
MRSS_00503	WP_011412080.1	87.302	63	8	0	1	63	1	63	2.89e-25	85.1
MRSS_00503	WP_050747596.1	30.667	75	35	4	8	65	108	182	0.010	28.9
MRSS_00503	WP_011411203.1	50.000	16	8	0	11	26	5	20	1.4	22.7
MRSS_00503	WP_158302388.1	30.435	46	31	1	16	60	208	253	4.2	21.6
MRSS_00503	WP_041866784.1	34.615	52	31	2	8	56	114	165	4.3	21.6
MRSS_00503	WP_011411555.1	34.375	32	21	0	1	32	18	49	4.4	21.6
MRSS_00503	WP_011412163.1	45.833	24	13	0	41	64	4	27	5.3	21.2
MRSS_00503	WP_011410852.1	41.176	34	20	0	16	49	40	73	5.5	21.2
MRSS_00503	WP_011410489.1	44.444	27	14	1	16	42	8	33	6.9	21.2
MRSS_00503	WP_011410425.1	35.484	31	20	0	12	42	298	328	7.2	20.8
MRSS_00503	WP_011410378.1	36.842	19	12	0	14	32	157	175	7.3	20.8
MRSS_00503	WP_050747542.1	37.931	29	18	0	17	45	3	31	9.5	20.4
MRSS_00504	WP_011412079.1	94.048	84	5	0	1	84	1	84	2.48e-54	159
MRSS_00504	WP_011411879.1	28.205	39	22	1	46	84	101	133	1.9	23.1
MRSS_00504	WP_083764840.1	27.778	36	26	0	25	60	39	74	2.1	22.7
MRSS_00504	WP_011411264.1	34.483	29	19	0	50	78	20	48	2.4	22.7
MRSS_00504	WP_011409918.1	33.333	42	27	1	14	54	364	405	3.9	22.3
MRSS_00504	WP_011411542.1	33.333	57	32	3	8	61	92	145	4.2	22.3
MRSS_00504	WP_011409924.1	23.529	68	47	3	14	78	168	233	4.8	21.9
MRSS_00504	WP_011411572.1	22.222	81	52	2	9	83	143	218	5.4	21.9
MRSS_00505	WP_011412078.1	91.870	123	10	0	1	123	1	123	2.64e-81	231
MRSS_00505	WP_279379391.1	29.032	31	22	0	66	96	2	32	1.3	23.1
MRSS_00505	WP_041866554.1	45.161	31	13	1	30	60	2	28	1.8	24.3
MRSS_00505	WP_050747581.1	31.579	57	36	1	15	68	180	236	3.5	23.5
MRSS_00505	WP_011410937.1	29.630	27	19	0	1	27	32	58	5.9	22.7
MRSS_00505	WP_011411958.1	44.000	25	12	1	21	43	131	155	6.9	22.7
MRSS_00505	WP_011411749.1	45.000	20	11	0	75	94	81	100	9.1	22.3
MRSS_00505	WP_041866906.1	37.931	29	18	0	19	47	30	58	9.5	21.6
MRSS_00506	WP_011412077.1	89.423	104	11	0	1	104	1	104	5.35e-64	186
MRSS_00506	WP_011410126.1	40.741	27	12	1	49	71	138	164	3.1	23.1
MRSS_00506	WP_050747943.1	22.667	75	39	2	16	78	101	168	3.5	23.1
MRSS_00506	WP_011411218.1	21.053	76	55	2	23	94	319	393	3.9	23.1
MRSS_00506	WP_173340361.1	26.316	38	28	0	41	78	353	390	4.2	22.7
MRSS_00506	WP_041867696.1	31.579	38	26	0	51	88	12	49	4.2	22.7
MRSS_00506	WP_011411198.1	35.484	31	20	0	33	63	132	162	4.6	22.7
MRSS_00506	WP_011412137.1	32.353	34	21	1	44	77	39	70	5.6	22.3
MRSS_00506	WP_011412046.1	35.135	37	24	0	1	37	232	268	6.2	22.3
MRSS_00506	WP_011410068.1	47.826	23	12	0	6	28	121	143	6.6	22.3
MRSS_00506	WP_011411667.1	36.170	47	22	1	5	51	276	314	6.9	22.3
MRSS_00506	WP_011410039.1	28.000	25	18	0	65	89	194	218	8.7	21.9
MRSS_00507	WP_011412076.1	92.737	179	13	0	1	179	1	179	1.33e-126	350
MRSS_00507	WP_011410836.1	30.864	81	46	3	13	83	463	543	3.6	24.6
MRSS_00507	WP_011410836.1	42.857	28	15	1	37	63	312	339	5.4	23.9
MRSS_00507	WP_050747334.1	29.412	34	24	0	145	178	142	175	4.3	23.9
MRSS_00507	WP_011411279.1	44.444	27	15	0	40	66	397	423	4.9	24.3
MRSS_00507	WP_011410872.1	37.838	37	22	1	96	132	127	162	7.8	23.1
MRSS_00507	WP_011410645.1	41.667	24	14	0	155	178	234	257	7.8	23.1
MRSS_00507	WP_011410665.1	36.842	19	12	0	129	147	104	122	8.7	23.1
MRSS_00507	WP_050747821.1	47.619	21	11	0	23	43	270	290	9.4	23.1
MRSS_00508	WP_011412075.1	92.079	101	8	0	1	101	1	101	8.53e-67	192
MRSS_00508	WP_011410913.1	26.087	69	39	1	39	95	223	291	0.29	26.2
MRSS_00508	WP_011410670.1	35.294	34	22	0	68	101	454	487	1.1	24.3
MRSS_00508	WP_011412244.1	37.500	24	15	0	25	48	48	71	3.5	22.7
MRSS_00508	WP_011411441.1	28.000	50	32	1	47	92	236	285	6.2	22.3
MRSS_00508	WP_011410024.1	32.653	49	27	1	12	54	847	895	7.7	21.9
MRSS_00508	WP_011412119.1	36.111	36	20	1	23	58	478	510	9.2	21.9
MRSS_00508	WP_011411771.1	37.500	24	15	0	68	91	67	90	9.6	21.6
MRSS_00509	WP_011412074.1	90.000	130	13	0	1	130	1	130	1.03e-83	237
MRSS_00509	WP_041867280.1	35.616	73	40	3	51	119	197	266	0.012	30.8
MRSS_00509	WP_041866986.1	28.000	50	36	0	43	92	11	60	0.16	26.2
MRSS_00509	WP_011411145.1	29.688	64	36	2	13	67	512	575	2.6	24.3
MRSS_00509	WP_011410791.1	44.118	34	14	2	91	121	41	72	5.9	22.7
MRSS_00509	WP_011412106.1	36.842	19	12	0	2	20	34	52	9.3	21.6
MRSS_00510	WP_011412073.1	89.831	177	18	0	1	177	1	177	4.18e-118	328
MRSS_00510	WP_011410740.1	28.571	91	47	3	78	162	55	133	1.5	25.4
MRSS_00510	WP_011411735.1	55.556	18	8	0	154	171	394	411	1.7	25.4
MRSS_00510	WP_011411074.1	29.787	47	33	0	64	110	278	324	1.8	25.4
MRSS_00510	WP_011410003.1	36.667	30	14	1	148	177	193	217	3.0	24.3
MRSS_00510	WP_011412066.1	52.941	17	8	0	50	66	32	48	7.3	22.7
MRSS_00510	WP_011411811.1	27.907	43	31	0	93	135	95	137	7.6	23.1
MRSS_00510	WP_011411485.1	29.412	34	22	1	2	35	105	136	7.7	23.5
MRSS_00511	WP_011412072.1	91.453	117	10	0	1	117	1	117	8.95e-66	191
MRSS_00511	WP_011410735.1	40.741	27	16	0	16	42	40	66	0.84	24.3
MRSS_00511	WP_011412164.1	25.000	56	36	1	44	99	41	90	1.1	24.6
MRSS_00511	WP_083765137.1	60.000	15	6	0	57	71	75	89	3.7	23.1
MRSS_00511	WP_011410723.1	30.769	26	18	0	22	47	189	214	4.2	23.1
MRSS_00511	WP_011410740.1	38.462	26	16	0	41	66	195	220	4.6	23.1
MRSS_00511	WP_011410676.1	64.286	14	5	0	19	32	20	33	10.0	21.9
MRSS_00512	WP_011412071.1	93.333	165	11	0	1	165	1	165	3.36e-112	312
MRSS_00512	WP_011409866.1	53.333	15	7	0	11	25	366	380	8.3	23.1
MRSS_00512	WP_011410289.1	28.261	46	31	1	26	69	207	252	9.1	23.1
MRSS_00513	WP_011412070.1	89.831	59	6	0	1	59	1	59	4.79e-36	111
MRSS_00513	WP_041866698.1	38.889	36	18	1	13	44	22	57	0.23	24.6
MRSS_00513	WP_198408745.1	30.435	23	16	0	32	54	84	106	2.2	21.9
MRSS_00513	WP_050747646.1	35.000	20	13	0	25	44	38	57	2.2	21.9
MRSS_00513	WP_011412131.1	36.364	22	14	0	27	48	144	165	3.1	21.6
MRSS_00513	WP_041866551.1	37.838	37	20	2	6	42	38	71	3.6	21.2
MRSS_00513	WP_011411218.1	40.000	30	18	0	16	45	221	250	3.7	21.6
MRSS_00513	WP_011412196.1	31.707	41	18	1	23	53	444	484	6.2	20.8
MRSS_00513	WP_011409924.1	42.105	19	11	0	9	27	182	200	6.6	20.8
MRSS_00513	WP_011410914.1	35.484	31	17	1	15	45	166	193	8.0	20.4
MRSS_00513	WP_011410216.1	35.714	28	17	1	15	42	779	805	9.5	20.4
MRSS_00513	WP_011411939.1	34.783	46	24	2	8	48	20	64	9.9	20.4
MRSS_00514	WP_011412069.1	90.278	144	14	0	1	144	1	144	5.07e-91	257
MRSS_00514	WP_011410714.1	27.692	65	41	1	3	61	57	121	0.91	25.8
MRSS_00514	WP_011410907.1	40.000	30	18	0	103	132	91	120	1.9	24.6
MRSS_00514	WP_050747443.1	42.424	33	18	1	82	113	83	115	2.2	24.6
MRSS_00514	WP_011410594.1	62.500	16	6	0	58	73	195	210	2.5	24.3
MRSS_00514	WP_050747556.1	56.250	16	7	0	58	73	118	133	6.8	22.7
MRSS_00514	WP_011410647.1	27.586	87	50	3	56	131	35	119	8.2	22.7
MRSS_00514	WP_011410504.1	39.474	38	22	1	105	141	547	584	9.3	22.7
MRSS_00515	WP_011412068.1	94.357	443	25	0	1	443	1	443	0.0	783
MRSS_00515	WP_011411552.1	32.877	73	44	2	306	376	23	92	0.074	30.4
MRSS_00515	WP_011411280.1	32.258	31	21	0	345	375	373	403	2.5	26.6
MRSS_00515	WP_011410176.1	33.333	39	26	0	241	279	11	49	3.1	26.2
MRSS_00515	WP_011410855.1	37.500	24	14	1	338	361	63	85	3.9	24.6
MRSS_00515	WP_011410660.1	38.636	44	21	2	245	287	117	155	4.0	25.8
MRSS_00515	WP_050747624.1	30.769	52	24	2	29	69	165	215	5.1	25.4
MRSS_00515	WP_041867107.1	36.667	30	19	0	313	342	39	68	5.3	23.9
MRSS_00515	WP_011412010.1	28.889	45	32	0	347	391	229	273	7.3	25.0
MRSS_00515	WP_424141178.1	30.000	50	23	1	252	301	266	303	7.3	25.4
MRSS_00516	WP_002227352.1	92.105	38	3	0	1	38	1	38	2.19e-20	70.9
MRSS_00516	WP_011410697.1	31.818	22	15	0	4	25	304	325	3.9	20.4
MRSS_00516	WP_243466338.1	39.286	28	17	0	2	29	105	132	6.3	19.6
MRSS_00516	WP_011410201.1	33.333	18	11	1	6	23	91	107	7.2	19.6
MRSS_00516	WP_243466215.1	53.846	13	6	0	17	29	36	48	9.1	19.2
MRSS_00516	WP_011411349.1	70.000	10	3	0	13	22	131	140	9.5	19.2
MRSS_00517	WP_011412067.1	88.983	118	13	0	1	118	1	118	8.29e-76	216
MRSS_00517	WP_041866530.1	26.415	53	25	1	39	77	3	55	1.5	23.1
MRSS_00517	WP_011410174.1	35.714	28	18	0	73	100	449	476	4.8	23.1
MRSS_00517	WP_424141187.1	39.024	41	20	3	7	43	10	49	7.2	21.6
MRSS_00517	WP_011410891.1	32.558	43	19	1	48	90	541	573	7.3	22.3
MRSS_00517	WP_011410076.1	34.483	29	19	0	10	38	149	177	7.6	22.3
MRSS_00517	WP_011411639.1	44.000	25	14	0	34	58	234	258	7.6	22.3
MRSS_00517	WP_279379469.1	31.034	29	20	0	28	56	26	54	9.0	21.6
MRSS_00518	WP_011412066.1	95.349	129	6	0	1	129	1	129	1.57e-90	254
MRSS_00518	WP_011411258.1	31.818	44	28	1	61	102	258	301	1.9	24.3
MRSS_00518	WP_011409917.1	47.368	19	10	0	111	129	254	272	2.1	24.3
MRSS_00518	WP_243466337.1	23.913	46	29	1	36	75	34	79	2.4	23.5
MRSS_00518	WP_011409952.1	45.833	24	13	0	79	102	2	25	2.9	23.9
MRSS_00518	WP_011411501.1	35.294	51	26	3	59	103	402	451	3.8	23.5
MRSS_00518	WP_158302299.1	28.846	52	32	2	7	55	437	486	4.1	23.5
MRSS_00518	WP_011410016.1	26.804	97	47	2	8	80	174	270	4.9	23.1
MRSS_00518	WP_050747428.1	48.000	25	11	1	3	27	83	105	5.0	22.7
MRSS_00519	WP_011412065.1	92.718	206	15	0	1	206	1	206	3.01e-144	397
MRSS_00519	WP_011411434.1	33.871	62	30	2	56	117	294	344	0.19	28.5
MRSS_00519	WP_011410658.1	55.556	18	8	0	132	149	87	104	2.1	25.4
MRSS_00519	WP_011412123.1	28.571	70	45	3	97	165	14	79	2.5	24.6
MRSS_00519	WP_011411981.1	25.424	59	41	1	47	102	375	433	3.3	24.6
MRSS_00519	WP_011410839.1	45.455	22	12	0	54	75	63	84	8.1	23.5
MRSS_00519	WP_011411925.1	25.806	62	38	2	19	75	51	109	9.9	23.1
MRSS_00520	WP_011412064.1	95.745	329	14	0	1	329	1	329	0.0	636
MRSS_00520	WP_011409876.1	36.364	44	27	1	80	122	162	205	0.071	30.8
MRSS_00520	WP_158302455.1	32.075	53	29	2	92	137	1	53	0.76	25.4
MRSS_00520	WP_011409999.1	27.778	54	34	1	97	145	830	883	2.7	26.2
MRSS_00520	WP_011410585.1	22.477	218	145	9	85	291	100	304	2.8	25.8
MRSS_00520	WP_011411392.1	30.357	56	38	1	39	94	22	76	3.5	24.3
MRSS_00520	WP_011410270.1	37.143	35	17	1	253	282	117	151	4.6	25.0
MRSS_00520	WP_041867068.1	40.741	27	16	0	62	88	230	256	4.7	25.4
MRSS_00520	WP_041866762.1	29.167	48	27	1	52	99	14	54	5.1	23.9
MRSS_00520	WP_243466099.1	48.000	25	13	0	210	234	126	150	5.9	24.6
MRSS_00520	WP_011409890.1	26.923	52	38	0	116	167	260	311	6.6	24.6
MRSS_00520	WP_011412132.1	40.909	22	13	0	67	88	156	177	7.8	24.3
MRSS_00520	WP_198408745.1	35.714	28	18	0	140	167	24	51	9.3	23.5
MRSS_00521	WP_011412063.1	94.017	117	7	0	1	117	1	117	2.53e-78	224
MRSS_00521	WP_011410878.1	28.571	70	47	1	24	93	230	296	0.082	28.5
MRSS_00521	WP_011411624.1	46.154	26	14	0	19	44	525	550	5.0	23.1
MRSS_00521	WP_011410937.1	34.783	46	28	1	7	52	71	114	5.5	23.1
MRSS_00521	WP_011411735.1	30.000	50	35	0	49	98	57	106	8.1	22.7
MRSS_00521	WP_011410864.1	33.333	33	17	1	58	90	1299	1326	9.4	22.3
MRSS_00522	WP_011410908.1	84.783	322	48	1	1	321	1	322	0.0	577
MRSS_00522	WP_011411999.1	25.000	100	71	2	132	231	37	132	3.03e-07	45.4
MRSS_00522	WP_011412135.1	21.591	88	57	2	149	233	20	98	0.13	28.5
MRSS_00522	WP_011411127.1	41.667	36	19	1	228	261	245	280	0.26	28.9
MRSS_00522	WP_011410360.1	41.379	29	17	0	238	266	271	299	1.4	26.6
MRSS_00522	WP_011411072.1	41.935	31	18	0	19	49	735	765	1.7	26.6
MRSS_00522	WP_243466087.1	34.043	47	28	1	35	81	31	74	4.4	23.9
MRSS_00522	WP_158302322.1	35.714	28	18	0	250	277	95	122	5.7	24.6
MRSS_00522	WP_011410522.1	25.333	75	41	2	162	221	404	478	6.2	24.6
MRSS_00522	WP_011410753.1	37.500	32	17	2	115	146	342	370	6.2	25.0
MRSS_00522	WP_011410272.1	38.462	39	18	2	250	282	26	64	6.8	24.6
MRSS_00522	WP_050747847.1	37.209	43	24	1	118	157	111	153	7.9	24.3
MRSS_00522	WP_011409968.1	60.000	15	6	0	74	88	9	23	8.2	23.5
MRSS_00522	WP_011411194.1	35.135	37	19	2	231	267	205	236	9.7	23.9
MRSS_00522	WP_011412092.1	28.571	28	19	1	193	219	107	134	10.0	24.3
MRSS_00523	WP_011411203.1	81.702	235	42	1	1	235	1	234	7.10e-91	265
MRSS_00523	WP_011409884.1	37.500	40	22	2	108	145	187	225	1.1	26.6
MRSS_00523	WP_011411709.1	30.612	49	34	0	55	103	636	684	3.4	25.0
MRSS_00523	WP_243466061.1	35.897	39	24	1	69	107	23	60	4.5	24.3
MRSS_00524	WP_011411202.1	81.395	172	32	0	1	172	1	172	1.03e-99	281
MRSS_00524	WP_011410883.1	45.833	24	13	0	146	169	106	129	7.4	23.5
MRSS_00524	WP_011411947.1	28.169	71	46	2	42	110	129	196	7.4	23.1
MRSS_00524	WP_041867098.1	46.667	15	8	0	138	152	51	65	9.6	21.9
MRSS_00525	WP_011410414.1	88.571	315	36	0	1	315	1	315	0.0	554
MRSS_00525	WP_011412104.1	25.000	84	50	3	55	133	88	163	0.63	28.1
MRSS_00525	WP_011412117.1	35.484	31	20	0	138	168	37	67	0.81	26.9
MRSS_00525	WP_011410683.1	28.358	67	46	1	217	281	153	219	1.3	26.9
MRSS_00525	WP_011409974.1	34.146	41	26	1	204	243	134	174	1.5	26.6
MRSS_00525	WP_011409932.1	37.500	56	32	3	132	185	105	159	5.3	24.6
MRSS_00525	WP_148203537.1	37.500	32	20	0	5	36	4	35	7.7	22.7
MRSS_00525	WP_041867098.1	33.333	63	39	3	34	96	7	66	8.5	23.1
MRSS_00526	WP_011410415.1	81.132	106	20	0	1	106	1	106	8.29e-50	150
MRSS_00526	WP_011412144.1	38.710	31	19	0	54	84	335	365	0.20	26.9
MRSS_00526	WP_011410835.1	31.915	47	32	0	8	54	130	176	2.4	23.5
MRSS_00526	WP_083764873.1	35.000	20	13	0	9	28	97	116	3.6	22.7
MRSS_00527	WP_011410900.1	53.205	312	138	1	1	304	1	312	1.66e-112	325
MRSS_00527	WP_011409963.1	53.420	307	135	1	1	299	1	307	6.95e-110	318
MRSS_00527	WP_011410636.1	52.564	312	140	1	1	304	1	312	2.24e-109	317
MRSS_00527	WP_011411000.1	52.443	307	138	1	1	299	1	307	1.50e-107	312
MRSS_00527	WP_011410631.1	51.140	307	134	2	1	299	1	299	4.39e-101	295
MRSS_00527	WP_011412178.1	48.860	307	130	2	1	299	1	288	7.05e-95	279
MRSS_00527	WP_011410889.1	49.254	201	91	3	1	191	1	200	6.09e-54	171
MRSS_00527	WP_083764717.1	46.114	193	86	3	120	304	28	210	1.29e-48	158
MRSS_00527	WP_083764717.1	52.542	59	28	0	1	59	1	59	9.03e-14	65.5
MRSS_00527	WP_041866499.1	28.986	69	38	2	242	310	19	76	1.4	26.2
MRSS_00527	WP_279379394.1	42.857	28	16	0	242	269	11	38	1.6	23.9
MRSS_00527	WP_041866832.1	29.787	47	30	2	212	257	17	61	1.6	24.6
MRSS_00527	WP_011410206.1	34.783	46	29	1	66	111	557	601	3.6	25.4
MRSS_00527	WP_198408770.1	25.000	92	52	2	175	252	236	324	3.7	25.4
MRSS_00527	WP_011410077.1	25.191	131	73	6	74	187	257	379	6.8	24.6
MRSS_00527	WP_011411102.1	50.000	18	9	0	203	220	264	281	8.0	24.3
MRSS_00528	WP_011410416.1	91.186	590	52	0	1	590	1	590	0.0	1084
MRSS_00528	WP_011410660.1	25.592	633	371	24	19	575	18	626	1.86e-32	128
MRSS_00528	WP_041866736.1	32.653	49	32	1	534	582	19	66	1.2	27.3
MRSS_00528	WP_243466218.1	28.846	52	30	1	264	315	59	103	1.7	26.2
MRSS_00528	WP_011410240.1	28.889	45	30	1	19	63	808	850	2.3	27.3
MRSS_00528	WP_011412119.1	24.490	196	109	9	263	449	430	595	5.5	26.2
MRSS_00528	WP_011409877.1	36.364	44	20	2	159	194	278	321	7.3	25.8
MRSS_00528	WP_011409981.1	30.357	56	37	1	348	401	237	292	7.9	25.4
MRSS_00529	WP_011410417.1	83.434	495	82	0	1	495	1	495	0.0	772
MRSS_00529	WP_011410418.1	26.706	337	203	11	19	343	16	320	1.17e-05	43.9
MRSS_00529	WP_011410420.1	27.407	135	72	5	111	244	107	216	5.02e-05	41.6
MRSS_00529	WP_011410220.1	24.907	269	168	11	111	373	105	345	0.011	34.3
MRSS_00529	WP_011411444.1	30.000	120	71	5	352	468	295	404	1.2	27.7
MRSS_00529	WP_050747625.1	40.000	40	23	1	421	459	27	66	3.0	24.6
MRSS_00529	WP_050747354.1	47.368	19	10	0	157	175	133	151	5.5	25.4
MRSS_00529	WP_011411402.1	30.000	50	32	1	46	95	223	269	9.3	25.0
MRSS_00530	WP_011410418.1	87.253	455	56	1	1	453	1	455	0.0	758
MRSS_00530	WP_011410417.1	26.074	326	206	8	24	318	22	343	6.96e-09	53.9
MRSS_00530	WP_011410423.1	23.009	226	146	7	103	319	122	328	1.89e-06	46.2
MRSS_00530	WP_011410220.1	25.893	224	126	10	93	298	94	295	2.60e-06	45.8
MRSS_00530	WP_011410420.1	28.731	268	168	10	96	361	101	347	0.001	37.4
MRSS_00530	WP_011410836.1	33.824	68	43	2	43	109	431	497	0.44	29.3
MRSS_00530	WP_148203415.1	34.783	46	28	1	83	128	22	65	1.7	25.8
MRSS_00530	WP_041867282.1	21.569	51	37	1	40	87	3	53	2.9	24.6
MRSS_00530	WP_011411923.1	29.348	92	52	3	74	163	213	293	3.4	26.2
MRSS_00530	WP_011411940.1	28.814	59	42	0	374	432	44	102	4.2	25.4
MRSS_00530	WP_011410915.1	25.333	75	49	1	179	253	101	168	5.3	25.0
MRSS_00530	WP_011411552.1	52.941	17	8	0	18	34	126	142	7.3	24.6
MRSS_00530	WP_041866737.1	30.769	39	27	0	45	83	23	61	8.0	23.1
MRSS_00530	WP_011410126.1	42.857	35	20	0	312	346	14	48	8.6	24.6
MRSS_00531	WP_011410419.1	93.611	360	23	0	1	360	1	360	0.0	679
MRSS_00531	WP_011412191.1	28.037	107	58	3	172	274	133	224	1.6	26.9
MRSS_00531	WP_011411716.1	23.077	78	54	2	101	174	46	121	6.2	24.6
MRSS_00531	WP_011410742.1	34.146	41	26	1	208	247	161	201	7.5	24.6
MRSS_00531	WP_011411306.1	32.609	46	31	0	259	304	49	94	9.0	24.3
MRSS_00531	WP_050747950.1	25.641	39	29	0	9	47	36	74	9.6	23.1
MRSS_00532	WP_011410420.1	84.018	438	68	1	2	437	1	438	0.0	727
MRSS_00532	WP_011410423.1	27.619	210	138	5	107	304	122	329	3.69e-13	67.4
MRSS_00532	WP_011410418.1	28.716	296	181	11	76	346	73	363	1.46e-07	49.7
MRSS_00532	WP_011410220.1	22.619	252	164	10	106	334	105	348	0.003	36.2
MRSS_00532	WP_011410417.1	28.571	126	64	5	115	215	120	244	0.22	30.0
MRSS_00532	WP_148203408.1	30.645	62	41	2	59	120	21	80	0.48	27.7
MRSS_00532	WP_011411444.1	36.667	30	19	0	106	135	51	80	1.5	27.3
MRSS_00532	WP_011410966.1	26.446	121	65	4	8	113	2	113	1.6	26.9
MRSS_00532	WP_011411923.1	30.769	52	34	1	52	101	405	456	2.0	26.9
MRSS_00532	WP_011410857.1	37.143	35	18	1	105	135	47	81	2.4	26.6
MRSS_00532	WP_243466174.1	30.000	40	28	0	256	295	22	61	2.8	24.3
MRSS_00532	WP_011410426.1	37.778	45	27	1	234	278	227	270	2.9	26.2
MRSS_00532	WP_011412187.1	26.724	116	66	5	202	311	194	296	4.0	25.8
MRSS_00532	WP_011410039.1	42.857	28	13	1	314	341	163	187	4.4	25.8
MRSS_00533	WP_011410421.1	89.250	400	43	0	1	400	1	400	0.0	656
MRSS_00533	WP_011410659.1	30.408	319	210	7	75	389	55	365	6.04e-38	137
MRSS_00533	WP_011410183.1	39.394	33	18	2	245	275	37	69	4.1	24.6
MRSS_00533	WP_243466053.1	46.667	30	14	1	307	334	43	72	4.6	25.0
MRSS_00533	WP_011411074.1	35.897	39	25	0	25	63	290	328	4.7	25.4
MRSS_00533	WP_011412197.1	28.125	64	36	2	238	301	178	231	9.9	24.6
MRSS_00534	WP_011410422.1	88.889	342	38	0	1	342	1	342	0.0	581
MRSS_00534	WP_011412233.1	29.070	86	46	3	43	123	257	332	1.4	26.9
MRSS_00534	WP_011410255.1	28.261	46	32	1	35	79	293	338	3.1	25.8
MRSS_00534	WP_050747801.1	26.531	49	36	0	205	253	107	155	3.9	25.4
MRSS_00534	WP_011409932.1	30.645	62	25	2	56	99	128	189	4.2	25.4
MRSS_00534	WP_158302460.1	47.619	21	11	0	155	175	52	72	5.4	24.3
MRSS_00534	WP_243466173.1	39.286	28	17	0	302	329	70	97	7.0	23.9
MRSS_00534	WP_050747270.1	39.130	23	14	0	16	38	31	53	8.4	23.5
MRSS_00534	WP_011410674.1	26.786	56	33	2	56	111	42	89	9.0	24.3
MRSS_00534	WP_011411401.1	52.632	19	9	0	86	104	632	650	9.3	24.6
MRSS_00535	WP_011410423.1	87.117	489	63	0	1	489	1	489	0.0	827
MRSS_00535	WP_011410220.1	26.866	469	304	14	21	475	2	445	2.37e-37	139
MRSS_00535	WP_011410420.1	25.545	321	204	10	21	329	8	305	8.37e-11	60.1
MRSS_00535	WP_011410966.1	36.842	38	23	1	19	56	1	37	0.68	28.5
MRSS_00535	WP_011410417.1	22.917	240	160	7	185	415	197	420	1.2	27.7
MRSS_00535	WP_011410589.1	26.667	45	33	0	447	491	36	80	2.7	25.4
MRSS_00535	WP_003853014.1	37.500	24	15	0	417	440	58	81	3.8	25.8
MRSS_00535	WP_011411911.1	21.839	87	57	2	215	301	100	175	4.7	25.4
MRSS_00535	WP_000808003.1	34.091	44	28	1	204	246	162	205	5.6	25.4
MRSS_00535	WP_011411925.1	50.000	22	11	0	357	378	180	201	5.8	25.4
MRSS_00535	WP_011411256.1	38.710	31	19	0	256	286	39	69	7.0	24.6
MRSS_00535	WP_011410258.1	32.075	53	28	1	381	433	323	367	8.4	25.0
MRSS_00536	WP_011410424.1	79.775	267	54	0	1	267	1	267	5.67e-162	447
MRSS_00536	WP_158302423.1	34.286	35	23	0	218	252	276	310	0.95	26.9
MRSS_00536	WP_011410410.1	37.209	43	27	0	222	264	179	221	1.7	26.2
MRSS_00536	WP_011412160.1	25.170	147	88	6	103	230	169	312	2.5	25.8
MRSS_00536	WP_011410614.1	69.231	13	4	0	228	240	76	88	8.2	23.9
MRSS_00536	WP_011411653.1	34.783	46	24	2	44	86	249	291	8.9	23.9
MRSS_00537	WP_011410425.1	93.062	418	29	0	1	418	1	418	0.0	797
MRSS_00537	WP_011410020.1	24.161	149	99	6	205	344	160	303	0.013	33.5
MRSS_00537	WP_011410070.1	26.316	76	49	2	44	119	178	246	0.058	31.2
MRSS_00537	WP_011410737.1	38.095	42	20	2	28	63	392	433	2.6	26.6
MRSS_00537	WP_011410455.1	31.818	44	28	1	200	241	133	176	6.3	24.6
MRSS_00537	WP_243466106.1	50.000	16	8	0	391	406	11	26	6.6	23.1
MRSS_00537	WP_424141181.1	41.667	24	14	0	370	393	8	31	7.5	22.7
MRSS_00537	WP_011410933.1	35.849	53	29	3	2	51	276	326	9.7	24.6
MRSS_00538	WP_011410426.1	94.041	386	23	0	1	386	1	386	0.0	671
MRSS_00538	WP_341532816.1	45.161	31	17	0	137	167	30	60	0.73	27.3
MRSS_00538	WP_011411191.1	38.235	34	21	0	133	166	118	151	1.8	26.6
MRSS_00538	WP_011411996.1	41.667	36	18	1	53	85	192	227	3.4	25.8
MRSS_00538	WP_011411236.1	25.455	110	59	5	209	298	119	225	3.7	25.8
MRSS_00538	WP_011410963.1	21.339	239	154	9	77	310	126	335	5.9	25.0
MRSS_00538	WP_011411572.1	27.358	106	57	4	1	96	207	302	8.4	24.6
MRSS_00539	WP_011410427.1	91.749	303	25	0	1	303	1	303	0.0	582
MRSS_00539	WP_158302298.1	36.364	33	21	0	104	136	7	39	1.1	24.6
MRSS_00539	WP_011410821.1	27.027	74	52	1	99	170	186	259	2.1	26.2
MRSS_00539	WP_011410432.1	35.000	20	13	0	131	150	47	66	3.5	23.9
MRSS_00539	WP_041866754.1	27.000	100	63	6	178	268	148	246	4.9	25.0
MRSS_00539	WP_050747368.1	37.500	24	15	0	127	150	31	54	5.1	23.5
MRSS_00539	WP_041866753.1	25.581	43	32	0	215	257	113	155	8.2	24.3
MRSS_00539	WP_148203555.1	29.213	89	49	4	18	96	16	100	9.8	23.1
MRSS_00540	WP_011410428.1	75.429	175	43	0	1	175	1	175	1.24e-88	253
MRSS_00540	WP_011411608.1	25.000	84	59	3	60	142	29	109	2.5	24.6
MRSS_00540	WP_011410213.1	35.135	37	21	1	129	162	138	174	9.0	23.1
MRSS_00541	WP_011410430.1	88.470	902	104	0	1	902	1	902	0.0	1633
MRSS_00541	WP_011411420.1	68.750	16	5	0	882	897	136	151	0.019	33.5
MRSS_00541	WP_011410077.1	46.667	30	14	1	145	174	5	32	1.6	28.5
MRSS_00541	WP_050747335.1	24.390	82	58	2	471	548	40	121	2.0	27.7
MRSS_00541	WP_011412035.1	38.462	52	32	0	104	155	299	350	2.1	28.1
MRSS_00541	WP_011412035.1	30.864	81	41	4	106	177	3	77	9.7	25.8
MRSS_00541	WP_011409910.1	31.707	41	28	0	492	532	88	128	2.4	26.9
MRSS_00541	WP_011411667.1	31.746	63	33	3	829	888	272	327	3.0	27.3
MRSS_00541	WP_011412144.1	40.476	42	22	2	78	116	20	61	3.9	27.3
MRSS_00542	WP_011412031.1	91.489	141	12	0	1	141	1	141	3.46e-94	265
MRSS_00542	WP_011411849.1	32.468	77	49	3	25	100	48	122	5.81e-05	37.4
MRSS_00542	WP_041867523.1	28.049	82	57	1	21	100	19	100	3.37e-04	35.0
MRSS_00542	WP_011411263.1	24.468	94	69	1	8	99	3	96	0.001	33.5
MRSS_00542	WP_011409885.1	29.688	64	45	0	51	114	62	125	0.006	31.6
MRSS_00542	WP_011411777.1	22.115	104	73	3	11	109	15	115	0.025	29.6
MRSS_00542	WP_011411587.1	25.316	79	45	2	41	109	58	132	0.16	27.7
MRSS_00542	WP_041867530.1	36.111	36	21	1	44	77	37	72	0.28	26.2
MRSS_00542	WP_011410343.1	29.412	51	33	2	2	49	88	138	0.32	26.9
MRSS_00542	WP_011411268.1	22.989	87	58	2	50	131	263	345	0.35	26.9
MRSS_00542	WP_041867589.1	45.455	22	12	0	79	100	158	179	3.6	23.9
MRSS_00542	WP_050747745.1	31.579	38	26	0	39	76	1	38	4.3	22.3
MRSS_00542	WP_011410715.1	29.032	62	27	2	88	132	119	180	6.7	23.1
MRSS_00542	WP_011411790.1	37.931	29	18	0	5	33	538	566	8.5	22.7
MRSS_00543	WP_011412032.1	85.990	207	29	0	1	207	1	207	5.03e-134	371
MRSS_00543	WP_011411618.1	35.714	42	20	1	105	146	400	434	0.26	28.1
MRSS_00543	WP_011410773.1	22.302	139	87	4	4	125	29	163	0.50	26.9
MRSS_00543	WP_011410956.1	26.214	103	52	4	4	98	28	114	0.52	26.9
MRSS_00543	WP_011411218.1	52.174	23	11	0	47	69	188	210	1.1	26.2
MRSS_00543	WP_424141158.1	31.250	32	22	0	4	35	12	43	1.2	25.4
MRSS_00543	WP_041867655.1	27.632	76	44	2	9	80	40	108	1.2	26.2
MRSS_00543	WP_011410540.1	43.478	23	13	0	4	26	362	384	1.6	25.8
MRSS_00543	WP_011410114.1	28.571	70	33	2	83	152	13	65	1.7	25.0
MRSS_00543	WP_011411195.1	26.415	53	39	0	150	202	150	202	2.0	25.4
MRSS_00543	WP_011410176.1	31.343	67	38	2	2	60	204	270	2.3	25.4
MRSS_00543	WP_011410853.1	52.632	19	9	0	9	27	10	28	2.4	25.0
MRSS_00543	WP_011411253.1	25.000	56	39	1	4	56	27	82	2.5	25.0
MRSS_00543	WP_011411092.1	39.130	23	14	0	3	25	29	51	3.5	24.6
MRSS_00543	WP_011410600.1	36.111	36	21	1	130	163	204	239	3.9	24.6
MRSS_00543	WP_011411857.1	61.111	18	7	0	4	21	31	48	4.3	24.3
MRSS_00543	WP_011410496.1	44.118	34	17	1	3	36	32	63	4.9	23.9
MRSS_00543	WP_011410457.1	50.000	18	9	0	4	21	31	48	5.3	23.9
MRSS_00543	WP_011411661.1	26.667	60	42	1	70	129	144	201	5.7	23.9
MRSS_00543	WP_011410372.1	31.579	57	32	3	78	132	65	116	6.3	23.5
MRSS_00544	WP_011412033.1	89.011	91	10	0	1	91	1	91	9.22e-45	136
MRSS_00544	WP_050747960.1	31.343	67	40	3	18	83	362	423	0.52	25.0
MRSS_00544	WP_011411357.1	35.000	40	26	0	1	40	253	292	2.4	23.1
MRSS_00544	WP_011410603.1	28.571	35	25	0	34	68	139	173	2.8	23.1
MRSS_00544	WP_011411401.1	32.000	25	17	0	44	68	617	641	2.8	23.1
MRSS_00544	WP_279379463.1	37.931	29	18	0	26	54	33	61	6.4	21.2
MRSS_00544	WP_041866492.1	39.130	23	14	0	26	48	63	85	9.4	21.2
MRSS_00545	WP_011412034.1	86.895	702	91	1	1	701	1	702	0.0	1252
MRSS_00545	WP_011410483.1	31.350	689	415	13	55	698	65	740	8.16e-109	343
MRSS_00545	WP_011411155.1	35.088	57	34	2	441	497	19	72	0.074	32.0
MRSS_00545	WP_341532829.1	35.000	60	19	2	22	78	20	62	0.12	28.9
MRSS_00545	WP_011410796.1	31.579	76	39	4	260	324	118	191	0.96	28.5
MRSS_00545	WP_011410935.1	21.053	76	57	1	625	697	1040	1115	4.8	26.6
MRSS_00545	WP_011411760.1	30.000	80	29	3	285	354	22	84	9.2	24.3
MRSS_00545	WP_041867359.1	23.684	76	54	1	402	477	41	112	9.8	24.6
MRSS_00545	WP_011411595.1	26.471	68	46	2	65	128	169	236	9.9	25.0
MRSS_00546	WP_011411451.1	95.274	402	19	0	1	402	1	402	0.0	791
MRSS_00546	WP_011410922.1	38.200	411	239	10	2	400	4	411	9.92e-72	227
MRSS_00546	WP_011411071.1	22.400	125	86	2	49	170	113	229	0.22	29.3
MRSS_00546	WP_011410685.1	34.043	47	28	1	4	50	49	92	1.1	27.3
MRSS_00546	WP_011411674.1	29.688	64	41	2	227	290	162	221	1.6	26.6
MRSS_00546	WP_041866864.1	36.364	44	19	2	280	317	11	51	2.7	24.3
MRSS_00546	WP_041866890.1	34.091	44	20	2	280	317	11	51	4.9	23.9
MRSS_00547	WP_011410566.1	84.810	237	36	0	1	237	1	237	3.69e-154	424
MRSS_00547	WP_011410051.1	30.556	36	25	0	58	93	219	254	1.1	26.6
MRSS_00547	WP_011410132.1	25.333	75	49	3	72	145	87	155	2.6	25.4
MRSS_00547	WP_011411788.1	34.000	50	26	2	65	113	307	350	3.0	25.4
MRSS_00547	WP_011411741.1	31.034	29	20	0	66	94	207	235	4.4	24.6
MRSS_00547	WP_011411969.1	26.190	42	31	0	146	187	249	290	6.2	24.3
MRSS_00547	WP_011279251.1	35.484	31	13	1	20	50	12	35	6.5	24.3
MRSS_00547	WP_011410449.1	34.375	32	12	1	52	74	30	61	7.5	23.9
MRSS_00547	WP_011411921.1	31.915	47	25	1	177	216	372	418	8.9	23.9
MRSS_00547	WP_011279176.1	35.484	31	13	1	20	50	12	35	9.6	23.5
MRSS_00548	WP_011410857.1	86.053	337	47	0	1	337	1	337	0.0	576
MRSS_00548	WP_011410236.1	34.211	38	18	1	67	104	310	340	0.057	31.2
MRSS_00548	WP_011410844.1	32.692	52	33	1	41	92	183	232	0.74	27.7
MRSS_00548	WP_011410318.1	24.762	105	73	2	51	153	161	261	0.99	27.3
MRSS_00548	WP_011411248.1	35.897	39	11	1	60	98	158	182	1.0	26.9
MRSS_00548	WP_011411248.1	33.333	21	14	0	313	333	215	235	8.4	24.3
MRSS_00548	WP_424141185.1	30.357	56	38	1	37	91	14	69	1.2	25.4
MRSS_00548	WP_011412222.1	32.787	61	31	3	64	123	131	182	7.7	24.6
MRSS_00548	WP_011411900.1	26.415	106	70	3	51	153	157	257	8.6	24.3
MRSS_00548	WP_011411659.1	27.632	76	44	3	137	212	82	146	9.0	24.6
MRSS_00549	WP_011410856.1	92.268	582	45	0	1	582	1	582	0.0	1095
MRSS_00549	WP_011410540.1	30.123	488	335	3	95	579	87	571	4.29e-73	241
MRSS_00549	WP_011410541.1	28.523	589	394	9	7	582	5	579	9.54e-62	211
MRSS_00549	WP_011410738.1	36.975	238	143	3	342	577	339	571	7.61e-47	169
MRSS_00549	WP_011410294.1	32.258	248	142	8	342	580	2	232	1.54e-24	99.0
MRSS_00549	WP_011411857.1	29.661	236	149	7	342	567	2	230	1.41e-23	98.6
MRSS_00549	WP_011411530.1	32.895	228	143	6	342	565	3	224	5.06e-23	97.4
MRSS_00549	WP_011410668.1	32.212	208	125	7	359	558	17	216	1.50e-20	87.4
MRSS_00549	WP_011410773.1	33.778	225	123	10	359	567	19	233	1.72e-20	87.4
MRSS_00549	WP_011410956.1	31.308	214	131	8	358	561	17	224	2.19e-19	84.0
MRSS_00549	WP_011411197.1	29.880	251	160	8	327	565	6	252	6.14e-19	84.7
MRSS_00549	WP_011410787.1	29.778	225	142	8	346	565	25	238	3.34e-18	82.8
MRSS_00549	WP_011409929.1	29.515	227	139	5	354	567	34	252	3.30e-17	79.3
MRSS_00549	WP_011410457.1	29.004	231	151	9	342	568	5	226	3.93e-17	79.0
MRSS_00549	WP_011411279.1	32.683	205	126	6	359	557	25	223	7.23e-17	80.1
MRSS_00549	WP_011409950.1	29.130	230	147	9	342	564	2	222	3.75e-16	74.3
MRSS_00549	WP_011411360.1	29.185	233	145	9	345	567	9	231	8.16e-16	73.9
MRSS_00549	WP_011410937.1	29.952	207	130	6	359	557	26	225	2.68e-15	72.0
MRSS_00549	WP_011279184.1	24.336	226	165	4	347	569	9	231	1.29e-14	70.5
MRSS_00549	WP_148203612.1	29.289	239	143	9	347	567	11	241	4.80e-14	69.3
MRSS_00549	WP_011410064.1	24.790	238	156	6	354	582	14	237	9.43e-14	67.4
MRSS_00549	WP_011411332.1	24.016	254	152	9	344	578	14	245	2.38e-12	64.3
MRSS_00549	WP_011410825.1	25.108	231	150	10	339	557	9	228	2.77e-12	65.5
MRSS_00549	WP_011410825.1	25.455	220	148	6	357	564	277	492	1.16e-08	53.9
MRSS_00549	WP_011411337.1	28.205	234	145	9	358	578	34	257	4.67e-12	63.2
MRSS_00549	WP_011410809.1	29.204	226	135	8	361	567	28	247	5.57e-12	64.3
MRSS_00549	WP_011410809.1	31.034	203	116	8	358	551	302	489	2.94e-11	62.0
MRSS_00549	WP_011411253.1	24.885	217	145	5	359	561	17	229	1.60e-11	61.2
MRSS_00549	WP_041867326.1	27.586	174	111	4	368	537	26	188	3.35e-11	60.1
MRSS_00549	WP_011410365.1	27.650	217	131	8	358	560	28	232	8.10e-11	60.5
MRSS_00549	WP_011410365.1	21.162	241	163	8	338	556	247	482	1.96e-08	53.1
MRSS_00549	WP_011411196.1	26.538	260	159	10	341	581	24	270	2.44e-09	55.5
MRSS_00549	WP_011410881.1	26.496	234	146	9	355	567	15	243	2.93e-09	55.8
MRSS_00549	WP_011410881.1	26.531	245	146	11	304	537	274	495	3.22e-09	55.8
MRSS_00549	WP_011410263.1	28.261	184	104	6	359	537	339	499	3.63e-09	55.5
MRSS_00549	WP_011410263.1	25.110	227	107	8	353	537	12	217	5.05e-06	45.4
MRSS_00549	WP_011409928.1	28.452	239	143	10	347	565	11	241	1.86e-08	52.4
MRSS_00549	WP_424141158.1	34.884	86	52	2	359	440	2	87	2.47e-08	48.9
MRSS_00549	WP_011410069.1	25.571	219	149	7	359	569	23	235	6.79e-08	50.4
MRSS_00549	WP_011411092.1	25.116	215	131	9	342	551	5	194	8.57e-08	50.1
MRSS_00549	WP_011410562.1	24.229	227	110	6	352	558	2	186	1.04e-07	48.9
MRSS_00549	WP_011411331.1	24.696	247	163	9	341	567	5	248	1.82e-07	49.3
MRSS_00549	WP_148203518.1	25.909	220	134	9	358	564	14	217	1.23e-06	46.2
MRSS_00549	WP_011412104.1	24.044	183	116	6	342	523	313	473	4.06e-05	42.7
MRSS_00549	WP_011412104.1	42.857	35	20	0	481	515	150	184	0.078	32.0
MRSS_00549	WP_050747885.1	45.946	37	18	1	352	386	22	58	1.53e-04	37.4
MRSS_00549	WP_243466019.1	31.915	47	32	0	358	404	2	48	3.11e-04	36.2
MRSS_00549	WP_011411465.1	27.097	155	102	3	366	519	23	167	7.25e-04	37.4
MRSS_00549	WP_011411941.1	35.870	92	48	4	466	549	814	902	7.91e-04	38.5
MRSS_00549	WP_011411941.1	28.125	96	60	3	481	567	487	582	0.36	30.0
MRSS_00549	WP_011411941.1	41.176	34	20	0	353	386	8	41	2.5	26.9
MRSS_00549	WP_050747487.1	23.034	178	124	4	358	532	20	187	0.006	34.7
MRSS_00549	WP_011410751.1	23.585	212	143	6	359	568	41	235	0.015	34.3
MRSS_00549	WP_050747733.1	34.177	79	50	2	481	557	70	148	0.021	33.1
MRSS_00549	WP_050747884.1	33.803	71	44	2	491	558	4	74	0.026	31.6
MRSS_00549	WP_011410535.1	48.000	25	13	0	371	395	114	138	0.20	30.4
MRSS_00549	WP_011410875.1	30.380	79	40	3	356	428	58	127	0.31	30.0
MRSS_00549	WP_011410744.1	47.826	23	12	0	370	392	51	73	0.44	29.3
MRSS_00549	WP_011411580.1	60.870	23	9	0	372	394	5	27	0.62	28.9
MRSS_00549	WP_011411963.1	48.000	25	13	0	367	391	5	29	1.0	27.7
MRSS_00549	WP_011409949.1	24.324	111	71	3	374	471	305	415	1.1	28.1
MRSS_00549	WP_011412045.1	44.444	27	15	0	364	390	22	48	1.3	27.7
MRSS_00549	WP_011410552.1	44.828	29	16	0	370	398	39	67	1.9	27.3
MRSS_00549	WP_011410496.1	39.583	48	26	2	363	408	27	73	2.1	26.9
MRSS_00549	WP_050747624.1	33.333	27	18	0	40	66	35	61	3.1	26.6
MRSS_00549	WP_011410774.1	28.571	84	50	2	465	548	122	195	3.9	26.6
MRSS_00549	WP_011410434.1	61.111	18	7	0	370	387	4	21	4.7	25.8
MRSS_00549	WP_011410853.1	36.000	50	29	1	376	425	12	58	5.4	25.8
MRSS_00549	WP_041866928.1	38.462	26	16	0	134	159	174	199	9.4	25.0
MRSS_00550	WP_011410900.1	72.432	185	51	0	2	186	1	185	2.09e-99	286
MRSS_00550	WP_011409963.1	71.351	185	53	0	2	186	1	185	1.14e-96	280
MRSS_00550	WP_011411000.1	70.270	185	55	0	2	186	1	185	1.11e-95	277
MRSS_00550	WP_011412178.1	70.811	185	54	0	2	186	1	185	9.67e-95	274
MRSS_00550	WP_011410636.1	70.270	185	55	0	2	186	1	185	1.31e-94	275
MRSS_00550	WP_011410631.1	68.108	185	51	1	2	186	1	177	6.53e-89	259
MRSS_00550	WP_011410889.1	64.516	186	65	1	2	186	1	186	6.21e-84	243
MRSS_00550	WP_083764717.1	73.214	56	15	0	2	57	1	56	7.28e-26	95.9
MRSS_00550	WP_083764717.1	53.846	39	16	1	148	186	47	83	3.06e-06	42.4
MRSS_00550	WP_011410862.1	28.125	32	23	0	79	110	98	129	6.3	23.9
MRSS_00551	WP_011411191.1	85.448	268	39	0	1	268	1	268	9.26e-175	479
MRSS_00551	WP_243466082.1	40.000	20	12	0	186	205	71	90	1.2	25.4
MRSS_00551	WP_158302447.1	30.645	62	31	3	37	98	94	143	1.8	25.8
MRSS_00551	WP_011410143.1	25.600	125	78	4	44	166	28	139	2.1	25.8
MRSS_00551	WP_011410483.1	30.435	69	42	3	174	240	365	429	6.4	24.6
MRSS_00551	WP_011411051.1	25.641	78	46	4	130	204	82	150	8.7	23.9
MRSS_00552	WP_011412272.1	28.571	84	53	2	79	156	269	351	0.76	28.1
MRSS_00552	WP_011410123.1	28.125	32	23	0	40	71	630	661	2.7	26.6
MRSS_00552	WP_158302465.1	37.931	29	18	0	338	366	28	56	4.0	23.5
MRSS_00552	WP_050747334.1	34.091	44	20	2	122	159	100	140	5.1	25.0
MRSS_00552	WP_041866768.1	35.294	34	20	1	96	129	19	50	6.4	23.1
MRSS_00552	WP_011410600.1	23.529	170	113	5	5	159	256	423	8.5	24.6
MRSS_00552	WP_011410024.1	22.785	158	75	6	190	334	47	170	8.7	24.6
MRSS_00554	WP_011411002.1	86.393	610	83	0	1	610	1	610	0.0	1094
MRSS_00554	WP_011410768.1	39.535	43	22	1	204	246	629	667	0.024	33.9
MRSS_00554	WP_041867274.1	31.034	58	33	2	441	497	3	54	0.91	28.5
MRSS_00554	WP_011410450.1	23.118	186	102	8	256	430	469	624	2.2	27.3
MRSS_00554	WP_011410411.1	47.619	21	11	0	587	607	3	23	6.7	25.8
MRSS_00555	WP_011411003.1	92.308	182	14	0	1	182	1	182	5.49e-124	343
MRSS_00555	WP_050747343.1	26.923	52	29	1	33	75	9	60	0.38	26.9
MRSS_00555	WP_011410164.1	39.286	28	17	0	24	51	323	350	5.0	23.9
MRSS_00555	WP_148203560.1	25.000	32	24	0	38	69	6	37	7.9	22.7
MRSS_00555	WP_011410038.1	26.515	132	77	4	38	159	256	377	8.8	23.1
MRSS_00555	WP_011411334.1	60.000	10	4	0	84	93	156	165	9.7	23.1
MRSS_00557	WP_011410023.1	85.072	489	73	0	1	489	1	489	0.0	818
MRSS_00557	WP_011410912.1	34.615	416	263	6	15	426	15	425	3.16e-71	242
MRSS_00557	WP_011411705.1	39.394	33	19	1	11	42	29	61	2.1	26.9
MRSS_00557	WP_011410554.1	33.333	45	28	1	383	425	123	167	3.6	25.8
MRSS_00557	WP_011410273.1	37.500	40	24	1	381	420	119	157	3.7	26.2
MRSS_00557	WP_011410273.1	63.636	11	4	0	405	415	159	169	7.8	25.0
MRSS_00557	WP_011279183.1	41.379	29	17	0	163	191	37	65	3.8	25.8
MRSS_00557	WP_011412128.1	47.368	19	10	0	55	73	665	683	4.0	26.2
MRSS_00557	WP_011411239.1	31.111	45	31	0	322	366	598	642	5.9	25.4
MRSS_00557	WP_011411093.1	47.826	23	12	0	453	475	229	251	7.2	25.4
MRSS_00557	WP_011411243.1	25.714	105	64	4	179	281	534	626	7.3	25.4
MRSS_00557	WP_158302472.1	34.483	29	17	1	58	86	3	29	9.6	22.7
MRSS_00557	WP_011410366.1	30.952	42	29	0	147	188	232	273	9.7	24.6
MRSS_00558	WP_162010790.1	88.376	628	73	0	3	630	1	628	0.0	1138
MRSS_00558	WP_000458380.1	25.410	122	81	2	517	630	165	284	2.33e-04	39.7
MRSS_00558	WP_011410055.1	32.000	75	44	3	84	156	287	356	0.18	31.2
MRSS_00558	WP_011410042.1	29.412	34	24	0	515	548	67	100	4.7	25.8
MRSS_00558	WP_011410848.1	25.758	66	47	1	315	380	105	168	9.8	25.0
MRSS_00559	WP_011410556.1	82.710	214	37	0	1	214	1	214	8.64e-132	366
MRSS_00559	WP_011410744.1	52.174	23	10	1	3	25	53	74	2.6	25.0
MRSS_00559	WP_341532846.1	34.146	41	21	1	146	186	6	40	3.6	22.7
MRSS_00559	WP_011410877.1	34.884	43	26	1	149	191	443	483	3.9	24.6
MRSS_00559	WP_011411261.1	40.625	32	19	0	70	101	49	80	5.1	23.9
MRSS_00559	WP_011411248.1	40.000	25	15	0	2	26	148	172	5.1	24.3
MRSS_00559	WP_011411659.1	32.558	43	27	1	153	193	1088	1130	5.7	24.3
MRSS_00559	WP_011411103.1	41.379	29	15	1	172	200	42	68	5.7	22.7
MRSS_00559	WP_011410387.1	36.364	33	21	0	3	35	5	37	7.3	23.5
MRSS_00559	WP_011411970.1	33.333	33	20	1	181	213	17	47	7.4	23.5
MRSS_00559	WP_011410856.1	33.898	59	32	2	3	54	372	430	8.4	23.5
MRSS_00559	WP_011410351.1	31.325	83	50	3	29	104	6	88	8.5	23.1
MRSS_00559	WP_011411319.1	38.462	39	22	2	26	63	233	270	9.9	23.5
MRSS_00560	WP_198408723.1	50.000	14	7	0	8	21	164	177	4.3	20.0
MRSS_00560	WP_011410429.1	47.619	21	11	0	16	36	138	158	7.2	19.2
MRSS_00560	WP_011411027.1	47.826	23	8	1	13	35	234	252	7.5	19.2
MRSS_00560	WP_011410849.1	57.143	14	6	0	8	21	634	647	9.1	19.2
MRSS_00560	WP_011411004.1	28.125	32	23	0	4	35	234	265	9.1	19.2
MRSS_00561	WP_011410557.1	55.263	38	17	0	1	38	282	319	1.34e-11	55.1
MRSS_00561	WP_011410911.1	50.000	20	9	1	5	24	294	312	4.4	22.3
MRSS_00561	WP_011411688.1	33.333	27	15	1	27	53	120	143	5.6	21.9
MRSS_00561	WP_011410587.1	39.130	23	14	0	46	68	54	76	8.1	21.6
MRSS_00562	WP_011410716.1	91.379	290	25	0	1	290	1	290	0.0	530
MRSS_00562	WP_158302443.1	30.435	46	32	0	24	69	204	249	0.89	26.9
MRSS_00562	WP_158302460.1	41.667	24	14	0	222	245	51	74	1.5	25.4
MRSS_00562	WP_011410967.1	27.848	79	50	3	84	157	373	449	3.0	25.4
MRSS_00562	WP_011411792.1	35.088	57	33	2	199	252	120	175	4.5	25.0
MRSS_00562	WP_243466341.1	25.455	55	37	1	90	144	6	56	5.4	23.5
MRSS_00562	WP_050747551.1	32.692	52	30	2	138	185	48	98	5.4	24.3
MRSS_00562	WP_198408731.1	29.630	54	37	1	223	276	29	81	6.8	24.3
MRSS_00563	WP_011410715.1	85.271	387	57	0	1	387	1	387	0.0	646
MRSS_00563	WP_011411228.1	36.765	68	28	4	51	103	189	256	0.40	28.9
MRSS_00563	WP_011410835.1	27.660	47	32	1	263	309	28	72	2.2	26.2
MRSS_00563	WP_011410891.1	21.154	104	65	4	214	305	294	392	2.5	26.6
MRSS_00563	WP_041866557.1	30.909	55	26	2	291	341	10	56	3.0	25.0
MRSS_00563	WP_011411394.1	40.000	30	18	0	156	185	160	189	3.3	25.8
MRSS_00563	WP_011411537.1	27.200	125	68	5	4	109	25	145	3.7	25.0
MRSS_00563	WP_011412136.1	28.846	52	35	1	270	321	304	353	4.2	25.8
MRSS_00563	WP_011411758.1	42.308	26	15	0	53	78	128	153	6.9	24.6
MRSS_00563	WP_011411923.1	35.484	31	20	0	227	257	177	207	7.5	25.0
MRSS_00563	WP_011412137.1	25.974	77	48	2	92	168	113	180	8.1	24.6
MRSS_00564	WP_011410714.1	82.663	398	55	3	1	386	1	396	0.0	648
MRSS_00564	WP_011410441.1	28.070	399	247	6	26	384	128	526	3.96e-39	142
MRSS_00564	WP_011410441.1	29.213	89	53	2	3	83	2	88	0.018	33.1
MRSS_00564	WP_011410314.1	23.490	149	93	5	95	242	34	162	1.6	26.9
MRSS_00564	WP_011411632.1	32.692	52	33	2	170	219	74	125	1.6	26.2
MRSS_00564	WP_148203520.1	30.769	52	31	2	272	320	19	68	1.9	25.0
MRSS_00564	WP_011411860.1	31.481	54	36	1	293	346	58	110	2.7	25.4
MRSS_00564	WP_041867589.1	33.333	54	31	2	288	338	176	227	4.2	25.4
MRSS_00564	WP_198408750.1	37.500	24	15	0	130	153	119	142	5.9	25.0
MRSS_00564	WP_158302450.1	42.857	28	16	0	47	74	15	42	6.9	24.6
MRSS_00564	WP_041867331.1	34.211	38	18	1	260	297	373	403	8.2	24.6
MRSS_00564	WP_011412135.1	28.571	56	37	1	63	115	2	57	8.4	23.5
MRSS_00564	WP_041866560.1	28.889	90	59	3	231	320	38	122	8.4	24.6
MRSS_00564	WP_011410742.1	46.429	28	11	1	292	319	132	155	8.5	24.6
MRSS_00565	WP_011410713.1	86.631	935	125	0	1	935	1	935	0.0	1704
MRSS_00565	WP_041867274.1	28.814	59	42	0	389	447	23	81	0.71	29.6
MRSS_00565	WP_041867153.1	22.892	83	56	1	16	90	4	86	1.0	27.3
MRSS_00565	WP_011410378.1	34.884	43	26	1	233	275	115	155	1.2	28.5
MRSS_00565	WP_011410864.1	25.962	104	69	1	201	304	1218	1313	2.8	27.7
MRSS_00565	WP_050747534.1	52.174	23	10	1	260	281	93	115	4.1	26.6
MRSS_00565	WP_011410907.1	23.611	72	50	1	733	799	48	119	5.0	26.6
MRSS_00565	WP_041866595.1	20.588	68	46	2	5	64	82	149	6.0	25.8
MRSS_00565	WP_041867650.1	29.870	77	43	3	467	535	373	446	6.2	26.6
MRSS_00565	WP_011411181.1	44.444	18	10	0	235	252	267	284	8.7	25.8
MRSS_00566	WP_011410711.1	50.000	112	51	3	2	110	430	539	1.02e-22	88.6
MRSS_00566	WP_158302315.1	25.676	74	43	2	57	130	6	67	0.16	27.3
MRSS_00566	WP_011410657.1	35.714	28	18	0	58	85	46	73	1.9	23.5
MRSS_00566	WP_011411635.1	26.230	61	44	1	69	128	12	72	3.4	23.5
MRSS_00566	WP_011411775.1	37.037	27	17	0	31	57	28	54	4.3	23.1
MRSS_00566	WP_011410430.1	33.333	45	23	1	71	108	653	697	5.0	23.1
MRSS_00566	WP_011409994.1	40.000	25	11	1	27	51	34	54	6.6	22.3
MRSS_00566	WP_424141138.1	33.333	39	21	2	94	130	66	101	9.4	22.3
MRSS_00567	WP_011410996.1	44.444	18	10	0	1	18	101	118	1.6	21.2
MRSS_00567	WP_011409974.1	41.667	24	13	1	2	25	149	171	1.7	21.2
MRSS_00567	WP_011410514.1	58.333	12	5	0	5	16	294	305	2.4	20.8
MRSS_00567	WP_011412150.1	66.667	9	3	0	9	17	2	10	4.4	20.0
MRSS_00567	WP_011411093.1	47.059	17	9	0	8	24	13	29	4.8	19.6
MRSS_00567	WP_041866776.1	50.000	18	5	1	11	28	162	175	5.8	19.6
MRSS_00567	WP_011409959.1	47.059	17	9	0	10	26	32	48	6.4	19.6
MRSS_00567	WP_011412001.1	47.059	17	9	0	10	26	32	48	6.4	19.6
MRSS_00567	WP_011411526.1	55.556	9	4	0	8	16	471	479	9.3	18.9
MRSS_00567	WP_424141180.1	40.000	20	12	0	3	22	31	50	9.9	18.9
MRSS_00568	WP_011410890.1	73.659	205	52	1	1	203	1	205	3.69e-111	318
MRSS_00568	WP_011411921.1	31.034	58	37	1	135	189	387	444	0.14	28.9
MRSS_00568	WP_011410831.1	23.288	73	44	2	20	84	214	282	7.4	23.9
MRSS_00569	WP_011410020.1	97.118	347	10	0	1	347	1	347	0.0	673
MRSS_00569	WP_011410272.1	24.051	158	97	3	95	229	123	280	1.20e-08	52.8
MRSS_00569	WP_011410425.1	26.000	150	97	6	159	303	204	344	0.002	36.2
MRSS_00569	WP_011411827.1	21.488	121	89	2	74	194	60	174	0.33	28.9
MRSS_00569	WP_011411937.1	22.819	149	91	6	155	289	167	305	0.42	28.5
MRSS_00569	WP_011279227.1	45.714	35	16	2	161	193	270	303	0.84	27.7
MRSS_00569	WP_011411163.1	30.435	69	39	2	245	310	188	250	1.5	26.6
MRSS_00569	WP_011412195.1	71.429	14	4	0	162	175	135	148	3.9	25.4
MRSS_00569	WP_011410360.1	24.510	102	65	2	116	207	118	217	4.7	25.0
MRSS_00569	WP_083765159.1	21.667	60	46	1	137	195	89	148	4.9	24.6
MRSS_00569	WP_279379385.1	27.273	33	24	0	84	116	3	35	5.3	22.7
MRSS_00569	WP_011411465.1	29.577	71	45	3	270	339	108	174	5.4	24.6
MRSS_00569	WP_011411561.1	35.294	34	22	0	142	175	121	154	6.0	25.0
MRSS_00569	WP_011410220.1	29.825	57	37	1	56	112	129	182	8.3	24.6
MRSS_00569	WP_041866633.1	29.730	37	26	0	85	121	148	184	8.6	24.3
MRSS_00570	WP_011410021.1	86.667	300	40	0	1	300	1	300	3.58e-180	497
MRSS_00570	WP_011410103.1	25.641	39	28	1	213	250	50	88	5.1	25.0
MRSS_00570	WP_011410366.1	42.308	52	24	2	135	186	81	126	5.2	25.0
MRSS_00570	WP_011411659.1	38.462	39	21	2	159	196	514	550	5.2	25.0
MRSS_00570	WP_011410350.1	28.358	67	40	1	11	69	278	344	7.0	24.6
MRSS_00571	WP_011410022.1	91.358	162	14	0	1	162	1	162	2.06e-104	292
MRSS_00571	WP_011411145.1	31.579	38	26	0	33	70	492	529	1.8	25.0
MRSS_00571	WP_148203545.1	27.451	51	37	0	68	118	9	59	1.9	23.5
MRSS_00571	WP_158302359.1	29.091	55	33	2	40	94	61	109	2.2	24.3
MRSS_00571	WP_011410628.1	40.625	32	17	1	54	85	64	93	3.0	24.3
MRSS_00571	WP_011409927.1	36.364	33	21	0	33	65	157	189	6.0	23.5
MRSS_00571	WP_041866784.1	38.235	34	21	0	82	115	97	130	6.5	23.1
MRSS_00571	WP_011411688.1	50.000	22	10	1	51	71	266	287	6.7	23.5
MRSS_00571	WP_041867315.1	33.333	39	25	1	64	101	68	106	7.1	23.1
MRSS_00571	WP_011410401.1	31.481	54	35	1	17	68	461	514	8.2	23.1
MRSS_00572	WP_011411234.1	82.937	252	41	1	1	250	1	252	3.70e-136	380
MRSS_00572	WP_011410285.1	32.258	31	21	0	63	93	143	173	2.0	25.8
MRSS_00572	WP_011409925.1	56.000	25	9	1	138	162	468	490	2.8	25.4
MRSS_00572	WP_158302461.1	32.692	52	29	1	75	120	128	179	3.0	25.0
MRSS_00572	WP_011410844.1	25.641	78	49	3	1	74	151	223	3.4	25.0
MRSS_00572	WP_050747938.1	43.243	37	17	1	117	149	61	97	4.2	24.6
MRSS_00572	WP_011411656.1	40.909	22	13	0	96	117	26	47	5.1	23.5
MRSS_00572	WP_011410540.1	41.935	31	17	1	53	82	371	401	5.8	24.3
MRSS_00572	WP_011411619.1	35.385	65	39	2	162	224	275	338	7.3	24.3
MRSS_00572	WP_011411608.1	27.778	90	56	4	80	166	113	196	7.8	23.9
MRSS_00572	WP_011411958.1	23.913	46	35	0	134	179	44	89	8.4	23.9
MRSS_00572	WP_011410409.1	42.857	21	12	0	41	61	455	475	9.0	23.9
MRSS_00572	WP_011409998.1	34.483	29	19	0	78	106	853	881	9.6	23.9
MRSS_00573	WP_011410900.1	63.889	36	13	0	2	37	151	186	1.40e-09	47.8
MRSS_00573	WP_011409963.1	63.889	36	13	0	2	37	151	186	3.48e-09	46.6
MRSS_00573	WP_011410631.1	63.889	36	13	0	2	37	143	178	4.60e-09	46.2
MRSS_00573	WP_011412178.1	62.162	37	14	0	2	38	151	187	1.25e-08	45.1
MRSS_00573	WP_011411000.1	61.111	36	14	0	2	37	151	186	2.41e-08	44.3
MRSS_00573	WP_011410889.1	59.459	37	15	0	2	38	152	188	2.61e-08	43.9
MRSS_00573	WP_011410636.1	58.333	36	15	0	2	37	151	186	7.95e-08	42.7
MRSS_00573	WP_083764717.1	71.429	28	8	0	10	37	57	84	1.54e-07	41.6
MRSS_00573	WP_011410621.1	46.429	28	15	0	18	45	580	607	0.76	23.1
MRSS_00573	WP_011411401.1	36.585	41	22	2	13	53	782	818	1.1	22.7
MRSS_00573	WP_011411182.1	44.828	29	16	0	17	45	200	228	1.2	22.7
MRSS_00573	WP_424141178.1	31.250	32	22	0	13	44	1217	1248	8.7	20.4
MRSS_00573	WP_011410354.1	47.059	17	9	0	25	41	237	253	9.2	20.0
MRSS_00573	WP_041866601.1	60.000	10	4	0	4	13	160	169	9.2	20.0
MRSS_00573	WP_011411248.1	50.000	18	9	0	22	39	43	60	9.5	20.0
MRSS_00574	WP_011411954.1	85.185	810	120	0	1	810	1	810	0.0	1393
MRSS_00574	WP_011410924.1	28.261	46	33	0	159	204	191	236	0.60	29.3
MRSS_00574	WP_011410139.1	25.664	113	75	4	300	410	65	170	0.96	28.5
MRSS_00574	WP_011409866.1	34.524	84	47	4	203	280	259	340	1.6	28.1
MRSS_00574	WP_011411978.1	27.119	59	42	1	399	457	90	147	2.6	27.7
MRSS_00574	WP_011411319.1	24.419	86	61	2	665	746	45	130	4.4	26.9
MRSS_00574	WP_162010789.1	37.143	35	22	0	205	239	12	46	9.3	24.6
MRSS_00574	WP_011410676.1	27.083	48	34	1	82	129	358	404	9.6	25.8
MRSS_00574	WP_011409873.1	57.143	21	9	0	278	298	84	104	9.8	25.0
MRSS_00575	WP_424141182.1	83.673	98	16	0	1	98	173	270	4.33e-44	140
MRSS_00575	WP_148203431.1	42.424	33	16	1	49	81	89	118	1.3	24.3
MRSS_00575	WP_011411744.1	47.619	21	11	0	64	84	296	316	1.4	24.3
MRSS_00575	WP_041867135.1	40.000	20	12	0	34	53	55	74	1.6	23.5
MRSS_00575	WP_011410867.1	36.000	25	16	0	63	87	306	330	2.5	23.5
MRSS_00575	WP_198408755.1	32.911	79	46	2	8	79	1	79	2.7	22.7
MRSS_00575	WP_011412163.1	40.625	32	12	1	62	86	270	301	4.9	22.7
MRSS_00575	WP_243465989.1	31.429	35	21	1	26	57	23	57	6.0	21.9
MRSS_00575	WP_198408746.1	28.125	64	30	4	1	56	121	176	9.2	21.6
MRSS_00576	WP_424141182.1	81.065	169	32	0	1	169	1	169	2.00e-97	279
MRSS_00576	WP_011410526.1	28.261	138	90	6	37	168	42	176	1.58e-07	45.8
MRSS_00576	WP_041866614.1	24.528	53	39	1	1	53	1	52	0.21	26.6
MRSS_00576	WP_011410514.1	40.909	22	13	0	121	142	138	159	0.28	27.7
MRSS_00576	WP_011412151.1	54.167	24	10	1	6	29	184	206	1.1	25.8
MRSS_00576	WP_148203436.1	34.783	46	30	0	9	54	122	167	3.1	24.3
MRSS_00576	WP_011411906.1	38.095	42	24	1	50	91	143	182	4.6	23.9
MRSS_00576	WP_011409888.1	50.000	20	10	0	71	90	194	213	7.5	23.1
MRSS_00576	WP_011411249.1	23.944	71	48	2	70	135	503	572	9.2	23.1
MRSS_00578	WP_011410694.1	52.941	17	8	0	21	37	159	175	0.17	25.4
MRSS_00578	WP_011412005.1	33.333	36	23	1	25	60	64	98	1.4	22.7
MRSS_00578	WP_041866745.1	47.059	17	9	0	13	29	7	23	4.3	21.2
MRSS_00578	WP_243466256.1	41.176	17	10	0	43	59	92	108	4.7	21.6
MRSS_00578	WP_011410582.1	50.000	18	9	0	26	43	375	392	5.8	21.2
MRSS_00578	WP_011410969.1	52.941	17	8	0	1	17	56	72	6.4	20.8
MRSS_00579	WP_279379468.1	31.618	136	82	2	209	333	1	136	3.75e-17	74.7
MRSS_00579	WP_279379382.1	31.788	151	93	3	59	201	3	151	6.14e-16	71.6
MRSS_00579	WP_243465982.1	42.857	63	36	0	347	409	4	66	2.94e-10	52.8
MRSS_00579	WP_243465983.1	51.613	31	15	0	23	53	34	64	1.59e-04	36.2
MRSS_00579	WP_011410767.1	25.342	146	85	5	279	404	78	219	0.73	27.7
MRSS_00579	WP_148203365.1	30.952	42	24	1	49	90	85	121	3.9	25.0
MRSS_00579	WP_011410316.1	33.333	30	20	0	265	294	467	496	5.5	25.4
MRSS_00579	WP_011412196.1	44.444	27	15	0	173	199	377	403	6.4	25.4
MRSS_00579	WP_011411411.1	36.842	38	17	1	169	206	395	425	7.2	25.0
MRSS_00580	WP_011410408.1	79.518	166	34	0	1	166	1	166	2.83e-95	270
MRSS_00580	WP_011412058.1	42.308	26	13	1	106	131	216	239	1.5	25.4
MRSS_00580	WP_011410540.1	56.522	23	9	1	139	160	39	61	3.2	24.3
MRSS_00580	WP_011410726.1	35.294	34	22	0	67	100	181	214	4.9	23.9
MRSS_00580	WP_011411331.1	43.333	30	12	1	25	49	265	294	8.8	23.1
MRSS_00581	WP_011410407.1	89.024	328	36	0	1	328	1	328	0.0	595
MRSS_00581	WP_011412007.1	31.111	45	31	0	139	183	23	67	1.9	26.2
MRSS_00581	WP_011410597.1	23.009	113	61	5	185	285	50	148	2.1	25.8
MRSS_00581	WP_083764616.1	26.190	42	31	0	73	114	165	206	2.5	25.8
MRSS_00581	WP_011410500.1	54.545	22	10	0	239	260	25	46	3.6	25.0
MRSS_00581	WP_011410364.1	34.286	35	23	0	258	292	240	274	4.2	25.4
MRSS_00581	WP_011411556.1	20.800	125	94	2	8	127	22	146	6.3	24.6
MRSS_00581	WP_158302388.1	38.710	31	12	1	80	110	123	146	6.9	24.6
MRSS_00581	WP_198408732.1	36.842	19	12	0	143	161	16	34	7.4	23.9
MRSS_00581	WP_011411821.1	31.373	51	34	1	245	295	210	259	8.8	24.3
MRSS_00582	WP_011410406.1	88.889	99	11	0	2	100	41	139	5.12e-64	186
MRSS_00582	WP_011411178.1	32.895	76	44	3	14	87	238	308	0.052	28.1
MRSS_00582	WP_011411948.1	35.294	34	19	1	16	46	271	304	0.38	25.8
MRSS_00582	WP_011411575.1	30.769	39	27	0	39	77	78	116	0.70	25.0
MRSS_00582	WP_243466025.1	31.707	41	20	1	56	96	5	37	1.2	23.5
MRSS_00582	WP_011410913.1	24.658	73	53	1	20	92	19	89	2.9	23.1
MRSS_00582	WP_011411399.1	47.368	19	10	0	14	32	608	626	4.4	22.7
MRSS_00582	WP_011279225.1	45.000	20	11	0	23	42	256	275	7.4	21.9
MRSS_00582	WP_011411548.1	38.095	42	24	1	35	76	102	141	8.1	21.9
MRSS_00582	WP_011410842.1	37.500	24	15	0	27	50	70	93	8.4	21.9
MRSS_00582	WP_011411173.1	20.290	69	44	1	23	91	172	229	9.6	21.6
MRSS_00583	WP_011410405.1	90.385	156	15	0	1	156	1	156	3.43e-101	283
MRSS_00583	WP_041866643.1	41.463	41	22	1	118	156	132	172	0.25	27.7
MRSS_00583	WP_011410100.1	47.368	19	10	0	42	60	6	24	1.3	25.0
MRSS_00583	WP_011410608.1	47.619	21	11	0	28	48	72	92	2.1	24.3
MRSS_00583	WP_011412197.1	36.364	33	21	0	58	90	392	424	2.6	24.6
MRSS_00583	WP_011410084.1	39.394	33	20	0	98	130	648	680	3.3	24.3
MRSS_00583	WP_148203500.1	28.571	42	30	0	95	136	6	47	3.4	22.7
MRSS_00583	WP_011411826.1	44.828	29	14	1	120	146	138	166	7.7	23.1
MRSS_00583	WP_011411249.1	42.308	26	9	1	22	47	57	76	8.4	23.1
MRSS_00583	WP_011410533.1	26.136	88	40	3	2	84	289	356	9.3	22.7
MRSS_00584	WP_011410404.1	89.037	374	41	0	1	374	1	374	0.0	645
MRSS_00584	WP_011411604.1	36.364	154	77	6	4	144	7	152	2.18e-12	61.2
MRSS_00584	WP_011411173.1	28.986	69	45	2	264	328	200	268	0.35	29.3
MRSS_00584	WP_011410809.1	31.429	105	59	3	269	361	118	221	0.73	28.1
MRSS_00584	WP_198408763.1	40.000	35	17	1	120	150	94	128	2.6	26.2
MRSS_00584	WP_011279221.1	43.750	32	17	1	355	385	26	57	3.1	24.3
MRSS_00584	WP_011412233.1	27.660	47	34	0	129	175	310	356	7.8	24.6
MRSS_00585	WP_011410403.1	91.946	149	12	0	1	149	1	149	2.17e-100	281
MRSS_00585	WP_074013219.1	33.898	59	31	5	1	54	2	57	0.092	26.9
MRSS_00585	WP_243466043.1	32.432	37	23	1	43	77	2	38	0.65	26.2
MRSS_00585	WP_243466068.1	33.333	36	22	1	43	76	54	89	0.75	25.4
MRSS_00585	WP_011411328.1	33.333	36	22	1	43	76	54	89	0.77	25.8
MRSS_00585	WP_148203359.1	40.000	45	17	4	3	42	5	44	0.87	24.6
MRSS_00585	WP_011409962.1	32.432	37	23	1	43	77	54	90	0.96	25.4
MRSS_00585	WP_011411024.1	32.075	53	26	3	55	99	112	162	2.0	24.6
MRSS_00585	WP_011412041.1	26.415	53	37	1	19	69	3	55	3.5	23.9
MRSS_00585	WP_011411431.1	34.615	26	17	0	98	123	75	100	4.7	23.5
MRSS_00585	WP_011409999.1	34.211	38	23	1	29	66	805	840	5.5	23.5
MRSS_00586	WP_050747925.1	87.789	303	37	0	21	323	1	303	0.0	537
MRSS_00586	WP_011410401.1	23.385	325	201	15	8	303	304	609	1.18e-07	49.3
MRSS_00586	WP_011411790.1	29.870	77	49	1	146	222	43	114	4.0	25.4
MRSS_00586	WP_158302372.1	45.455	22	12	0	296	317	29	50	5.8	23.1
MRSS_00586	WP_011411900.1	37.143	35	20	1	90	124	70	102	6.4	24.6
MRSS_00586	WP_011412056.1	48.000	25	13	0	57	81	11	35	7.2	23.9
MRSS_00586	WP_011412096.1	50.000	18	9	0	177	194	57	74	7.9	23.5
MRSS_00587	WP_011410401.1	83.604	616	99	2	9	623	1	615	0.0	1025
MRSS_00587	WP_050747925.1	23.757	181	123	7	449	621	114	287	0.011	34.3
MRSS_00587	WP_050747925.1	38.235	34	20	1	243	275	52	85	0.16	30.8
MRSS_00587	WP_050747342.1	32.500	80	49	2	20	99	17	91	0.048	31.2
MRSS_00587	WP_243466273.1	34.483	29	19	0	100	128	2	30	0.83	26.6
MRSS_00587	WP_011410493.1	30.000	120	57	6	33	148	147	243	3.4	26.6
MRSS_00587	WP_011410375.1	30.435	46	32	0	112	157	21	66	5.6	25.0
MRSS_00588	WP_011410400.1	82.727	110	19	0	1	110	1	110	4.09e-65	189
MRSS_00588	WP_011411263.1	25.000	68	48	1	30	94	34	101	0.54	25.4
MRSS_00588	WP_050747276.1	50.000	16	8	0	70	85	18	33	1.4	23.5
MRSS_00588	WP_148203636.1	35.714	28	18	0	21	48	219	246	3.6	23.1
MRSS_00588	WP_000808003.1	37.931	29	18	0	46	74	119	147	5.3	22.7
MRSS_00588	WP_041866753.1	27.273	44	27	1	48	91	236	274	6.5	22.3
MRSS_00588	WP_279379432.1	37.778	45	25	2	15	56	47	91	7.2	21.9
MRSS_00589	WP_011410399.1	89.544	373	39	0	1	373	1	373	0.0	715
MRSS_00589	WP_011411068.1	46.154	26	14	0	278	303	19	44	3.7	25.4
MRSS_00589	WP_011410674.1	24.731	93	56	4	33	125	28	106	4.1	25.8
MRSS_00589	WP_011412114.1	24.359	78	44	3	79	152	7	73	4.8	25.0
MRSS_00589	WP_050747877.1	35.484	31	17	1	208	238	190	217	7.4	24.6
MRSS_00589	WP_011410326.1	17.822	101	73	4	166	263	12	105	7.4	24.3
MRSS_00589	WP_011410285.1	25.000	48	36	0	329	376	167	214	7.9	24.6
MRSS_00589	WP_041866918.1	41.176	34	18	1	173	204	28	61	9.5	22.7
MRSS_00590	WP_011410398.1	85.836	353	49	1	1	353	1	352	0.0	620
MRSS_00590	WP_011410364.1	25.000	68	51	0	259	326	325	392	0.27	29.3
MRSS_00590	WP_011410019.1	29.688	64	32	2	200	263	563	613	3.1	26.2
MRSS_00590	WP_011411279.1	33.333	42	26	1	251	290	281	322	3.3	25.8
MRSS_00590	WP_011409916.1	27.174	92	51	3	209	286	78	167	4.2	25.4
MRSS_00590	WP_011412229.1	31.373	51	34	1	46	96	90	139	5.7	25.0
MRSS_00590	WP_011411865.1	31.707	41	28	0	49	89	270	310	5.9	25.0
MRSS_00590	WP_011410036.1	31.818	44	29	1	236	279	175	217	9.3	24.3
MRSS_00590	WP_011410450.1	33.333	33	22	0	188	220	221	253	9.5	24.6
MRSS_00591	WP_011411424.1	90.149	335	33	0	1	335	1	335	0.0	630
MRSS_00591	WP_011412187.1	24.390	369	211	10	3	335	4	340	8.40e-23	94.0
MRSS_00591	WP_011410758.1	24.138	319	197	7	1	296	1	297	3.64e-17	77.4
MRSS_00591	WP_083765043.1	31.959	194	102	8	2	186	3	175	2.46e-14	66.6
MRSS_00591	WP_011412004.1	25.852	352	195	16	4	333	3	310	1.36e-10	57.8
MRSS_00591	WP_011411790.1	23.970	267	167	9	2	248	317	567	1.40e-10	58.5
MRSS_00591	WP_011410966.1	23.936	188	117	7	1	185	1	165	9.92e-05	39.7
MRSS_00591	WP_011410193.1	30.263	76	52	1	58	132	38	113	0.008	33.9
MRSS_00591	WP_011411290.1	28.767	73	41	2	1	71	1	64	0.056	30.8
MRSS_00591	WP_011411438.1	48.148	27	14	0	1	27	1	27	0.29	28.9
MRSS_00591	WP_011411306.1	31.579	76	40	2	4	76	9	75	0.33	28.5
MRSS_00591	WP_011411568.1	20.370	54	43	0	279	332	76	129	4.9	25.0
MRSS_00591	WP_011411735.1	23.810	147	86	5	178	313	272	403	5.7	25.0
MRSS_00591	WP_041867730.1	35.714	28	18	0	275	302	35	62	6.2	23.1
MRSS_00591	WP_041866670.1	29.167	48	34	0	27	74	38	85	6.5	23.9
MRSS_00591	WP_011411255.1	24.242	99	67	2	100	198	252	342	7.9	24.6
MRSS_00591	WP_243466061.1	34.286	35	21	1	188	222	106	138	9.8	23.9
MRSS_00592	WP_011411423.1	91.031	446	40	0	1	446	1	446	0.0	853
MRSS_00592	WP_011412188.1	26.562	448	267	16	3	422	6	419	2.10e-24	100
MRSS_00592	WP_011410524.1	50.000	26	13	0	1	26	1	26	0.14	30.4
MRSS_00592	WP_243466088.1	35.484	31	20	0	383	413	33	63	0.93	25.8
MRSS_00592	WP_041866837.1	25.000	80	51	1	23	102	47	117	2.5	25.8
MRSS_00592	WP_041867114.1	23.077	91	61	1	12	102	36	117	8.3	24.3
MRSS_00592	WP_011412064.1	28.947	38	27	0	196	233	250	287	8.4	24.6
MRSS_00592	WP_041866676.1	25.352	71	53	0	32	102	47	117	9.9	23.9
MRSS_00592	WP_148203358.1	27.273	66	40	3	183	243	299	361	9.9	24.6
MRSS_00593	WP_011411422.1	88.704	301	33	1	1	301	1	300	0.0	549
MRSS_00593	WP_011410747.1	56.993	286	119	3	10	292	5	289	1.04e-117	337
MRSS_00593	WP_011412186.1	22.222	243	153	6	10	252	2	208	9.79e-12	60.8
MRSS_00593	WP_011412221.1	24.904	261	142	12	5	257	2	216	2.33e-04	38.5
MRSS_00593	WP_011410499.1	35.135	37	21	1	11	47	13	46	0.12	29.6
MRSS_00593	WP_011411170.1	30.909	55	33	1	199	248	5	59	0.45	28.1
MRSS_00594	WP_011410906.1	34.483	29	17	1	4	32	415	441	0.057	25.4
MRSS_00594	WP_011411831.1	40.000	15	9	0	16	30	119	133	5.2	19.6
MRSS_00594	WP_011410693.1	40.000	15	9	0	8	22	124	138	5.7	19.6
MRSS_00594	WP_011410230.1	53.333	15	7	0	11	25	185	199	7.0	19.6
MRSS_00594	WP_083764881.1	31.579	19	12	1	15	32	95	113	7.8	19.2
MRSS_00594	WP_243466072.1	50.000	12	6	0	9	20	108	119	8.5	19.2
MRSS_00594	WP_011410249.1	44.444	9	5	0	8	16	63	71	9.5	19.2
MRSS_00595	WP_243466234.1	50.000	24	10	1	34	57	289	310	4.7	21.2
MRSS_00595	WP_011411171.1	26.531	49	30	1	4	52	342	384	8.0	20.8
MRSS_00595	WP_011411767.1	25.000	24	18	0	11	34	323	346	9.3	20.4
MRSS_00599	WP_011411334.1	84.783	644	98	0	1	644	1	644	0.0	1142
MRSS_00599	WP_011410206.1	27.314	659	417	18	22	639	85	722	3.15e-48	177
MRSS_00599	WP_000835317.1	35.484	62	20	3	566	627	36	77	0.007	32.7
MRSS_00599	WP_011410787.1	30.303	66	38	2	62	119	222	287	0.51	29.3
MRSS_00599	WP_243466101.1	24.675	77	54	2	368	440	55	131	1.2	27.3
MRSS_00599	WP_011411815.1	34.091	44	21	1	274	317	25	60	2.8	26.6
MRSS_00599	WP_011410839.1	23.973	146	99	5	72	210	70	210	3.4	26.6
MRSS_00599	WP_011410081.1	30.612	49	31	1	162	207	64	112	3.9	25.8
MRSS_00599	WP_011410007.1	29.630	54	33	1	165	213	365	418	4.0	26.6
MRSS_00599	WP_011410945.1	37.500	24	15	0	272	295	307	330	4.4	26.2
MRSS_00599	WP_011410016.1	37.500	40	17	1	32	63	81	120	4.8	26.2
MRSS_00599	WP_011410082.1	28.846	52	34	2	418	467	23	73	5.6	25.8
MRSS_00599	WP_011279183.1	29.167	48	34	0	216	263	9	56	7.8	25.4
MRSS_00599	WP_011410135.1	33.333	36	23	1	320	355	12	46	8.0	25.0
MRSS_00599	WP_011410277.1	22.556	133	80	6	334	445	387	517	8.7	25.4
MRSS_00600	WP_011410263.1	90.580	552	52	0	1	552	1	552	0.0	1026
MRSS_00600	WP_011410881.1	32.190	525	343	7	21	538	18	536	1.26e-78	256
MRSS_00600	WP_011410881.1	30.769	247	134	6	332	544	12	255	5.28e-21	93.2
MRSS_00600	WP_011410881.1	30.045	223	112	6	19	237	332	514	1.75e-17	82.0
MRSS_00600	WP_011412104.1	28.752	553	339	12	1	533	1	518	7.85e-58	200
MRSS_00600	WP_011410809.1	22.896	511	265	16	19	476	23	457	4.10e-16	77.4
MRSS_00600	WP_011410809.1	26.316	228	128	9	321	509	4	230	1.60e-08	53.1
MRSS_00600	WP_011410809.1	27.885	208	114	9	22	218	303	485	1.18e-07	50.4
MRSS_00600	WP_011410365.1	24.904	522	261	20	22	499	29	463	1.02e-15	75.9
MRSS_00600	WP_011410365.1	26.168	214	137	6	323	516	13	225	3.96e-09	55.1
MRSS_00600	WP_011410787.1	30.000	170	106	4	318	476	15	182	1.15e-15	75.1
MRSS_00600	WP_011410787.1	27.059	255	129	8	21	258	35	249	3.42e-14	70.5
MRSS_00600	WP_011411530.1	28.870	239	125	7	10	235	7	213	3.05e-15	73.6
MRSS_00600	WP_011411530.1	25.926	216	138	6	324	520	3	215	3.67e-12	64.3
MRSS_00600	WP_041867326.1	29.744	195	103	7	29	218	24	189	7.29e-15	70.5
MRSS_00600	WP_041867326.1	29.139	151	93	5	348	487	26	173	1.90e-07	48.5
MRSS_00600	WP_011410064.1	31.683	202	92	7	18	207	15	182	3.67e-14	68.6
MRSS_00600	WP_011410064.1	29.825	171	97	5	324	476	4	169	4.21e-12	62.8
MRSS_00600	WP_011411360.1	32.979	188	109	4	319	490	1	187	1.12e-13	67.8
MRSS_00600	WP_011411360.1	41.667	48	28	0	19	66	18	65	9.42e-07	46.6
MRSS_00600	WP_011411360.1	36.047	86	39	5	163	235	136	218	0.17	30.4
MRSS_00600	WP_011411092.1	29.878	164	104	3	323	483	4	159	1.17e-13	67.4
MRSS_00600	WP_011411092.1	25.110	227	114	4	18	234	16	196	2.14e-12	63.5
MRSS_00600	WP_011410956.1	27.823	248	124	8	20	247	16	228	1.03e-12	64.3
MRSS_00600	WP_011410956.1	23.148	216	144	7	326	520	5	219	2.04e-10	57.8
MRSS_00600	WP_011411337.1	28.750	160	98	4	335	479	31	189	1.39e-12	64.3
MRSS_00600	WP_011411337.1	25.238	210	113	9	22	218	35	213	5.62e-08	50.4
MRSS_00600	WP_011410773.1	27.149	221	131	8	326	520	6	222	2.86e-12	63.2
MRSS_00600	WP_011410773.1	27.602	221	136	4	21	235	18	220	5.00e-12	62.4
MRSS_00600	WP_011410856.1	31.373	255	131	15	324	550	342	580	2.45e-11	62.4
MRSS_00600	WP_011410856.1	57.143	35	15	0	163	197	481	515	2.49e-05	43.1
MRSS_00600	WP_011410294.1	29.108	213	103	7	19	218	12	189	3.11e-11	59.7
MRSS_00600	WP_011410294.1	31.447	159	81	6	342	482	18	166	2.67e-07	48.1
MRSS_00600	WP_011411857.1	26.667	225	132	6	22	238	21	220	3.15e-11	61.2
MRSS_00600	WP_011411857.1	24.324	222	124	9	323	511	1	211	4.55e-09	54.3
MRSS_00600	WP_011410937.1	29.952	207	113	8	20	218	24	206	3.96e-11	59.7
MRSS_00600	WP_011410937.1	27.979	193	112	7	338	507	25	213	7.82e-11	58.5
MRSS_00600	WP_011410457.1	28.837	215	97	7	20	217	19	194	4.04e-11	60.5
MRSS_00600	WP_011410457.1	26.012	173	113	6	324	483	5	175	5.82e-06	44.7
MRSS_00600	WP_011410668.1	24.771	218	140	6	323	520	1	214	9.34e-11	58.5
MRSS_00600	WP_011410668.1	25.532	235	142	8	20	245	15	225	2.38e-10	57.4
MRSS_00600	WP_011279184.1	26.872	227	145	6	329	535	9	234	1.18e-10	58.5
MRSS_00600	WP_011279184.1	23.611	216	119	6	18	218	15	199	5.06e-08	50.4
MRSS_00600	WP_148203612.1	26.721	247	136	10	20	246	21	242	1.48e-10	58.5
MRSS_00600	WP_148203612.1	25.225	222	129	7	323	508	3	223	5.40e-07	47.8
MRSS_00600	WP_148203518.1	27.551	196	110	7	333	510	9	190	2.89e-10	57.0
MRSS_00600	WP_148203518.1	26.267	217	100	10	22	218	15	191	3.39e-06	45.1
MRSS_00600	WP_011409929.1	24.229	227	139	6	22	238	39	242	3.63e-10	57.8
MRSS_00600	WP_011409929.1	25.758	198	121	7	339	512	39	234	1.61e-08	52.8
MRSS_00600	WP_011411196.1	21.739	230	151	5	22	240	42	253	3.75e-10	57.8
MRSS_00600	WP_011411196.1	28.444	225	123	12	323	512	22	243	2.67e-08	52.0
MRSS_00600	WP_011410738.1	26.556	241	137	7	22	253	356	565	2.38e-09	55.8
MRSS_00600	WP_011410738.1	28.814	177	99	5	324	479	339	509	4.15e-08	52.0
MRSS_00600	WP_011410825.1	21.687	498	298	14	3	477	11	439	2.72e-09	55.8
MRSS_00600	WP_011410825.1	23.786	206	123	6	320	499	10	207	3.05e-06	45.8
MRSS_00600	WP_011410069.1	51.064	47	23	0	334	380	18	64	3.36e-09	54.3
MRSS_00600	WP_011410069.1	25.490	204	128	6	19	218	20	203	7.10e-05	40.8
MRSS_00600	WP_011411197.1	25.888	197	123	6	339	512	40	236	3.83e-09	54.7
MRSS_00600	WP_011411197.1	22.523	222	144	6	25	238	43	244	1.25e-08	53.1
MRSS_00600	WP_011411465.1	30.189	159	96	4	336	483	13	167	1.22e-08	52.0
MRSS_00600	WP_011411465.1	24.215	223	129	7	14	226	8	200	2.94e-08	50.8
MRSS_00600	WP_011409950.1	25.773	194	126	6	331	506	9	202	1.71e-08	51.6
MRSS_00600	WP_011409950.1	24.280	243	132	6	10	235	6	213	1.46e-07	48.9
MRSS_00600	WP_011409928.1	25.095	263	161	8	25	269	26	270	2.26e-08	52.4
MRSS_00600	WP_011409928.1	25.616	203	122	6	339	512	23	225	1.27e-07	49.7
MRSS_00600	WP_011411279.1	26.396	197	126	5	338	516	24	219	6.37e-08	51.6
MRSS_00600	WP_011411279.1	39.344	61	34	1	161	218	144	204	3.40e-05	42.7
MRSS_00600	WP_011411279.1	37.838	37	23	0	20	56	23	59	0.076	32.0
MRSS_00600	WP_011410541.1	25.373	201	127	7	319	499	336	533	9.47e-08	50.8
MRSS_00600	WP_011410541.1	25.896	251	129	10	21	253	356	567	5.03e-06	45.4
MRSS_00600	WP_011410540.1	24.870	193	130	3	320	497	333	525	1.92e-07	50.1
MRSS_00600	WP_011410540.1	26.423	246	127	10	22	250	352	560	1.02e-06	47.8
MRSS_00600	WP_011410562.1	38.095	63	35	1	161	219	105	167	7.41e-07	46.2
MRSS_00600	WP_011410562.1	24.211	190	109	4	323	503	6	169	6.07e-06	43.5
MRSS_00600	WP_011410562.1	37.778	45	28	0	20	64	25	69	0.007	34.3
MRSS_00600	WP_011411332.1	26.036	169	106	4	339	490	29	195	3.22e-06	45.4
MRSS_00600	WP_011411332.1	21.514	251	161	10	18	257	22	247	0.001	37.7
MRSS_00600	WP_424141158.1	25.806	93	55	2	21	99	1	93	7.33e-06	42.0
MRSS_00600	WP_424141158.1	37.209	43	27	0	338	380	1	43	0.003	34.3
MRSS_00600	WP_050747487.1	41.860	43	25	0	163	205	136	178	3.88e-05	41.2
MRSS_00600	WP_050747487.1	40.541	37	22	0	440	476	131	167	0.20	30.0
MRSS_00600	WP_050747733.1	38.043	92	45	4	157	239	64	152	2.00e-04	39.7
MRSS_00600	WP_050747733.1	37.313	67	39	1	436	499	61	127	0.002	36.2
MRSS_00600	WP_011411941.1	34.615	78	44	3	161	232	828	904	7.39e-04	38.5
MRSS_00600	WP_011411941.1	38.961	77	38	3	439	509	824	897	0.002	37.4
MRSS_00600	WP_011411941.1	37.500	40	25	0	10	49	611	650	0.82	28.5
MRSS_00600	WP_011411941.1	42.857	28	16	0	339	366	623	650	0.90	28.5
MRSS_00600	WP_011411941.1	45.161	31	17	0	18	48	10	40	4.5	26.2
MRSS_00600	WP_243466019.1	47.059	34	18	0	22	55	3	36	0.002	33.9
MRSS_00600	WP_243466019.1	36.364	44	28	0	339	382	3	46	0.004	33.1
MRSS_00600	WP_011411253.1	21.399	243	164	7	323	539	1	242	0.003	35.8
MRSS_00600	WP_011411253.1	44.118	34	19	0	21	54	16	49	0.023	33.1
MRSS_00600	WP_011411253.1	27.273	66	45	2	163	225	146	211	0.051	32.0
MRSS_00600	WP_011411331.1	22.488	209	124	7	339	511	23	229	0.004	35.8
MRSS_00600	WP_011410751.1	48.837	43	22	0	338	380	40	82	0.019	33.9
MRSS_00600	WP_011410751.1	42.857	49	28	0	18	66	37	85	0.11	31.2
MRSS_00600	WP_424141151.1	47.826	23	12	0	33	55	2	24	0.022	29.6
MRSS_00600	WP_050747885.1	37.143	35	22	0	21	55	30	64	0.063	30.0
MRSS_00600	WP_050747885.1	41.379	29	17	0	343	371	35	63	0.24	28.5
MRSS_00600	WP_279379445.1	30.909	55	38	0	328	382	71	125	0.41	28.9
MRSS_00600	WP_050747395.1	36.585	41	22	1	140	180	2	38	0.47	27.7
MRSS_00600	WP_050747475.1	37.736	53	30	2	288	340	8	57	0.91	25.8
MRSS_00600	WP_011412032.1	46.429	28	14	1	348	375	3	29	0.97	27.7
MRSS_00600	WP_011410116.1	34.043	47	28	2	328	371	410	456	1.5	27.7
MRSS_00600	WP_011409949.1	34.043	47	29	1	351	395	302	348	1.5	27.7
MRSS_00600	WP_011411130.1	38.235	34	20	1	27	59	157	190	1.6	27.7
MRSS_00600	WP_011410510.1	44.828	29	16	0	346	374	57	85	2.4	26.9
MRSS_00600	WP_011410679.1	50.000	24	12	0	349	372	144	167	2.5	26.9
MRSS_00600	WP_011410679.1	40.000	35	21	0	16	50	128	162	5.1	25.8
MRSS_00600	WP_050747734.1	31.250	64	42	2	142	204	97	159	2.6	26.6
MRSS_00600	WP_011410229.1	36.364	33	21	0	22	54	149	181	2.9	26.6
MRSS_00600	WP_011410853.1	45.455	33	15	1	351	380	7	39	3.8	26.2
MRSS_00600	WP_011412117.1	34.783	46	22	2	35	74	7	50	4.0	25.8
MRSS_00600	WP_011412117.1	62.500	16	6	0	354	369	9	24	7.1	25.0
MRSS_00600	WP_158302422.1	40.000	35	16	2	286	315	249	283	4.8	26.2
MRSS_00600	WP_011409925.1	35.000	60	31	4	52	108	273	327	5.0	26.2
MRSS_00600	WP_011412030.1	26.667	45	33	0	209	253	181	225	5.0	25.8
MRSS_00600	WP_011410234.1	30.233	43	28	1	346	388	184	224	5.7	25.8
MRSS_00600	WP_011411098.1	37.037	54	26	2	201	250	194	243	6.8	25.4
MRSS_00600	WP_279379431.1	37.500	32	18	1	151	182	1	30	7.1	23.1
MRSS_00600	WP_011412192.1	29.412	51	36	0	372	422	7	57	7.3	25.4
MRSS_00600	WP_011411325.1	27.273	55	34	1	298	352	216	264	7.8	25.4
MRSS_00600	WP_011410536.1	50.000	18	9	0	348	365	348	365	8.2	25.4
MRSS_00600	WP_011410216.1	23.000	100	71	4	148	243	947	1044	9.4	25.4
MRSS_00601	WP_041866838.1	42.857	21	11	1	13	32	65	85	0.82	23.9
MRSS_00601	WP_011411441.1	34.783	23	15	0	28	50	121	143	4.6	21.9
MRSS_00601	WP_011411189.1	31.250	48	31	1	26	71	81	128	4.7	21.9
MRSS_00601	WP_198408739.1	42.857	21	9	1	17	37	93	110	4.8	21.9
MRSS_00601	WP_011410582.1	29.630	27	19	0	46	72	211	237	9.1	21.2
MRSS_00602	WP_011410900.1	62.780	223	83	0	2	224	1	223	5.40e-98	285
MRSS_00602	WP_011409963.1	61.883	223	85	0	2	224	1	223	1.91e-94	276
MRSS_00602	WP_011411000.1	60.987	223	87	0	2	224	1	223	1.57e-93	273
MRSS_00602	WP_011412178.1	60.538	223	88	0	2	224	1	223	1.58e-91	268
MRSS_00602	WP_011410636.1	60.090	223	89	0	2	224	1	223	4.01e-91	267
MRSS_00602	WP_011410631.1	59.641	223	82	1	2	224	1	215	5.78e-89	261
MRSS_00602	WP_011410889.1	57.436	195	82	1	2	195	1	195	3.18e-72	216
MRSS_00602	WP_083764717.1	60.000	80	30	1	145	224	44	121	4.33e-25	95.1
MRSS_00602	WP_083764717.1	67.797	59	19	0	2	60	1	59	6.08e-23	89.4
MRSS_00602	WP_050747388.1	40.000	30	17	1	83	112	3	31	0.37	26.9
MRSS_00602	WP_011410935.1	52.174	23	7	1	175	197	406	424	5.0	24.6
MRSS_00602	WP_011411239.1	32.258	31	12	1	198	228	189	210	7.4	23.9
MRSS_00602	WP_011411618.1	31.707	41	28	0	162	202	53	93	8.0	23.9
MRSS_00602	WP_011409955.1	29.091	55	36	1	145	196	160	214	9.3	23.5
MRSS_00603	WP_041867024.1	47.059	17	6	1	17	30	66	82	1.4	21.2
MRSS_00603	WP_011410352.1	43.478	23	13	0	2	24	151	173	2.4	20.4
MRSS_00603	WP_011410124.1	50.000	16	7	1	15	30	433	447	3.6	20.0
MRSS_00603	WP_011410860.1	58.333	12	5	0	10	21	212	223	4.7	19.6
MRSS_00603	WP_011411624.1	61.538	13	5	0	10	22	392	404	5.5	19.6
MRSS_00603	WP_011411969.1	40.000	15	9	0	16	30	149	163	6.9	19.2
MRSS_00603	WP_083764717.1	50.000	10	5	0	1	10	137	146	8.0	19.2
MRSS_00603	WP_011409963.1	50.000	10	5	0	1	10	239	248	8.2	19.2
MRSS_00603	WP_011410636.1	50.000	10	5	0	1	10	239	248	8.3	19.2
MRSS_00603	WP_011411000.1	50.000	10	5	0	1	10	239	248	8.5	19.2
MRSS_00603	WP_011410900.1	50.000	10	5	0	1	10	239	248	8.5	19.2
MRSS_00603	WP_011410631.1	50.000	10	5	0	1	10	231	240	8.8	18.9
MRSS_00604	WP_011411230.1	95.980	199	6	1	1	197	1	199	8.25e-142	390
MRSS_00604	WP_050747573.1	37.931	29	18	0	62	90	54	82	0.14	27.3
MRSS_00604	WP_011411819.1	26.087	46	30	1	133	174	169	214	1.7	25.4
MRSS_00604	WP_243466178.1	30.645	62	40	2	100	158	1	62	2.6	24.6
MRSS_00604	WP_011410738.1	52.000	25	12	0	54	78	188	212	2.9	25.0
MRSS_00604	WP_011409965.1	31.915	47	22	1	138	174	96	142	3.7	24.3
MRSS_00604	WP_011410450.1	27.536	69	43	3	111	173	284	351	5.1	24.3
MRSS_00604	WP_011410330.1	33.333	45	24	3	22	61	207	250	5.8	23.9
MRSS_00604	WP_011410568.1	37.500	16	10	0	2	17	185	200	9.4	23.1
MRSS_00604	WP_011409998.1	60.000	15	6	0	90	104	565	579	9.4	23.5
MRSS_00605	WP_050747478.1	47.619	21	10	1	10	30	48	67	0.59	23.1
MRSS_00605	WP_011409940.1	60.000	15	6	0	32	46	182	196	1.0	22.7
MRSS_00605	WP_011411859.1	36.842	19	12	0	33	51	202	220	5.8	20.4
MRSS_00605	WP_011410481.1	31.579	19	13	0	22	40	87	105	6.0	20.4
MRSS_00605	WP_000729861.1	34.783	23	15	0	24	46	151	173	8.4	20.0
MRSS_00605	WP_011410763.1	63.636	11	4	0	22	32	153	163	9.6	20.0
MRSS_00606	WP_011412129.1	86.301	73	10	0	3	75	1	73	2.99e-32	105
MRSS_00606	WP_011410206.1	47.222	36	19	0	41	76	700	735	0.003	32.3
MRSS_00606	WP_341532826.1	30.556	36	25	0	52	87	4	39	0.084	26.9
MRSS_00606	WP_011410660.1	39.535	43	22	2	51	91	302	342	6.6	22.7
MRSS_00606	WP_050747483.1	29.787	47	31	1	41	85	65	111	9.1	21.6
MRSS_00607	WP_011411580.1	26.506	166	110	6	7	168	5	162	9.69e-06	45.1
MRSS_00607	WP_011411580.1	24.828	145	95	4	7	143	203	341	0.34	30.4
MRSS_00607	WP_011411610.1	22.826	184	120	7	7	178	11	184	2.08e-04	40.0
MRSS_00607	WP_011410201.1	31.579	133	68	8	6	125	197	319	2.16e-04	40.4
MRSS_00607	WP_011411826.1	39.130	46	28	0	8	53	6	51	0.002	37.4
MRSS_00607	WP_011412040.1	30.556	72	34	2	5	60	6	77	0.26	30.8
MRSS_00607	WP_011412045.1	24.581	179	102	9	7	165	30	195	0.37	29.6
MRSS_00607	WP_011410229.1	30.357	56	38	1	6	60	161	216	0.39	30.0
MRSS_00607	WP_011410255.1	24.096	166	109	6	5	155	14	177	1.1	28.5
MRSS_00607	WP_011412233.1	55.000	20	9	0	7	26	219	238	1.2	28.5
MRSS_00607	WP_011410240.1	26.471	68	36	2	7	67	398	458	2.1	27.7
MRSS_00607	WP_148203415.1	36.170	47	23	1	135	181	6	45	2.7	25.8
MRSS_00607	WP_011410210.1	35.714	28	18	0	223	250	41	68	4.1	25.0
MRSS_00607	WP_050747885.1	40.000	30	18	0	5	34	42	71	4.8	25.0
MRSS_00607	WP_243466298.1	26.136	88	57	3	472	552	118	204	5.3	26.2
MRSS_00607	WP_011410263.1	52.174	23	11	0	7	29	352	374	6.8	26.2
MRSS_00607	WP_011412200.1	30.612	49	34	0	209	257	344	392	7.9	25.8
MRSS_00607	WP_279379403.1	55.556	18	8	0	320	337	15	32	8.1	25.8
MRSS_00607	WP_424141151.1	55.000	20	9	0	7	26	4	23	9.2	22.7
MRSS_00608	WP_011410139.1	88.525	244	28	0	1	244	1	244	8.28e-163	447
MRSS_00608	WP_011411954.1	25.781	128	79	4	66	179	301	426	0.048	31.2
MRSS_00608	WP_011411923.1	33.929	56	31	3	28	79	236	289	0.47	27.7
MRSS_00608	WP_166506704.1	45.833	24	13	0	221	244	141	164	0.69	26.6
MRSS_00608	WP_011279251.1	28.571	42	30	0	113	154	214	255	1.5	26.2
MRSS_00608	WP_041867763.1	36.364	22	14	0	124	145	38	59	6.4	23.5
MRSS_00608	WP_041867661.1	20.492	122	80	4	128	242	87	198	6.6	23.9
MRSS_00608	WP_011411252.1	29.630	27	19	0	21	47	163	189	7.2	24.3
MRSS_00609	WP_011410953.1	84.685	222	34	0	1	222	1	222	5.10e-129	359
MRSS_00609	WP_011410508.1	29.697	165	102	4	51	212	59	212	1.51e-18	77.4
MRSS_00609	WP_011410954.1	31.556	225	134	6	15	221	14	236	2.38e-17	74.3
MRSS_00609	WP_243465990.1	29.851	67	46	1	108	173	3	69	3.22e-06	41.2
MRSS_00609	WP_243466087.1	32.308	65	37	2	153	213	10	71	7.56e-05	36.6
MRSS_00609	WP_243466088.1	41.463	41	21	1	31	68	6	46	0.21	26.6
MRSS_00609	WP_011410651.1	27.731	119	70	5	19	131	94	202	0.27	28.1
MRSS_00609	WP_011411086.1	35.088	57	35	2	74	129	35	90	1.5	26.2
MRSS_00609	WP_424141125.1	34.000	50	28	1	2	51	33	77	1.6	25.8
MRSS_00609	WP_011411858.1	25.424	59	43	1	93	150	91	149	1.9	25.4
MRSS_00609	WP_001569394.1	25.926	27	20	0	105	131	334	360	1.9	25.8
MRSS_00609	WP_011411746.1	36.538	52	26	2	47	91	171	222	3.6	24.6
MRSS_00609	WP_011410933.1	41.935	31	18	0	8	38	220	250	4.5	24.6
MRSS_00610	WP_011410954.1	87.069	232	30	0	3	234	7	238	4.95e-136	378
MRSS_00610	WP_011410508.1	29.279	222	130	2	10	231	23	217	1.15e-21	85.9
MRSS_00610	WP_011410953.1	30.732	205	124	4	28	231	33	220	1.12e-18	78.2
MRSS_00610	WP_243465990.1	44.706	85	47	0	121	205	7	91	2.59e-18	74.3
MRSS_00610	WP_243466087.1	35.526	76	46	2	156	228	3	78	4.93e-05	37.4
MRSS_00610	WP_011411532.1	30.612	49	34	0	105	153	145	193	0.63	26.9
MRSS_00610	WP_011410915.1	34.694	49	28	2	51	98	100	145	1.4	25.8
MRSS_00610	WP_011411612.1	31.818	44	30	0	11	54	7	50	1.8	25.8
MRSS_00610	WP_041866741.1	29.000	100	57	3	14	111	129	216	3.5	24.6
MRSS_00610	WP_011411198.1	39.535	43	25	1	183	225	177	218	4.1	24.6
MRSS_00610	WP_011412060.1	26.415	53	39	0	86	138	344	396	5.5	24.3
MRSS_00610	WP_011411593.1	46.154	26	14	0	168	193	141	166	6.9	23.9
MRSS_00610	WP_011411800.1	37.736	53	30	2	3	54	419	469	7.3	23.9
MRSS_00611	WP_011410955.1	88.066	243	29	0	1	243	1	243	2.92e-163	447
MRSS_00611	WP_011410509.1	31.518	257	157	5	1	243	1	252	2.06e-32	115
MRSS_00611	WP_083764747.1	29.279	222	136	6	23	236	24	232	5.35e-20	82.4
MRSS_00611	WP_243466089.1	29.412	238	145	9	19	240	5	235	2.26e-17	75.5
MRSS_00611	WP_011410669.1	21.612	273	177	6	1	243	3	268	4.87e-10	54.7
MRSS_00611	WP_011411603.1	24.157	178	113	8	15	178	37	206	0.004	34.3
MRSS_00611	WP_083764899.1	29.412	85	55	3	161	242	260	342	0.009	33.1
MRSS_00611	WP_011411742.1	50.000	34	10	2	199	225	100	133	0.57	27.3
MRSS_00611	WP_083764917.1	25.000	72	51	1	7	78	129	197	0.68	27.3
MRSS_00611	WP_083764964.1	24.742	97	65	3	104	200	106	194	1.0	26.6
MRSS_00611	WP_083764919.1	36.111	36	19	1	166	197	552	587	2.7	25.4
MRSS_00611	WP_011411993.1	33.333	33	22	0	193	225	407	439	6.2	24.3
MRSS_00611	WP_011410875.1	40.909	22	13	0	130	151	334	355	7.7	23.9
MRSS_00611	WP_011411651.1	29.545	44	24	1	142	178	483	526	9.3	23.9
MRSS_00612	WP_011410956.1	90.909	242	22	0	62	303	1	242	8.13e-164	452
MRSS_00612	WP_011410773.1	45.228	241	126	2	63	297	3	243	6.82e-64	198
MRSS_00612	WP_011410668.1	41.667	240	135	2	64	302	2	237	1.25e-61	192
MRSS_00612	WP_011411530.1	38.589	241	134	4	62	297	1	232	7.15e-45	152
MRSS_00612	WP_011411857.1	40.183	219	125	5	78	294	20	234	9.28e-45	152
MRSS_00612	WP_011410787.1	32.365	241	152	5	64	302	21	252	1.57e-37	133
MRSS_00612	WP_011409950.1	34.762	210	133	4	72	281	11	216	7.08e-34	120
MRSS_00612	WP_011409929.1	34.529	223	136	7	77	293	37	255	2.57e-33	121
MRSS_00612	WP_011411279.1	42.647	204	111	5	79	281	25	223	9.88e-33	123
MRSS_00612	WP_011410294.1	33.610	241	138	7	64	298	2	226	4.91e-32	115
MRSS_00612	WP_011410457.1	32.579	221	140	4	63	282	4	216	7.52e-31	114
MRSS_00612	WP_011410809.1	35.981	214	122	6	81	282	28	238	2.64e-26	104
MRSS_00612	WP_011410809.1	32.653	196	118	6	78	266	302	490	2.63e-18	81.3
MRSS_00612	WP_011410937.1	31.373	204	135	4	79	281	26	225	3.28e-25	97.4
MRSS_00612	WP_011410064.1	31.455	213	139	4	73	284	13	219	2.66e-24	95.1
MRSS_00612	WP_011411197.1	31.532	222	130	7	75	284	36	247	8.72e-24	95.9
MRSS_00612	WP_011411196.1	32.287	223	138	8	74	286	37	256	1.20e-23	95.5
MRSS_00612	WP_011410738.1	35.398	226	133	8	64	285	339	555	1.45e-23	97.1
MRSS_00612	WP_011409928.1	30.400	250	162	6	64	301	4	253	2.47e-23	94.4
MRSS_00612	WP_148203612.1	30.435	253	122	9	64	284	4	234	1.46e-21	89.0
MRSS_00612	WP_011411332.1	29.545	220	133	8	78	287	28	235	1.20e-20	86.7
MRSS_00612	WP_011410856.1	28.571	252	163	8	55	299	333	574	5.23e-20	86.3
MRSS_00612	WP_011411360.1	30.263	228	137	6	67	284	9	224	5.73e-18	78.2
MRSS_00612	WP_011410069.1	29.237	236	156	6	72	302	15	244	8.07e-18	77.8
MRSS_00612	WP_011410562.1	28.780	205	100	4	79	282	27	186	1.11e-17	75.9
MRSS_00612	WP_011279184.1	27.801	241	138	6	62	285	2	223	3.80e-17	75.9
MRSS_00612	WP_011410365.1	27.468	233	161	3	64	293	14	241	2.14e-16	75.5
MRSS_00612	WP_011410365.1	24.583	240	150	6	70	293	271	495	1.70e-14	69.7
MRSS_00612	WP_011410751.1	28.638	213	133	4	79	291	41	234	3.00e-15	72.0
MRSS_00612	WP_011410540.1	28.571	238	137	8	62	285	335	553	3.92e-15	72.0
MRSS_00612	WP_011411331.1	26.522	230	150	8	74	287	18	244	2.25e-14	68.9
MRSS_00612	WP_424141158.1	35.398	113	67	2	79	191	2	108	3.59e-14	64.3
MRSS_00612	WP_011411092.1	29.557	203	117	5	64	264	5	183	3.61e-14	67.4
MRSS_00612	WP_011410825.1	24.545	220	159	2	64	281	14	228	5.19e-13	65.5
MRSS_00612	WP_011410825.1	24.348	230	150	5	78	293	278	497	1.10e-11	61.2
MRSS_00612	WP_011411337.1	26.214	206	137	5	63	262	18	214	6.69e-13	63.9
MRSS_00612	WP_011410881.1	27.273	231	123	6	79	281	19	232	5.07e-12	62.4
MRSS_00612	WP_011410881.1	24.468	188	100	6	61	236	317	474	1.97e-06	45.4
MRSS_00612	WP_041867326.1	27.895	190	127	4	88	277	26	205	7.13e-12	60.5
MRSS_00612	WP_148203518.1	26.941	219	141	6	72	284	8	213	1.01e-11	60.1
MRSS_00612	WP_011411465.1	28.342	187	123	3	89	275	26	201	3.83e-11	58.2
MRSS_00612	WP_011410263.1	26.538	260	134	9	79	302	22	260	5.72e-11	59.3
MRSS_00612	WP_011410263.1	22.422	223	152	8	51	273	311	512	7.32e-10	55.8
MRSS_00612	WP_050747884.1	30.435	92	62	2	213	302	4	95	3.92e-09	50.1
MRSS_00612	WP_011410541.1	26.407	231	140	7	82	300	360	572	6.23e-09	53.1
MRSS_00612	WP_050747733.1	30.120	166	108	3	132	293	2	163	9.39e-08	48.5
MRSS_00612	WP_011411941.1	36.486	74	43	2	203	273	830	902	6.50e-06	43.9
MRSS_00612	WP_011411941.1	25.000	108	72	3	203	302	487	593	0.025	32.3
MRSS_00612	WP_011411941.1	50.000	28	14	0	79	106	623	650	0.075	30.8
MRSS_00612	WP_011411941.1	35.000	40	26	0	66	105	1	40	0.30	28.9
MRSS_00612	WP_011411253.1	23.529	255	156	7	55	291	2	235	1.26e-04	38.9
MRSS_00612	WP_011412104.1	20.779	231	154	5	64	291	313	517	1.56e-04	39.3
MRSS_00612	WP_011412104.1	28.947	114	76	3	178	289	124	234	0.002	35.8
MRSS_00612	WP_050747487.1	44.118	34	19	0	202	235	135	168	6.67e-04	36.6
MRSS_00612	WP_050747734.1	26.923	78	57	0	203	280	117	194	0.007	33.5
MRSS_00612	WP_148203351.1	22.667	75	58	0	204	278	52	126	0.012	32.0
MRSS_00612	WP_243466019.1	43.750	32	18	0	78	109	2	33	0.014	30.8
MRSS_00612	WP_011411173.1	43.182	44	18	2	90	126	104	147	0.19	29.6
MRSS_00612	WP_011412032.1	52.381	21	10	0	89	109	4	24	0.41	28.1
MRSS_00612	WP_279379445.1	46.667	30	16	0	78	107	81	110	0.48	27.7
MRSS_00612	WP_011410679.1	48.485	33	14	1	77	109	135	164	0.84	27.3
MRSS_00612	WP_011412219.1	50.000	22	11	0	101	122	81	102	0.90	27.3
MRSS_00612	WP_011411130.1	38.710	31	19	0	80	110	153	183	0.98	27.3
MRSS_00612	WP_011410176.1	33.333	66	31	2	89	154	206	258	1.0	26.9
MRSS_00612	WP_050747885.1	38.710	31	19	0	79	109	31	61	1.3	25.4
MRSS_00612	WP_011412217.1	41.026	39	17	2	101	135	100	136	1.5	26.6
MRSS_00612	WP_011410318.1	41.379	29	17	0	81	109	150	178	1.6	26.6
MRSS_00612	WP_011410434.1	42.308	26	15	0	91	116	5	30	1.7	26.2
MRSS_00612	WP_011410536.1	64.706	17	6	0	89	105	349	365	2.4	26.2
MRSS_00612	WP_424141151.1	44.828	29	16	0	92	120	4	32	3.1	23.1
MRSS_00612	WP_011410853.1	39.286	28	14	1	82	109	1	25	3.3	25.4
MRSS_00612	WP_158302393.1	31.915	47	27	1	190	236	1	42	3.4	23.5
MRSS_00612	WP_011412117.1	55.556	18	8	0	92	109	7	24	5.5	24.3
MRSS_00612	WP_011410060.1	41.667	24	14	0	91	114	3	26	6.0	24.6
MRSS_00612	WP_011412119.1	28.972	107	65	4	115	217	434	533	6.1	24.6
MRSS_00612	WP_011411963.1	43.750	32	16	1	91	120	9	40	6.9	24.3
MRSS_00613	WP_011411365.1	34.211	38	22	1	22	56	40	77	1.6	24.6
MRSS_00613	WP_011410239.1	46.667	15	8	0	51	65	59	73	1.9	24.3
MRSS_00613	WP_083764893.1	42.857	21	12	0	43	63	291	311	3.3	23.5
MRSS_00613	WP_011410802.1	28.125	64	26	3	26	87	427	472	3.8	23.5
MRSS_00613	WP_011411593.1	34.286	35	22	1	75	109	199	232	6.8	22.7
MRSS_00614	WP_011410644.1	57.143	14	6	0	22	35	92	105	0.88	22.7
MRSS_00614	WP_011410246.1	53.333	15	7	0	4	18	374	388	3.4	20.8
MRSS_00614	WP_011410836.1	50.000	18	9	0	11	28	1	18	5.5	20.4
MRSS_00614	WP_011410645.1	45.000	20	8	1	11	30	1	17	7.2	20.0
MRSS_00614	WP_011410967.1	46.667	15	8	0	30	44	57	71	7.3	20.0
MRSS_00614	WP_011411274.1	50.000	14	7	0	28	41	56	69	9.9	19.6
MRSS_00615	WP_011411160.1	87.554	233	29	0	1	233	1	233	8.65e-151	415
MRSS_00615	WP_011410117.1	25.373	67	50	0	32	98	46	112	2.03e-04	38.1
MRSS_00615	WP_011410717.1	30.159	63	35	3	151	209	132	189	0.46	27.7
MRSS_00615	WP_011411110.1	50.000	20	10	0	134	153	81	100	2.4	24.6
MRSS_00615	WP_011409924.1	32.308	65	33	3	169	226	18	78	5.0	24.3
MRSS_00615	WP_011412045.1	34.146	41	27	0	85	125	134	174	9.8	23.1
MRSS_00616	WP_011410900.1	59.091	66	27	0	1	66	80	145	3.74e-18	72.0
MRSS_00616	WP_011412178.1	57.576	66	28	0	1	66	80	145	4.41e-18	71.6
MRSS_00616	WP_011411000.1	57.576	66	28	0	1	66	80	145	1.18e-17	70.5
MRSS_00616	WP_011410889.1	56.061	66	29	0	1	66	81	146	5.11e-17	67.4
MRSS_00616	WP_011410636.1	54.545	66	30	0	1	66	80	145	7.11e-15	63.2
MRSS_00616	WP_011409963.1	54.545	66	30	0	1	66	80	145	7.25e-15	62.8
MRSS_00616	WP_011410631.1	48.485	66	26	1	1	66	80	137	2.69e-11	53.1
MRSS_00616	WP_011410042.1	31.250	48	22	1	19	66	23	59	0.044	26.9
MRSS_00616	WP_011410138.1	28.125	32	23	0	9	40	366	397	1.4	23.1
MRSS_00616	WP_011410401.1	37.500	16	10	0	11	26	472	487	3.4	21.9
MRSS_00617	WP_011410121.1	85.679	405	56	1	1	403	1	405	0.0	714
MRSS_00617	WP_243466253.1	28.509	228	140	8	4	212	62	285	5.13e-13	66.6
MRSS_00617	WP_041866927.1	32.353	68	37	2	77	144	7	65	0.11	28.1
MRSS_00617	WP_011412260.1	41.379	29	17	0	219	247	85	113	0.48	28.1
MRSS_00617	WP_011411385.1	28.000	50	36	0	68	117	55	104	0.50	27.7
MRSS_00617	WP_011412045.1	33.333	48	30	1	354	401	60	105	1.1	27.3
MRSS_00617	WP_279379420.1	34.000	50	31	2	68	116	57	105	1.1	26.9
MRSS_00617	WP_011410277.1	40.625	32	19	0	198	229	883	914	3.2	26.2
MRSS_00617	WP_011411749.1	26.667	75	47	2	106	179	248	315	4.5	25.4
MRSS_00617	WP_011410894.1	27.660	47	28	1	57	103	5	45	4.7	24.3
MRSS_00618	WP_041866748.1	78.222	225	49	0	4	228	1	225	4.96e-129	360
MRSS_00618	WP_424141135.1	60.563	71	28	0	129	199	224	294	3.98e-22	89.4
MRSS_00618	WP_011411523.1	29.412	51	36	0	90	140	162	212	0.87	26.6
MRSS_00618	WP_041866768.1	34.615	26	17	0	19	44	14	39	3.5	23.1
MRSS_00618	WP_041866578.1	34.615	26	17	0	19	44	14	39	5.9	22.3
MRSS_00618	WP_041866839.1	34.615	26	17	0	19	44	14	39	6.3	22.3
MRSS_00618	WP_011410609.1	34.615	26	17	0	19	44	35	60	6.9	22.7
MRSS_00618	WP_243466267.1	38.889	18	11	0	27	44	4	21	9.3	21.6
MRSS_00618	WP_011411629.1	36.364	44	26	1	104	147	95	136	9.4	23.5
MRSS_00619	WP_011410721.1	77.143	140	32	0	1	140	1	140	1.85e-69	202
MRSS_00619	WP_011410145.1	28.125	128	76	2	13	135	17	133	6.52e-11	53.1
MRSS_00619	WP_011410422.1	25.000	96	50	2	56	129	124	219	3.4	23.9
MRSS_00619	WP_011411728.1	30.769	39	27	0	69	107	147	185	3.6	23.5
MRSS_00619	WP_011410137.1	21.818	55	31	2	63	117	29	71	4.2	23.1
MRSS_00619	WP_011411572.1	30.612	49	33	1	87	135	38	85	6.3	23.1
MRSS_00619	WP_011411403.1	29.730	37	26	0	70	106	129	165	6.9	22.7
MRSS_00619	WP_011412125.1	29.032	31	22	0	51	81	233	263	7.3	22.7
MRSS_00620	WP_011410722.1	72.131	61	16	1	1	60	1	61	8.52e-20	82.4
MRSS_00620	WP_243466300.1	27.778	54	38	1	180	232	154	207	0.65	27.3
MRSS_00620	WP_424141176.1	28.889	45	25	1	176	220	74	111	2.2	25.4
MRSS_00620	WP_279379442.1	32.258	31	21	0	163	193	230	260	3.9	24.6
MRSS_00620	WP_011411774.1	26.389	72	38	2	82	142	1	68	5.3	24.3
MRSS_00620	WP_424141162.1	28.889	45	25	1	176	220	29	66	5.7	23.9
MRSS_00620	WP_243466181.1	33.333	36	19	1	25	55	7	42	6.6	23.1
MRSS_00620	WP_148203457.1	35.294	34	22	0	20	53	47	80	8.1	23.9
MRSS_00620	WP_011411290.1	38.462	26	16	0	103	128	22	47	8.3	23.5
MRSS_00620	WP_011411109.1	37.931	29	18	0	201	229	646	674	8.9	23.9
MRSS_00620	WP_198408750.1	27.273	44	32	0	180	223	37	80	9.5	23.5
MRSS_00621	WP_011412132.1	83.246	191	32	0	1	191	1	191	1.14e-119	333
MRSS_00621	WP_011410474.1	21.649	97	73	2	2	97	9	103	0.017	30.4
MRSS_00621	WP_011409902.1	30.000	50	33	1	51	98	74	123	2.5	25.0
MRSS_00621	WP_011279212.1	52.381	21	9	1	81	101	90	109	3.9	23.9
MRSS_00621	WP_158302390.1	45.000	20	11	0	90	109	342	361	5.3	23.9
MRSS_00621	WP_011409875.1	29.213	89	52	3	43	124	113	197	6.0	23.9
MRSS_00621	WP_011279194.1	30.233	43	28	1	91	133	110	150	6.7	23.9
MRSS_00622	WP_011410409.1	90.000	620	46	1	1	604	1	620	0.0	1144
MRSS_00622	WP_011411539.1	24.074	270	148	11	27	266	3	245	6.36e-06	45.4
MRSS_00622	WP_011411539.1	26.042	96	71	0	367	462	425	520	0.001	37.7
MRSS_00622	WP_011410440.1	26.016	123	60	5	406	510	639	748	1.1	28.5
MRSS_00622	WP_011410664.1	31.707	41	27	1	149	188	83	123	3.8	26.6
MRSS_00622	WP_148203326.1	32.000	25	17	0	263	287	82	106	3.8	25.4
MRSS_00622	WP_011410483.1	48.000	25	13	0	180	204	593	617	5.3	26.2
MRSS_00622	WP_148203664.1	36.364	33	21	0	23	55	37	69	5.8	24.3
MRSS_00622	WP_011412152.1	36.735	49	28	1	9	57	168	213	8.8	25.0
MRSS_00623	WP_011410520.1	91.000	300	27	0	1	300	1	300	0.0	537
MRSS_00623	WP_011410225.1	30.213	235	143	7	28	257	26	244	1.49e-19	83.6
MRSS_00623	WP_011412194.1	30.303	99	64	3	118	212	205	302	0.60	27.7
MRSS_00623	WP_041867402.1	25.000	52	39	0	127	178	43	94	4.9	24.6
MRSS_00623	WP_011412157.1	25.000	52	39	0	127	178	43	94	9.9	23.5
MRSS_00624	WP_011410521.1	64.103	78	28	0	1	78	1	78	2.14e-28	94.0
MRSS_00624	WP_011410883.1	28.814	59	39	1	21	79	423	478	2.4	22.7
MRSS_00624	WP_011412111.1	35.135	37	22	2	39	74	18	53	5.8	21.6
MRSS_00624	WP_011410887.1	37.500	32	20	0	5	36	156	187	6.0	21.6
MRSS_00624	WP_011410568.1	33.333	36	21	2	45	80	155	187	6.4	21.6
MRSS_00624	WP_011411792.1	36.842	38	22	1	43	78	248	285	7.6	21.6
MRSS_00624	WP_041866639.1	26.829	41	28	1	26	64	27	67	9.0	21.2
MRSS_00625	WP_011411621.1	85.398	226	33	0	1	226	1	226	4.35e-148	408
MRSS_00625	WP_011409957.1	34.043	47	28	1	54	100	155	198	0.48	27.7
MRSS_00625	WP_011411950.1	22.857	70	53	1	73	141	8	77	2.8	24.6
MRSS_00625	WP_011410509.1	28.070	57	36	1	57	113	120	171	3.3	24.6
MRSS_00625	WP_011410760.1	30.769	52	28	2	182	225	274	325	5.0	24.3
MRSS_00625	WP_243466190.1	25.641	39	29	0	115	153	8	46	6.8	22.3
MRSS_00625	WP_041866550.1	33.333	27	18	0	103	129	45	71	8.8	22.3
MRSS_00625	WP_011410183.1	25.000	60	37	3	7	66	56	107	9.6	22.7
MRSS_00625	WP_041866844.1	37.500	24	15	0	72	95	45	68	9.8	22.7
MRSS_00626	WP_011410969.1	89.474	114	12	0	1	114	1	114	4.30e-71	204
MRSS_00626	WP_070108791.1	22.222	45	35	0	68	112	58	102	0.18	26.9
MRSS_00626	WP_341532841.1	23.288	73	55	1	9	80	79	151	0.27	26.6
MRSS_00626	WP_011409999.1	20.588	68	54	0	33	100	157	224	0.43	26.2
MRSS_00626	WP_011410481.1	27.273	99	56	5	16	99	198	295	0.59	25.8
MRSS_00626	WP_011279225.1	32.558	43	28	1	69	111	216	257	4.8	22.7
MRSS_00626	WP_011411263.1	36.364	33	20	1	44	76	106	137	7.2	21.9
MRSS_00626	WP_341532836.1	37.931	29	18	0	26	54	162	190	8.5	21.9
MRSS_00626	WP_011412047.1	18.000	50	30	1	51	100	130	168	9.5	21.9
MRSS_00627	WP_011411999.1	75.694	144	34	1	1	144	1	143	1.97e-77	223
MRSS_00627	WP_011412135.1	29.293	99	66	2	35	133	2	96	2.01e-09	48.5
MRSS_00627	WP_011410908.1	23.529	85	63	1	48	130	144	228	1.53e-04	36.6
MRSS_00627	WP_041866560.1	35.000	40	23	2	32	68	56	95	0.29	26.9
MRSS_00627	WP_011411263.1	23.333	60	41	1	37	91	76	135	1.2	24.6
MRSS_00627	WP_243466181.1	28.704	108	40	6	24	121	6	86	2.5	23.5
MRSS_00627	WP_011279188.1	38.710	31	18	1	99	129	306	335	7.0	23.1
MRSS_00627	WP_011410119.1	37.931	29	18	0	23	51	58	86	8.0	22.3
MRSS_00627	WP_083764853.1	50.000	22	11	0	100	121	69	90	9.8	21.9
MRSS_00628	WP_011411997.1	84.615	143	22	0	1	143	1	143	6.42e-93	262
MRSS_00628	WP_011411964.1	32.051	78	40	4	61	137	132	197	0.71	25.8
MRSS_00628	WP_011411651.1	30.909	55	38	0	85	139	428	482	1.3	25.4
MRSS_00628	WP_050747471.1	33.333	33	20	1	118	148	50	82	4.4	23.5
MRSS_00628	WP_158302456.1	50.000	18	9	0	57	74	40	57	8.7	21.9
MRSS_00629	WP_011411398.1	77.984	377	76	3	1	370	1	377	0.0	576
MRSS_00629	WP_011410868.1	46.842	380	179	8	1	370	2	368	2.49e-104	308
MRSS_00629	WP_011410217.1	33.333	48	30	1	206	253	47	92	1.6	25.8
MRSS_00629	WP_158302422.1	30.000	50	33	1	121	168	152	201	2.5	26.6
MRSS_00629	WP_011411978.1	25.000	80	53	3	248	322	447	524	4.6	25.4
MRSS_00629	WP_011410366.1	47.826	23	12	0	347	369	59	81	5.9	25.0
MRSS_00630	WP_011411445.1	38.095	21	13	0	11	31	246	266	0.77	22.3
MRSS_00630	WP_011410378.1	44.000	25	12	1	8	32	49	71	0.85	22.3
MRSS_00630	WP_041867655.1	40.909	22	13	0	20	41	509	530	0.90	22.3
MRSS_00630	WP_011411947.1	45.833	24	12	1	16	39	38	60	2.2	21.2
MRSS_00630	WP_148203457.1	52.941	17	8	0	15	31	272	288	2.8	20.8
MRSS_00630	WP_041867162.1	37.931	29	18	0	12	40	34	62	3.2	20.4
MRSS_00630	WP_011411561.1	70.000	10	3	0	10	19	396	405	3.4	20.8
MRSS_00630	WP_011410314.1	45.000	20	11	0	16	35	47	66	4.2	20.4
MRSS_00630	WP_000859115.1	53.846	13	6	0	22	34	27	39	5.8	20.0
MRSS_00630	WP_011412273.1	39.130	23	14	0	14	36	278	300	7.6	19.6
MRSS_00630	WP_011412112.1	34.483	29	19	0	11	39	147	175	7.8	19.6
MRSS_00630	WP_011412046.1	40.000	20	12	0	15	34	586	605	8.1	19.6
MRSS_00630	WP_011409869.1	34.783	23	15	0	16	38	350	372	9.0	19.6
MRSS_00630	WP_050747926.1	58.333	12	5	0	24	35	92	103	9.3	19.2
MRSS_00630	WP_041866754.1	46.154	13	7	0	7	19	33	45	9.7	19.2
MRSS_00631	WP_011411504.1	60.377	53	21	0	1	53	257	309	1.42e-17	69.7
MRSS_00631	WP_041866934.1	27.778	36	24	1	7	40	36	71	0.76	23.1
MRSS_00631	WP_083764961.1	40.000	25	15	0	4	28	161	185	4.9	20.8
MRSS_00631	WP_011412007.1	23.810	42	32	0	1	42	328	369	5.3	20.8
MRSS_00631	WP_011411939.1	36.000	25	16	0	27	51	48	72	7.2	20.4
MRSS_00631	WP_011410126.1	53.333	15	7	0	33	47	21	35	8.0	20.4
MRSS_00631	WP_011410080.1	44.444	18	10	0	7	24	114	131	8.8	20.0
MRSS_00631	WP_243466144.1	66.667	12	4	0	33	44	25	36	9.6	20.0
MRSS_00632	WP_011411503.1	84.158	606	96	0	1	606	1	606	0.0	1061
MRSS_00632	WP_011410714.1	23.118	186	121	7	417	582	92	275	0.016	33.9
MRSS_00632	WP_243466099.1	29.577	71	39	2	331	390	75	145	0.086	31.6
MRSS_00632	WP_198408744.1	33.333	42	26	1	344	385	53	92	0.26	28.9
MRSS_00632	WP_011411002.1	30.000	40	24	1	427	466	178	213	6.1	25.8
MRSS_00632	WP_011410485.1	24.324	37	28	0	73	109	55	91	7.8	25.4
MRSS_00633	WP_011409944.1	70.370	81	24	0	1	81	1	81	2.48e-40	125
MRSS_00633	WP_011410778.1	31.579	38	23	1	26	63	132	166	0.89	24.6
MRSS_00633	WP_011410760.1	38.462	26	16	0	33	58	56	81	2.1	23.9
MRSS_00633	WP_011412020.1	36.364	22	14	0	18	39	166	187	2.3	23.9
MRSS_00633	WP_011410252.1	32.558	43	23	2	2	44	269	305	3.1	23.5
MRSS_00633	WP_011411739.1	33.333	51	28	2	13	59	205	253	3.4	23.1
MRSS_00633	WP_011410896.1	30.380	79	40	4	6	80	34	101	3.8	23.1
MRSS_00633	WP_083764660.1	32.558	43	28	1	1	43	53	94	3.9	22.7
MRSS_00633	WP_011411072.1	45.833	24	13	0	70	93	1095	1118	4.1	23.1
MRSS_00633	WP_011412128.1	31.111	45	28	2	8	52	559	600	4.5	23.1
MRSS_00633	WP_050747912.1	38.462	26	16	0	63	88	100	125	8.2	21.9
MRSS_00634	WP_011411603.1	67.059	170	56	0	2	171	159	328	1.10e-73	226
MRSS_00634	WP_011410717.1	29.787	47	30	1	8	51	120	166	1.8	25.4
MRSS_00634	WP_011411734.1	34.043	47	30	1	24	70	150	195	2.6	25.0
MRSS_00634	WP_148203469.1	43.478	23	11	1	134	154	73	95	2.7	24.6
MRSS_00634	WP_041867053.1	43.478	23	11	1	134	154	39	61	2.7	24.6
MRSS_00634	WP_011411233.1	35.135	37	19	1	33	69	299	330	5.7	23.9
MRSS_00634	WP_011410103.1	23.077	65	49	1	18	81	94	158	6.1	23.9
MRSS_00634	WP_011410486.1	28.571	35	22	1	70	101	74	108	8.1	23.5
MRSS_00635	WP_011411603.1	73.750	80	18	1	1	80	385	461	3.57e-35	120
MRSS_00635	WP_279379388.1	33.333	27	18	0	50	76	51	77	0.41	24.6
MRSS_00635	WP_011411609.1	32.609	46	26	2	32	72	99	144	0.56	24.6
MRSS_00635	WP_011411213.1	21.311	61	48	0	21	81	70	130	3.0	22.3
MRSS_00635	WP_011410753.1	37.500	16	10	0	30	45	141	156	3.3	22.3
MRSS_00635	WP_011412196.1	50.000	20	10	0	2	21	656	675	3.5	22.3
MRSS_00635	WP_041866697.1	27.273	44	24	2	2	37	19	62	4.6	21.9
MRSS_00635	WP_041867495.1	20.833	48	38	0	3	50	33	80	6.1	21.6
MRSS_00635	WP_011412197.1	33.333	33	21	1	35	67	119	150	6.6	21.6
MRSS_00635	WP_011411317.1	45.455	22	10	1	29	48	518	539	7.1	21.6
MRSS_00635	WP_041866939.1	23.810	63	39	3	2	56	19	80	8.1	21.2
MRSS_00635	WP_011412081.1	27.027	37	25	1	3	37	42	78	8.8	21.2
MRSS_00635	WP_011411110.1	27.273	44	31	1	38	81	88	130	9.8	20.8
MRSS_00636	WP_011410768.1	89.371	668	71	0	1	668	1	668	0.0	1233
MRSS_00636	WP_011410935.1	21.812	298	196	7	40	336	22	283	1.35e-09	57.4
MRSS_00636	WP_011410935.1	22.481	129	66	4	470	572	810	930	0.79	28.9
MRSS_00636	WP_011412194.1	30.000	100	61	2	447	544	257	349	4.05e-06	45.8
MRSS_00636	WP_011410246.1	29.167	120	77	3	449	566	248	361	1.62e-04	40.8
MRSS_00636	WP_011410774.1	30.303	66	46	0	447	512	247	312	0.003	36.6
MRSS_00636	WP_011409897.1	34.783	46	30	0	359	404	150	195	0.017	33.9
MRSS_00636	WP_011411619.1	25.000	112	74	3	435	544	238	341	0.024	33.9
MRSS_00636	WP_011411978.1	31.169	77	42	2	479	544	510	586	0.055	32.7
MRSS_00636	WP_011411978.1	33.929	56	34	2	29	81	213	268	5.4	26.2
MRSS_00636	WP_011410535.1	31.944	72	43	2	25	95	105	171	0.23	30.4
MRSS_00636	WP_011411002.1	37.209	43	23	1	629	667	204	246	1.3	28.1
MRSS_00636	WP_158302322.1	21.429	56	44	0	581	636	13	68	1.7	27.3
MRSS_00636	WP_011410255.1	31.148	61	42	0	18	78	172	232	2.2	27.3
MRSS_00636	WP_341532809.1	30.612	49	32	1	591	639	12	58	2.3	26.2
MRSS_00636	WP_011411830.1	20.482	83	59	1	205	287	373	448	5.1	26.2
MRSS_00636	WP_011411173.1	29.787	47	32	1	21	66	92	138	5.1	26.2
MRSS_00636	WP_011410864.1	57.143	21	9	0	36	56	31	51	5.6	26.2
MRSS_00637	WP_011411538.1	90.823	316	29	0	1	316	1	316	0.0	601
MRSS_00637	WP_011411893.1	22.449	49	38	0	157	205	125	173	3.5	25.4
MRSS_00637	WP_242451015.1	30.189	53	22	2	230	279	3	43	5.5	23.5
MRSS_00637	WP_083764723.1	39.286	28	17	0	260	287	40	67	6.3	23.1
MRSS_00637	WP_011411099.1	28.125	64	43	1	166	226	345	408	7.6	24.6
MRSS_00637	WP_011412055.1	34.091	44	22	2	157	193	6	49	7.6	23.9
MRSS_00637	WP_011410399.1	43.478	23	12	1	292	314	339	360	8.2	24.3
MRSS_00637	WP_011409999.1	30.769	39	27	0	169	207	1129	1167	8.5	24.3
MRSS_00637	WP_041866649.1	42.857	14	8	0	274	287	47	60	8.7	22.3
MRSS_00637	WP_041866842.1	40.000	30	18	0	39	68	23	52	9.4	22.3
MRSS_00638	WP_011411539.1	87.952	664	80	0	1	664	1	664	0.0	1234
MRSS_00638	WP_011410409.1	26.531	98	72	0	425	522	383	480	3.26e-05	43.1
MRSS_00638	WP_011410440.1	26.636	214	126	9	25	224	106	302	0.010	35.0
MRSS_00638	WP_011410440.1	36.585	41	24	1	210	250	358	396	0.029	33.5
MRSS_00638	WP_011410455.1	25.862	58	28	1	124	166	5	62	2.1	26.9
MRSS_00638	WP_011411325.1	26.582	79	49	1	523	592	53	131	2.8	26.9
MRSS_00638	WP_050747632.1	40.000	20	12	0	273	292	24	43	5.8	24.3
MRSS_00638	WP_011411093.1	25.758	66	45	1	533	598	1	62	6.2	25.8
MRSS_00638	WP_011410922.1	27.632	76	49	3	7	76	171	246	8.5	25.4
MRSS_00638	WP_243466080.1	32.000	50	27	2	576	624	77	120	8.8	24.6
MRSS_00639	WP_011411733.1	83.173	208	35	0	1	208	124	331	2.68e-126	358
MRSS_00639	WP_011411734.1	37.931	203	125	1	4	206	125	326	1.72e-33	120
MRSS_00639	WP_011410675.1	37.688	199	97	6	4	189	130	314	1.42e-30	112
MRSS_00639	WP_041866490.1	33.929	56	32	1	134	189	255	305	0.19	28.5
MRSS_00639	WP_011411758.1	48.276	29	14	1	25	53	140	167	0.40	27.3
MRSS_00639	WP_148203376.1	32.500	40	27	0	16	55	205	244	1.6	25.8
MRSS_00639	WP_011411188.1	37.500	40	25	0	69	108	135	174	2.2	25.0
MRSS_00639	WP_011410381.1	64.706	17	6	0	90	106	153	169	3.0	25.0
MRSS_00639	WP_011411735.1	26.316	76	40	4	137	196	261	336	4.5	24.3
MRSS_00639	WP_011409982.1	23.529	68	45	2	18	79	69	135	6.1	23.9
MRSS_00639	WP_011412013.1	30.435	46	30	2	9	53	72	116	9.7	23.5
MRSS_00640	WP_011411733.1	76.923	117	27	0	1	117	1	117	1.63e-57	179
MRSS_00640	WP_011410675.1	34.211	114	74	1	4	117	8	120	5.36e-07	43.1
MRSS_00640	WP_011411969.1	45.161	31	17	0	4	34	7	37	0.28	26.6
MRSS_00640	WP_011411734.1	23.364	107	77	3	6	109	3	107	0.30	26.6
MRSS_00640	WP_011412189.1	37.143	35	21	1	52	86	331	364	1.0	25.0
MRSS_00640	WP_011410442.1	28.261	46	32	1	6	51	178	222	1.7	24.3
MRSS_00640	WP_011410422.1	34.043	47	28	1	5	51	48	91	2.8	23.5
MRSS_00640	WP_011410206.1	25.926	54	38	2	48	101	57	108	2.9	23.9
MRSS_00640	WP_011411618.1	45.455	22	12	0	3	24	8	29	5.5	22.7
MRSS_00640	WP_050747573.1	32.143	56	27	3	72	116	14	69	6.1	21.9
MRSS_00640	WP_011411301.1	38.235	34	20	1	6	38	53	86	6.2	22.7
MRSS_00640	WP_011412116.1	38.710	31	19	0	22	52	297	327	7.3	22.3
MRSS_00640	WP_158302462.1	38.462	39	23	1	2	40	85	122	7.7	21.9
MRSS_00640	WP_011410298.1	32.143	28	16	1	88	115	136	160	8.0	22.3
MRSS_00640	WP_041866754.1	24.786	117	72	3	6	106	129	245	8.0	22.3
MRSS_00641	WP_011411734.1	80.263	380	75	0	1	380	1	380	0.0	612
MRSS_00641	WP_011411733.1	32.723	382	251	5	1	379	4	382	1.02e-47	163
MRSS_00641	WP_011410675.1	30.887	327	218	3	48	370	53	375	3.52e-34	127
MRSS_00641	WP_011410135.1	27.632	76	50	3	98	168	81	156	0.11	30.0
MRSS_00641	WP_341532849.1	40.000	40	17	1	196	235	28	60	0.61	26.6
MRSS_00641	WP_041866490.1	31.746	63	29	2	280	337	276	329	2.2	26.6
MRSS_00641	WP_011410381.1	47.059	17	9	0	57	73	280	296	8.6	24.6
MRSS_00641	WP_000808003.1	42.424	33	14	1	12	39	78	110	9.2	24.6
MRSS_00642	WP_011411735.1	85.877	439	62	0	1	439	1	439	0.0	786
MRSS_00642	WP_011409983.1	28.889	315	175	10	149	425	139	442	5.58e-23	97.1
MRSS_00642	WP_011411675.1	22.794	272	158	12	173	419	5	249	0.001	36.6
MRSS_00642	WP_011410481.1	26.786	56	37	1	323	378	714	765	0.83	28.1
MRSS_00642	WP_011412114.1	28.090	89	53	4	181	258	93	181	1.1	27.3
MRSS_00642	WP_050747309.1	27.711	83	50	3	125	205	52	126	2.6	26.2
MRSS_00642	WP_011412038.1	23.077	91	67	2	28	116	58	147	2.7	26.2
MRSS_00642	WP_011412209.1	28.571	84	49	3	81	155	48	129	3.7	25.4
MRSS_00642	WP_011410136.1	25.806	155	77	8	210	356	21	145	5.5	25.0
MRSS_00642	WP_011412073.1	50.000	18	9	0	394	411	154	171	6.8	24.6
MRSS_00642	WP_011412109.1	35.714	28	18	0	220	247	20	47	7.4	24.6
MRSS_00642	WP_050747472.1	46.667	30	14	1	155	184	47	74	8.4	23.9
MRSS_00642	WP_011410676.1	31.034	58	39	1	163	219	137	194	8.4	25.0
MRSS_00643	WP_011411737.1	73.077	104	28	0	1	104	1	104	1.57e-54	162
MRSS_00643	WP_243466070.1	44.444	18	10	0	4	21	41	58	2.1	23.5
MRSS_00643	WP_011411267.1	39.130	46	23	2	50	95	2	42	5.9	22.3
MRSS_00643	WP_011412234.1	34.783	23	14	1	2	23	184	206	6.9	22.3
MRSS_00643	WP_011410985.1	50.000	18	9	0	13	30	42	59	7.6	21.9
MRSS_00643	WP_050747555.1	39.024	41	15	2	57	97	90	120	8.3	21.9
MRSS_00643	WP_011279206.1	44.444	18	10	0	18	35	28	45	9.0	21.9
MRSS_00644	WP_158302414.1	35.294	17	11	0	12	28	80	96	2.8	20.4
MRSS_00644	WP_011410450.1	42.105	19	11	0	8	26	597	615	2.9	20.4
MRSS_00644	WP_011412052.1	33.333	21	14	0	4	24	39	59	8.0	19.2
MRSS_00645	WP_011410889.1	62.500	24	9	0	2	25	1	24	9.07e-05	35.0
MRSS_00645	WP_083764717.1	62.500	24	9	0	2	25	1	24	9.65e-05	35.0
MRSS_00645	WP_011409963.1	62.500	24	9	0	2	25	1	24	9.76e-05	35.0
MRSS_00645	WP_011411000.1	62.500	24	9	0	2	25	1	24	1.02e-04	35.0
MRSS_00645	WP_011410900.1	62.500	24	9	0	2	25	1	24	1.02e-04	35.0
MRSS_00645	WP_011412178.1	62.500	24	9	0	2	25	1	24	1.06e-04	35.0
MRSS_00645	WP_011410631.1	62.500	24	9	0	2	25	1	24	1.08e-04	35.0
MRSS_00645	WP_011410636.1	58.333	24	10	0	2	25	1	24	3.05e-04	33.9
MRSS_00645	WP_041866562.1	32.258	31	21	0	44	74	2	32	2.6	22.3
MRSS_00645	WP_011410439.1	33.333	36	22	1	11	46	93	126	4.0	22.3
MRSS_00645	WP_011410856.1	29.688	64	42	1	2	65	237	297	4.0	22.3
MRSS_00645	WP_011411373.1	45.000	20	11	0	59	78	149	168	5.0	21.9
MRSS_00645	WP_011411777.1	30.435	23	16	0	42	64	2	24	5.3	21.6
MRSS_00645	WP_011411638.1	40.000	20	12	0	24	43	195	214	6.9	21.6
MRSS_00645	WP_011411315.1	26.087	46	32	1	25	68	264	309	7.7	21.6
MRSS_00646	WP_011410532.1	73.196	97	26	0	1	97	2	98	5.48e-51	154
MRSS_00646	WP_011410074.1	32.000	50	33	1	36	84	26	75	4.21e-05	36.2
MRSS_00646	WP_011412249.1	34.483	29	19	0	2	30	31	59	1.9	23.9
MRSS_00646	WP_050747701.1	30.769	39	21	1	53	85	56	94	3.3	23.1
MRSS_00646	WP_083764933.1	41.176	17	10	0	91	107	77	93	4.0	22.7
MRSS_00646	WP_011411053.1	34.375	32	20	1	47	78	113	143	4.5	23.1
MRSS_00646	WP_050747828.1	25.490	51	36	1	49	99	28	76	4.9	22.3
MRSS_00646	WP_011412145.1	28.205	39	28	0	72	110	105	143	5.0	23.1
MRSS_00646	WP_041867036.1	43.478	23	13	0	54	76	175	197	6.6	22.7
MRSS_00646	WP_011410790.1	22.222	45	35	0	3	47	136	180	7.2	22.7
MRSS_00647	WP_011410533.1	82.949	434	74	0	1	434	1	434	0.0	725
MRSS_00647	WP_011410753.1	38.462	39	24	0	311	349	5	43	0.58	28.9
MRSS_00647	WP_011412131.1	44.444	27	14	1	254	280	109	134	4.0	25.8
MRSS_00647	WP_011410731.1	27.451	51	30	1	53	103	179	222	4.5	25.4
MRSS_00647	WP_011410016.1	35.714	56	27	2	335	390	307	353	4.5	25.8
MRSS_00647	WP_011410849.1	29.167	48	29	2	135	180	2	46	7.5	25.0
MRSS_00647	WP_011410301.1	32.432	37	21	1	171	207	132	164	8.3	24.6
MRSS_00647	WP_011409998.1	18.293	82	56	2	49	120	1092	1172	8.8	25.0
MRSS_00648	WP_011410534.1	93.689	206	13	0	1	206	1	206	5.01e-148	406
MRSS_00648	WP_011410935.1	31.034	87	56	3	109	193	418	502	0.004	33.9
MRSS_00648	WP_158302360.1	40.909	44	16	2	104	145	69	104	0.72	26.6
MRSS_00648	WP_011411757.1	33.333	30	20	0	89	118	186	215	2.0	25.4
MRSS_00648	WP_011412217.1	23.256	172	109	6	25	180	280	444	2.4	25.4
MRSS_00648	WP_011412010.1	26.437	87	38	4	37	100	108	191	3.3	24.6
MRSS_00648	WP_041866677.1	33.333	39	20	2	156	194	1	33	3.6	24.6
MRSS_00648	WP_050747409.1	34.694	49	29	2	27	74	98	144	4.3	24.3
MRSS_00648	WP_011412076.1	42.857	21	12	0	18	38	84	104	5.1	23.9
MRSS_00648	WP_011411086.1	43.478	23	13	0	17	39	162	184	5.3	24.3
MRSS_00648	WP_011411178.1	32.143	56	32	2	71	122	363	416	5.7	24.3
MRSS_00648	WP_011411783.1	31.429	35	23	1	14	47	123	157	7.5	23.1
MRSS_00648	WP_148203326.1	34.286	35	23	0	88	122	1	35	9.0	22.7
MRSS_00649	WP_011410535.1	95.047	424	21	0	1	424	1	424	0.0	825
MRSS_00649	WP_011411981.1	44.000	100	55	1	66	165	5	103	2.43e-21	92.0
MRSS_00649	WP_011411981.1	31.950	241	102	8	177	411	249	433	1.79e-19	86.3
MRSS_00649	WP_011410234.1	31.496	127	77	4	66	192	143	259	1.15e-06	47.0
MRSS_00649	WP_011410737.1	24.762	315	163	13	78	380	458	710	1.12e-05	43.9
MRSS_00649	WP_011410737.1	34.286	105	49	5	100	189	189	288	1.34e-04	40.4
MRSS_00649	WP_011410744.1	27.103	107	54	4	114	219	52	135	0.002	36.2
MRSS_00649	WP_011412117.1	34.286	70	33	3	112	168	4	73	0.002	35.4
MRSS_00649	WP_041866643.1	23.220	323	173	14	69	377	561	822	0.003	35.8
MRSS_00649	WP_041866643.1	52.174	23	11	0	112	134	199	221	7.8	25.0
MRSS_00649	WP_011410199.1	40.909	44	22	1	115	158	13	52	0.038	32.0
MRSS_00649	WP_011410277.1	28.378	74	44	2	151	224	701	765	0.049	32.0
MRSS_00649	WP_011411530.1	34.694	49	29	1	88	133	1	49	0.098	30.8
MRSS_00649	WP_011410541.1	25.000	116	71	4	111	226	366	465	0.32	29.3
MRSS_00649	WP_011410856.1	44.000	25	14	0	114	138	371	395	0.39	29.3
MRSS_00649	WP_011411482.1	36.667	30	19	0	151	180	418	447	0.43	28.9
MRSS_00649	WP_011411482.1	36.585	41	20	2	252	286	60	100	4.7	25.8
MRSS_00649	WP_011411091.1	27.273	77	42	2	114	190	57	119	0.78	28.1
MRSS_00649	WP_011410536.1	23.030	165	97	6	115	271	352	494	0.79	28.1
MRSS_00649	WP_011410526.1	26.230	61	40	1	58	113	187	247	0.83	27.7
MRSS_00649	WP_011410387.1	35.484	31	20	0	114	144	4	34	0.85	27.3
MRSS_00649	WP_011411253.1	46.429	28	15	0	117	144	32	59	1.3	27.3
MRSS_00649	WP_011411963.1	40.000	30	18	0	115	144	10	39	1.4	26.6
MRSS_00649	WP_011411360.1	47.826	23	12	0	115	137	34	56	1.5	26.9
MRSS_00649	WP_011410384.1	32.653	49	32	1	364	411	137	185	2.1	26.6
MRSS_00649	WP_011411173.1	37.500	40	24	1	108	146	99	138	2.1	26.9
MRSS_00649	WP_011412107.1	29.688	64	40	2	180	242	155	214	2.9	26.2
MRSS_00649	WP_011410552.1	25.926	108	62	3	106	195	30	137	4.5	25.8
MRSS_00649	WP_243466109.1	31.818	44	29	1	346	389	6	48	5.3	23.1
MRSS_00649	WP_011279184.1	41.935	31	17	1	107	136	23	53	6.0	25.0
MRSS_00649	WP_011410668.1	31.707	41	23	2	93	132	11	47	6.2	25.0
MRSS_00649	WP_011410773.1	40.000	25	14	1	115	139	32	55	6.9	25.0
MRSS_00649	WP_011410809.1	38.462	26	16	0	114	139	38	63	7.3	25.0
MRSS_00649	WP_041866904.1	41.667	24	14	0	263	286	63	86	8.4	23.5
MRSS_00649	WP_011410540.1	48.485	33	7	2	119	141	369	401	8.6	24.6
MRSS_00649	WP_011410294.1	40.909	22	13	0	115	136	28	49	9.1	24.3
MRSS_00649	WP_011411115.1	25.806	62	41	1	36	97	52	108	9.2	24.3
MRSS_00649	WP_148203371.1	22.535	71	50	1	26	96	135	200	9.9	24.6
MRSS_00649	WP_011410777.1	27.586	58	29	2	70	127	18	62	9.9	24.6
MRSS_00650	WP_011410536.1	94.095	779	46	0	1	779	1	779	0.0	1500
MRSS_00650	WP_011410887.1	38.158	76	40	2	676	744	433	508	9.63e-07	48.1
MRSS_00650	WP_011410262.1	25.000	108	74	2	662	769	356	456	1.27e-04	41.2
MRSS_00650	WP_011410234.1	36.111	72	32	3	326	383	156	227	0.004	36.6
MRSS_00650	WP_011411173.1	37.255	51	32	0	325	375	79	129	0.009	35.4
MRSS_00650	WP_011410737.1	27.344	128	77	6	352	474	489	605	0.16	31.6
MRSS_00650	WP_011411091.1	34.091	44	26	1	334	374	37	80	0.20	30.8
MRSS_00650	WP_011411645.1	50.000	24	12	0	342	365	9	32	0.26	30.4
MRSS_00650	WP_011410683.1	30.612	49	34	0	599	647	43	91	0.41	30.0
MRSS_00650	WP_011410387.1	42.308	26	15	0	352	377	5	30	0.63	28.9
MRSS_00650	WP_011410744.1	55.000	20	9	0	352	371	53	72	0.83	28.9
MRSS_00650	WP_011410881.1	32.609	46	25	2	320	365	322	361	1.1	28.9
MRSS_00650	WP_011411530.1	38.889	36	22	0	349	384	28	63	1.1	28.5
MRSS_00650	WP_011409877.1	35.484	62	34	2	237	295	354	412	1.2	28.9
MRSS_00650	WP_011410535.1	23.030	165	97	6	352	494	115	271	1.3	28.5
MRSS_00650	WP_011410773.1	57.143	21	9	0	349	369	29	49	1.4	28.1
MRSS_00650	WP_011411595.1	36.111	36	22	1	634	669	101	135	1.9	27.7
MRSS_00650	WP_011411981.1	33.333	27	18	0	352	378	53	79	2.4	27.3
MRSS_00650	WP_011412117.1	45.000	20	11	0	352	371	7	26	2.5	26.9
MRSS_00650	WP_050747885.1	29.231	65	42	2	313	373	1	65	3.3	25.8
MRSS_00650	WP_158302353.1	34.091	44	28	1	316	358	50	93	3.7	26.2
MRSS_00650	WP_011412032.1	40.000	25	15	0	347	371	2	26	6.1	25.8
MRSS_00650	WP_011411478.1	31.429	70	40	1	492	561	120	181	6.7	25.8
MRSS_00650	WP_011410084.1	25.287	87	55	2	211	296	85	162	7.2	26.2
MRSS_00650	WP_041866643.1	33.333	42	26	1	243	282	404	445	7.2	26.2
MRSS_00650	WP_041866643.1	37.500	40	22	2	332	371	185	221	9.0	25.8
MRSS_00650	WP_011410263.1	50.000	18	9	0	348	365	348	365	9.2	25.8
MRSS_00650	WP_011411824.1	44.444	18	10	0	607	624	50	67	9.9	25.4
MRSS_00651	WP_011410537.1	96.667	90	3	0	1	90	1	90	4.26e-58	169
MRSS_00651	WP_011410005.1	65.169	89	31	0	1	89	1	89	6.72e-37	116
MRSS_00651	WP_011411244.1	34.831	89	58	0	1	89	3	91	1.92e-17	67.4
MRSS_00651	WP_011410855.1	32.967	91	60	1	1	90	1	91	4.66e-16	63.5
MRSS_00651	WP_011411097.1	40.625	32	19	0	52	83	54	85	1.2	23.9
MRSS_00651	WP_148203432.1	29.730	37	26	0	48	84	47	83	2.8	22.3
MRSS_00651	WP_011410881.1	34.375	32	18	1	15	46	324	352	3.1	22.7
MRSS_00651	WP_011411173.1	50.000	14	7	0	50	63	559	572	4.1	22.7
MRSS_00651	WP_083764881.1	40.909	22	13	0	26	47	84	105	4.1	22.3
MRSS_00651	WP_011411460.1	56.250	16	7	0	39	54	146	161	4.1	22.3
MRSS_00651	WP_050747805.1	28.571	35	24	1	48	82	27	60	5.3	21.2
MRSS_00651	WP_011410066.1	34.783	23	15	0	26	48	134	156	8.7	21.6
MRSS_00652	WP_011410538.1	76.710	614	143	0	22	635	1	614	0.0	956
MRSS_00652	WP_011410289.1	25.705	319	161	13	76	388	38	286	4.10e-09	55.1
MRSS_00652	WP_148203513.1	40.741	27	16	0	39	65	14	40	0.58	26.2
MRSS_00652	WP_011410582.1	30.263	76	44	3	381	452	115	185	3.9	26.6
MRSS_00652	WP_041866494.1	42.857	21	12	0	327	347	3	23	5.7	23.5
MRSS_00652	WP_011410970.1	26.667	45	29	1	8	52	169	209	8.6	25.4
MRSS_00653	WP_011410539.1	85.652	230	33	0	1	230	1	230	9.08e-151	415
MRSS_00653	WP_166506412.1	36.667	30	19	0	193	222	17	46	1.3	24.3
MRSS_00653	WP_011411630.1	50.000	20	10	0	84	103	22	41	1.4	25.4
MRSS_00653	WP_011410552.1	41.667	24	14	0	180	203	56	79	1.8	25.8
MRSS_00653	WP_011411539.1	56.250	16	7	0	47	62	131	146	2.7	25.4
MRSS_00653	WP_011409866.1	37.931	58	33	3	151	206	19	75	3.7	25.0
MRSS_00653	WP_050747951.1	25.000	48	31	1	91	138	139	181	5.6	24.3
MRSS_00653	WP_041867343.1	42.105	19	11	0	87	105	39	57	6.6	23.9
MRSS_00654	WP_011410296.1	85.498	331	41	1	1	331	1	324	0.0	576
MRSS_00654	WP_011412035.1	30.841	107	66	5	203	308	113	212	0.002	36.2
MRSS_00654	WP_011411017.1	34.286	35	23	0	290	324	69	103	3.6	25.4
MRSS_00654	WP_011411513.1	35.294	34	22	0	290	323	69	102	6.2	24.6
MRSS_00654	WP_011411004.1	31.429	35	24	0	11	45	241	275	7.3	24.6
MRSS_00655	WP_424141138.1	83.166	499	84	0	16	514	1	499	0.0	755
MRSS_00655	WP_011411532.1	30.612	147	99	3	81	227	78	221	9.38e-11	58.9
MRSS_00655	WP_011411531.1	27.358	212	144	5	54	259	57	264	3.22e-09	54.3
MRSS_00655	WP_148203636.1	28.947	76	42	2	458	530	163	229	0.37	29.3
MRSS_00655	WP_011411545.1	66.667	18	6	0	27	44	637	654	3.0	26.6
MRSS_00655	WP_011410831.1	45.161	31	14	1	381	411	650	677	4.4	26.2
MRSS_00655	WP_011412163.1	29.730	37	26	0	160	196	1	37	4.7	25.8
MRSS_00655	WP_041867315.1	29.508	61	43	0	74	134	79	139	9.8	24.6
MRSS_00656	WP_011410294.1	83.478	230	38	0	1	230	1	230	8.84e-139	385
MRSS_00656	WP_011411530.1	36.239	218	133	2	2	213	3	220	8.92e-36	126
MRSS_00656	WP_011410787.1	34.762	210	128	1	13	213	25	234	6.32e-35	124
MRSS_00656	WP_011410956.1	32.051	234	135	6	2	218	3	229	1.06e-30	110
MRSS_00656	WP_011411857.1	34.091	220	132	5	1	208	1	219	4.56e-29	108
MRSS_00656	WP_011410069.1	34.545	220	128	4	13	223	25	237	1.59e-27	102
MRSS_00656	WP_011410773.1	31.963	219	131	4	8	212	12	226	3.38e-26	98.6
MRSS_00656	WP_011410937.1	35.149	202	109	5	8	199	23	212	6.25e-26	97.4
MRSS_00656	WP_011410064.1	29.907	214	145	3	20	229	24	236	1.05e-25	97.1
MRSS_00656	WP_011409950.1	34.184	196	121	5	19	208	22	215	3.14e-25	95.5
MRSS_00656	WP_011410668.1	29.911	224	149	4	1	217	1	223	9.30e-25	94.7
MRSS_00656	WP_011410856.1	33.032	221	122	7	6	213	354	561	6.09e-24	95.9
MRSS_00656	WP_011411279.1	34.634	205	122	5	19	214	27	228	7.70e-23	92.8
MRSS_00656	WP_011409929.1	32.057	209	125	6	22	217	46	250	9.73e-23	90.9
MRSS_00656	WP_011279184.1	31.019	216	143	2	18	227	22	237	1.61e-20	83.6
MRSS_00656	WP_011410457.1	29.358	218	144	5	19	231	25	237	2.46e-20	84.0
MRSS_00656	WP_011411197.1	28.141	199	129	5	20	206	45	241	3.47e-20	84.0
MRSS_00656	WP_011411332.1	28.713	202	126	5	26	215	40	235	4.51e-19	80.5
MRSS_00656	WP_041867326.1	30.396	227	140	7	1	218	1	218	3.87e-18	76.6
MRSS_00656	WP_011410809.1	31.285	179	111	6	25	193	313	489	7.95e-18	78.2
MRSS_00656	WP_011410809.1	28.634	227	133	7	19	222	30	250	4.26e-14	67.0
MRSS_00656	WP_011410365.1	30.570	193	122	6	29	212	43	232	1.31e-17	77.4
MRSS_00656	WP_011410365.1	24.889	225	144	7	1	208	266	482	3.24e-16	73.6
MRSS_00656	WP_011410738.1	32.967	182	102	6	20	190	361	533	5.56e-17	75.9
MRSS_00656	WP_011411360.1	30.435	207	130	5	19	215	25	227	2.34e-16	72.4
MRSS_00656	WP_011411196.1	28.169	213	136	6	16	213	45	255	1.14e-14	68.6
MRSS_00656	WP_148203518.1	31.088	193	123	5	22	208	22	210	1.40e-14	67.0
MRSS_00656	WP_011410562.1	28.947	190	99	3	19	208	31	184	1.73e-14	65.9
MRSS_00656	WP_011411337.1	28.641	206	122	7	29	224	49	239	2.35e-14	67.0
MRSS_00656	WP_011410825.1	26.882	186	127	4	29	207	43	226	3.29e-14	67.4
MRSS_00656	WP_011410825.1	23.697	211	135	7	16	208	282	484	2.80e-09	52.8
MRSS_00656	WP_424141158.1	38.462	91	51	1	18	103	5	95	9.53e-14	62.4
MRSS_00656	WP_011411465.1	32.370	173	98	6	25	189	26	187	3.18e-13	62.8
MRSS_00656	WP_011410540.1	31.068	206	119	7	25	217	362	557	3.52e-13	64.7
MRSS_00656	WP_148203612.1	27.660	235	144	7	1	212	3	234	2.81e-12	61.2
MRSS_00656	WP_011410881.1	32.000	200	103	8	1	189	319	496	5.34e-12	61.2
MRSS_00656	WP_011410881.1	25.000	208	121	4	19	199	23	222	1.31e-08	50.8
MRSS_00656	WP_011410541.1	30.732	205	114	7	28	217	370	561	1.04e-11	60.1
MRSS_00656	WP_011410751.1	28.636	220	112	9	9	213	39	228	1.99e-11	59.3
MRSS_00656	WP_011409928.1	22.541	244	157	7	1	217	3	241	1.02e-10	57.0
MRSS_00656	WP_011411092.1	27.059	170	110	3	25	194	30	185	1.39e-09	53.1
MRSS_00656	WP_011412104.1	27.523	218	135	7	1	213	312	511	2.20e-08	50.4
MRSS_00656	WP_011412104.1	27.604	192	109	7	22	191	24	207	6.37e-04	36.6
MRSS_00656	WP_011410263.1	32.639	144	74	4	25	161	349	476	2.36e-07	47.0
MRSS_00656	WP_011410263.1	26.364	220	105	7	13	193	24	225	5.38e-07	46.2
MRSS_00656	WP_050747884.1	30.588	85	59	0	138	222	2	86	2.26e-06	41.6
MRSS_00656	WP_050747733.1	27.072	181	94	6	71	224	14	183	4.87e-06	42.7
MRSS_00656	WP_011411331.1	27.536	69	50	0	122	190	151	219	8.79e-06	42.0
MRSS_00656	WP_011411941.1	33.846	65	39	2	130	191	830	893	0.001	35.8
MRSS_00656	WP_011411941.1	43.902	41	19	2	30	70	638	674	0.97	26.9
MRSS_00656	WP_011411253.1	23.392	171	89	5	19	161	21	177	0.004	33.5
MRSS_00656	WP_050747885.1	38.182	55	32	2	18	72	34	86	0.005	32.0
MRSS_00656	WP_424141151.1	45.161	31	17	0	26	56	2	32	0.007	30.0
MRSS_00656	WP_148203351.1	27.632	76	54	1	131	206	52	126	0.017	31.2
MRSS_00656	WP_050747734.1	24.775	222	136	9	28	223	1	217	0.022	31.6
MRSS_00656	WP_050747487.1	23.418	158	101	4	19	165	23	171	0.041	30.4
MRSS_00656	WP_011410496.1	32.143	56	36	1	5	58	11	66	0.22	28.1
MRSS_00656	WP_011412233.1	60.870	23	9	0	25	47	216	238	0.28	28.5
MRSS_00656	WP_011410077.1	30.645	62	37	2	74	135	356	411	0.35	28.1
MRSS_00656	WP_011410853.1	52.000	25	12	0	28	52	8	32	0.63	26.9
MRSS_00656	WP_011411222.1	32.727	55	33	2	165	217	20	72	0.96	26.6
MRSS_00656	WP_011411130.1	40.909	22	13	0	25	46	162	183	1.2	26.6
MRSS_00656	WP_243466019.1	37.500	32	20	0	19	50	7	38	1.4	24.6
MRSS_00656	WP_011412045.1	46.154	26	14	0	20	45	22	47	1.8	25.4
MRSS_00656	WP_011411247.1	27.473	91	60	2	30	117	208	295	2.3	25.4
MRSS_00656	WP_243466055.1	32.308	65	29	3	115	170	41	99	2.7	24.3
MRSS_00656	WP_011412117.1	47.826	23	12	0	28	50	7	29	3.1	24.6
MRSS_00656	WP_011410679.1	71.429	14	4	0	28	41	147	160	3.2	25.0
MRSS_00656	WP_011411610.1	60.000	20	8	0	28	47	11	30	3.4	25.0
MRSS_00656	WP_011410115.1	45.000	20	11	0	36	55	155	174	3.6	25.0
MRSS_00656	WP_011410535.1	39.130	23	14	0	28	50	115	137	3.6	25.0
MRSS_00656	WP_011411091.1	58.824	17	7	0	30	46	60	76	3.8	24.6
MRSS_00656	WP_011410744.1	52.632	19	9	0	30	48	55	73	3.8	24.6
MRSS_00656	WP_011411093.1	30.769	39	27	0	4	42	151	189	4.2	24.6
MRSS_00656	WP_243466048.1	32.653	49	30	1	101	146	120	168	4.7	24.6
MRSS_00656	WP_011410318.1	33.333	21	14	0	25	45	158	178	4.7	24.6
MRSS_00656	WP_011411024.1	32.653	49	30	1	101	146	406	454	4.9	24.6
MRSS_00656	WP_011410427.1	23.810	63	48	0	88	150	10	72	5.2	24.3
MRSS_00656	WP_011411580.1	57.143	21	9	0	27	47	202	222	5.4	24.3
MRSS_00656	WP_011409934.1	48.387	31	16	0	140	170	103	133	6.6	23.9
MRSS_00656	WP_011410257.1	50.000	20	10	0	167	186	120	139	7.0	23.9
MRSS_00656	WP_011411025.1	33.333	42	25	2	81	121	218	257	8.6	23.9
MRSS_00656	WP_011410262.1	38.462	39	24	0	4	42	74	112	9.8	23.5
MRSS_00658	WP_011411628.1	85.625	160	23	0	1	160	1	160	2.01e-101	285
MRSS_00658	WP_424141137.1	31.818	22	15	0	104	125	1	22	1.3	24.3
MRSS_00658	WP_424141142.1	47.059	17	9	0	103	119	29	45	4.1	22.7
MRSS_00658	WP_011410143.1	28.736	87	47	5	12	94	167	242	4.6	23.9
MRSS_00658	WP_011410603.1	38.462	26	16	0	7	32	136	161	8.5	22.7
MRSS_00658	WP_041866777.1	25.000	76	50	3	33	107	175	244	8.8	22.7
MRSS_00658	WP_011411116.1	22.642	53	39	1	45	95	100	152	8.9	22.7
MRSS_00659	WP_011411627.1	84.028	144	23	0	1	144	1	144	4.12e-89	252
MRSS_00659	WP_011410070.1	37.500	48	30	0	9	56	78	125	0.075	28.9
MRSS_00659	WP_041866707.1	26.190	42	30	1	30	70	4	45	2.6	23.5
MRSS_00659	WP_243466236.1	53.333	15	7	0	95	109	212	226	4.7	23.5
MRSS_00659	WP_011410350.1	50.000	26	13	0	32	57	157	182	4.9	23.5
MRSS_00659	WP_011411580.1	24.691	81	60	1	2	81	11	91	6.8	23.1
MRSS_00659	WP_011410842.1	37.037	27	17	0	25	51	338	364	8.3	22.7
MRSS_00659	WP_011411811.1	36.364	33	16	1	94	121	85	117	9.3	22.3
MRSS_00660	WP_011411625.1	81.897	116	21	0	1	116	1	116	6.11e-72	206
MRSS_00660	WP_011411809.1	27.536	69	38	2	16	80	17	77	0.12	26.9
MRSS_00660	WP_011412113.1	42.105	19	11	0	15	33	195	213	3.0	23.5
MRSS_00660	WP_011412219.1	30.841	107	44	7	18	116	172	256	3.5	23.5
MRSS_00660	WP_041866876.1	32.353	34	22	1	35	68	605	637	3.6	23.5
MRSS_00660	WP_011411549.1	41.176	34	19	1	49	81	264	297	5.8	22.7
MRSS_00660	WP_011411433.1	61.538	13	5	0	67	79	5	17	5.9	22.3
MRSS_00660	WP_243466016.1	36.667	30	15	1	56	85	344	369	8.1	22.3
MRSS_00661	WP_011412237.1	93.617	47	3	0	1	47	1	47	2.78e-26	86.3
MRSS_00661	WP_050747280.1	38.095	42	23	1	5	46	40	78	0.020	26.9
MRSS_00661	WP_011411938.1	46.667	30	16	0	8	37	130	159	0.033	26.6
MRSS_00661	WP_011410587.1	56.250	16	7	0	25	40	532	547	0.12	25.0
MRSS_00661	WP_041867178.1	29.167	48	27	2	3	43	5	52	2.7	20.8
MRSS_00661	WP_011410317.1	33.333	27	18	0	6	32	89	115	4.6	20.4
MRSS_00661	WP_011409877.1	42.105	19	11	0	21	39	107	125	7.6	20.0
MRSS_00662	WP_011412236.1	82.353	119	21	0	1	119	1	119	2.14e-70	203
MRSS_00662	WP_011411419.1	58.824	17	7	0	71	87	81	97	0.44	26.2
MRSS_00662	WP_011412210.1	31.250	48	26	1	8	48	71	118	1.3	24.3
MRSS_00662	WP_041866741.1	34.444	90	40	5	8	78	79	168	1.5	24.3
MRSS_00662	WP_011409945.1	47.619	21	11	0	22	42	43	63	1.9	23.9
MRSS_00662	WP_011409957.1	54.545	22	7	1	40	61	6	24	2.6	23.9
MRSS_00662	WP_148203548.1	46.429	28	14	1	33	60	47	73	3.1	23.1
MRSS_00662	WP_011411866.1	37.931	29	18	0	56	84	58	86	3.5	23.1
MRSS_00662	WP_011279225.1	33.333	51	30	1	38	84	197	247	3.9	23.1
MRSS_00662	WP_011410598.1	27.119	59	35	1	16	74	133	183	6.8	22.7
MRSS_00662	WP_050747305.1	35.714	28	18	0	83	110	1	28	6.8	22.3
MRSS_00663	WP_011412234.1	86.239	545	70	1	1	540	1	545	0.0	940
MRSS_00663	WP_011411434.1	38.298	47	26	1	51	94	216	262	0.043	32.3
MRSS_00663	WP_011410881.1	36.111	36	23	0	121	156	402	437	8.0	25.4
MRSS_00664	WP_011412233.1	83.043	460	72	1	1	460	1	454	0.0	724
MRSS_00664	WP_011411580.1	34.161	161	90	6	219	374	5	154	8.80e-11	60.1
MRSS_00664	WP_011411580.1	37.234	94	56	1	217	310	201	291	2.46e-10	58.5
MRSS_00664	WP_011411610.1	26.190	168	99	8	219	374	11	165	4.29e-04	38.5
MRSS_00664	WP_011412045.1	24.242	198	111	7	216	391	27	207	0.009	33.9
MRSS_00664	WP_011410201.1	25.500	200	138	5	189	383	167	360	0.027	32.7
MRSS_00664	WP_011411826.1	54.839	31	12	1	216	246	2	30	0.095	31.2
MRSS_00664	WP_011412097.1	39.583	48	23	3	284	329	57	100	0.27	28.5
MRSS_00664	WP_011411861.1	26.562	64	47	0	210	273	13	76	0.79	28.1
MRSS_00664	WP_011410231.1	33.333	48	28	1	121	168	31	74	1.6	26.6
MRSS_00664	WP_011410240.1	44.737	38	20	1	340	376	513	550	2.5	26.9
MRSS_00664	WP_011411146.1	31.034	58	35	1	200	257	79	131	3.6	25.8
MRSS_00664	WP_011410350.1	25.490	153	83	7	133	274	300	432	4.3	25.8
MRSS_00664	WP_011410348.1	34.286	35	19	1	372	406	4	34	7.2	24.6
MRSS_00664	WP_011412040.1	27.160	81	38	4	266	344	70	131	8.6	25.0
MRSS_00665	WP_011409940.1	82.552	533	66	2	1	507	1	532	0.0	879
MRSS_00665	WP_011410511.1	27.660	94	56	3	30	121	44	127	0.36	29.6
MRSS_00665	WP_011411004.1	41.463	41	22	1	461	499	201	241	1.3	27.7
MRSS_00665	WP_011411456.1	42.105	38	15	2	293	323	196	233	8.0	25.0
MRSS_00665	WP_050747325.1	28.889	45	32	0	319	363	82	126	9.7	24.3
MRSS_00666	WP_011410706.1	87.854	247	30	0	1	247	1	247	4.58e-162	445
MRSS_00666	WP_341532848.1	26.923	52	24	1	75	126	31	68	0.98	25.0
MRSS_00666	WP_011411452.1	35.000	40	26	0	97	136	34	73	1.7	24.6
MRSS_00666	WP_011410764.1	42.308	26	15	0	221	246	190	215	2.9	25.4
MRSS_00666	WP_011410276.1	36.111	36	16	1	156	191	62	90	3.7	25.0
MRSS_00666	WP_011411821.1	26.786	112	55	6	8	110	200	293	5.5	24.3
MRSS_00666	WP_011411441.1	42.857	28	15	1	188	214	368	395	9.0	23.9
MRSS_00667	WP_011411333.1	89.313	262	28	0	1	262	1	262	7.94e-176	481
MRSS_00667	WP_011411938.1	26.891	119	79	2	133	250	124	235	1.29e-06	44.7
MRSS_00667	WP_011410920.1	28.889	90	62	1	162	251	154	241	3.29e-04	37.4
MRSS_00667	WP_243466034.1	31.183	93	53	2	162	251	97	181	0.011	32.3
MRSS_00667	WP_041867300.1	23.000	100	64	2	163	250	143	241	0.11	29.6
MRSS_00667	WP_041866593.1	33.333	30	20	0	181	210	47	76	0.19	27.7
MRSS_00667	WP_011411690.1	34.328	67	38	2	71	136	201	262	0.49	27.7
MRSS_00667	WP_011410378.1	25.743	202	113	9	7	194	76	254	1.8	25.8
MRSS_00667	WP_050747585.1	40.909	22	13	0	97	118	44	65	5.3	23.9
MRSS_00667	WP_050747897.1	28.947	38	27	0	141	178	183	220	7.2	24.3
MRSS_00668	WP_011412136.1	89.571	489	51	0	1	489	1	489	0.0	881
MRSS_00668	WP_011411733.1	37.143	35	22	0	1	35	1	35	0.37	29.3
MRSS_00668	WP_041867359.1	38.636	44	24	2	158	199	10	52	1.1	26.9
MRSS_00668	WP_083764891.1	43.590	39	17	2	197	233	108	143	1.3	27.3
MRSS_00668	WP_011410715.1	27.711	83	53	2	278	353	239	321	1.7	27.3
MRSS_00668	WP_011411549.1	28.205	39	28	0	268	306	311	349	2.9	26.6
MRSS_00668	WP_011411551.1	24.731	93	64	2	135	225	25	113	3.6	25.8
MRSS_00668	WP_011411969.1	40.625	32	19	0	5	36	8	39	6.2	25.4
MRSS_00668	WP_011412211.1	46.429	28	15	0	5	32	8	35	8.1	25.0
MRSS_00668	WP_041867058.1	37.500	24	15	0	195	218	122	145	8.6	24.6
MRSS_00669	WP_011412134.1	55.294	85	37	1	1	84	1	85	2.24e-22	84.0
MRSS_00669	WP_011411537.1	30.000	50	35	0	24	73	57	106	1.8	23.1
MRSS_00669	WP_041867598.1	44.444	18	10	0	38	55	25	42	4.0	21.6
MRSS_00669	WP_011411560.1	47.368	19	10	0	66	84	608	626	5.6	21.9
MRSS_00669	WP_011411761.1	42.857	35	19	1	28	61	162	196	6.6	21.6
MRSS_00669	WP_011411612.1	35.294	34	22	0	20	53	121	154	7.9	21.6
MRSS_00669	WP_011410569.1	37.143	35	21	1	9	43	52	85	8.1	21.6
MRSS_00669	WP_011410817.1	69.231	13	4	0	51	63	149	161	9.6	21.2
MRSS_00670	WP_011412133.1	90.476	252	24	0	1	252	1	252	2.46e-174	476
MRSS_00670	WP_011410042.1	26.809	235	167	4	1	232	1	233	1.17e-21	86.7
MRSS_00670	WP_243466275.1	28.082	146	100	1	92	232	36	181	1.40e-13	63.9
MRSS_00670	WP_011412039.1	25.112	223	160	3	31	249	33	252	2.66e-11	58.5
MRSS_00670	WP_158302397.1	25.472	106	79	0	76	181	15	120	3.10e-04	37.0
MRSS_00670	WP_148203457.1	41.176	34	20	0	21	54	334	367	0.85	26.9
MRSS_00670	WP_011410425.1	40.000	25	15	0	79	103	18	42	1.8	26.2
MRSS_00670	WP_279379460.1	47.619	21	11	0	29	49	6	26	3.1	25.0
MRSS_00670	WP_011410115.1	29.167	72	44	2	80	144	242	313	3.3	25.4
MRSS_00670	WP_083765040.1	30.380	79	38	5	124	185	158	236	4.5	24.6
MRSS_00670	WP_041867281.1	41.667	24	14	0	212	235	14	37	4.6	23.5
MRSS_00670	WP_011410983.1	42.857	21	12	0	222	242	1	21	5.5	22.7
MRSS_00670	WP_011412013.1	28.571	70	50	0	32	101	144	213	5.8	24.3
MRSS_00670	WP_243466006.1	25.806	62	43	1	55	113	10	71	6.0	23.1
MRSS_00670	WP_009639145.1	28.571	35	25	0	176	210	143	177	7.6	23.5
MRSS_00670	WP_011412127.1	30.000	60	31	2	12	71	4	52	8.2	23.5
MRSS_00670	WP_243465992.1	28.125	64	42	2	19	82	68	127	8.5	23.5
MRSS_00670	WP_198408750.1	27.660	47	30	1	4	46	210	256	9.2	23.5
MRSS_00671	WP_011411319.1	70.690	58	17	0	1	58	73	130	1.82e-20	80.1
MRSS_00671	WP_011412042.1	28.000	50	36	0	13	62	12	61	1.8	23.5
MRSS_00671	WP_011410107.1	39.474	38	23	0	14	51	223	260	2.5	23.1
MRSS_00671	WP_011411497.1	40.741	27	16	0	14	40	8	34	3.4	22.3
MRSS_00671	WP_011412027.1	39.474	38	23	0	14	51	144	181	7.5	21.6
MRSS_00671	WP_011411829.1	39.474	38	23	0	14	51	147	184	10.0	21.2
MRSS_00672	WP_011410897.1	87.037	108	14	0	1	108	1	108	5.03e-70	201
MRSS_00672	WP_243466234.1	34.375	32	20	1	38	68	137	168	0.13	27.3
MRSS_00672	WP_011411803.1	23.636	55	42	0	38	92	466	520	0.16	26.9
MRSS_00672	WP_011411996.1	29.508	61	36	2	11	64	4	64	3.3	23.1
MRSS_00672	WP_011411965.1	29.167	48	34	0	37	84	235	282	7.1	22.3
MRSS_00672	WP_011411444.1	38.095	21	13	0	88	108	271	291	8.8	21.9
MRSS_00672	WP_011410076.1	36.111	36	20	2	12	47	29	61	9.1	21.9
MRSS_00672	WP_011411273.1	33.333	45	27	1	54	98	213	254	9.2	21.9
MRSS_00673	WP_011410259.1	86.978	407	53	0	2	408	1	407	0.0	746
MRSS_00673	WP_041867135.1	24.390	82	52	2	197	278	14	85	1.2	25.8
MRSS_00673	WP_279379445.1	24.561	57	34	2	260	316	21	68	1.8	26.2
MRSS_00673	WP_011411285.1	35.294	34	18	1	185	214	293	326	2.8	26.2
MRSS_00673	WP_011412068.1	43.478	23	13	0	236	258	41	63	3.9	25.8
MRSS_00673	WP_424141146.1	30.952	42	29	0	24	65	69	110	5.1	25.0
MRSS_00673	WP_011410847.1	28.049	82	45	3	220	291	200	277	5.6	25.4
MRSS_00674	WP_011411623.1	88.927	289	32	0	1	289	1	289	0.0	524
MRSS_00674	WP_011410511.1	38.776	49	24	2	35	77	680	728	0.68	27.7
MRSS_00674	WP_011412000.1	30.000	40	28	0	175	214	332	371	0.91	27.3
MRSS_00674	WP_011410234.1	28.750	80	49	3	142	214	361	439	1.1	26.9
MRSS_00674	WP_011410478.1	42.424	33	18	1	93	124	288	320	1.3	26.6
MRSS_00674	WP_243466166.1	41.935	31	15	1	202	229	23	53	1.4	24.6
MRSS_00674	WP_041867274.1	25.373	67	50	0	158	224	132	198	4.4	25.0
MRSS_00674	WP_011411990.1	50.000	18	9	0	65	82	96	113	4.9	24.6
MRSS_00674	WP_011409957.1	35.294	34	22	0	29	62	511	544	8.5	24.3
MRSS_00674	WP_011410897.1	27.027	74	53	1	43	116	26	98	9.7	23.1
MRSS_00675	WP_011411622.1	88.718	195	22	0	2	196	1	195	2.61e-127	353
MRSS_00675	WP_011410491.1	35.714	42	23	2	60	99	145	184	4.2	24.3
MRSS_00675	WP_011410267.1	42.308	26	15	0	84	109	602	627	4.5	24.3
MRSS_00675	WP_050747824.1	33.333	39	22	2	147	184	93	128	4.6	23.9
MRSS_00675	WP_011412262.1	47.619	21	11	0	9	29	7	27	4.7	23.1
MRSS_00675	WP_011411001.1	26.316	57	40	1	137	191	59	115	6.5	23.5
MRSS_00675	WP_198408749.1	50.000	18	9	0	23	40	57	74	7.9	23.5
MRSS_00675	WP_242451023.1	36.585	41	24	1	80	118	346	386	9.1	23.5
MRSS_00675	WP_041866560.1	33.333	24	16	0	62	85	262	285	9.3	23.1
MRSS_00676	WP_011410138.1	87.237	760	94	1	1	760	1	757	0.0	1350
MRSS_00676	WP_011411402.1	36.429	700	373	17	21	660	20	707	1.37e-121	382
MRSS_00676	WP_011410324.1	33.824	68	41	2	459	523	37	103	0.44	29.6
MRSS_00676	WP_011411734.1	36.957	46	21	1	444	489	136	173	2.6	27.3
MRSS_00676	WP_011411222.1	28.000	50	35	1	312	361	402	450	3.5	26.9
MRSS_00676	WP_011412109.1	29.787	47	31	1	199	243	2	48	3.5	26.6
MRSS_00676	WP_011410723.1	29.730	37	23	1	328	361	111	147	4.3	26.6
MRSS_00676	WP_041866627.1	39.286	28	17	0	656	683	77	104	5.7	25.8
MRSS_00676	WP_011410764.1	28.866	97	61	4	402	492	26	120	5.8	26.2
MRSS_00676	WP_011411948.1	27.778	54	33	1	593	646	151	198	6.3	26.2
MRSS_00676	WP_050747476.1	24.444	90	54	2	373	462	4	79	8.0	24.6
MRSS_00677	WP_011409866.1	91.164	464	41	0	74	537	1	464	0.0	873
MRSS_00677	WP_041867090.1	23.377	231	156	6	207	433	27	240	1.66e-09	54.7
MRSS_00677	WP_011411319.1	26.761	213	118	12	237	416	229	436	0.13	31.2
MRSS_00677	WP_011411427.1	22.556	133	95	3	331	456	241	372	0.34	29.6
MRSS_00677	WP_041866643.1	39.130	46	26	2	212	257	577	620	0.79	28.5
MRSS_00677	WP_011410499.1	28.378	74	34	2	9	63	158	231	0.84	28.1
MRSS_00677	WP_011411308.1	28.846	52	35	1	178	227	117	168	0.84	28.5
MRSS_00677	WP_011411091.1	26.744	86	51	1	226	311	46	119	1.6	27.3
MRSS_00677	WP_041866677.1	28.070	114	64	6	161	262	16	123	3.7	26.2
MRSS_00677	WP_011410880.1	24.219	128	60	5	319	412	290	414	7.0	25.4
MRSS_00678	WP_011409867.1	89.702	369	35	1	1	369	1	366	0.0	668
MRSS_00678	WP_011412144.1	36.842	38	21	1	303	340	426	460	0.55	28.5
MRSS_00678	WP_011410072.1	32.653	49	30	2	235	282	70	116	0.85	27.3
MRSS_00678	WP_011412128.1	43.333	30	16	1	95	123	408	437	1.3	27.3
MRSS_00678	WP_011410207.1	46.154	26	13	1	175	200	104	128	1.7	26.6
MRSS_00678	WP_243466189.1	36.364	33	21	0	306	338	344	376	10.0	24.3
MRSS_00679	WP_011409963.1	40.777	103	45	4	2	90	151	251	5.80e-12	56.6
MRSS_00679	WP_011410631.1	36.449	107	44	4	2	90	143	243	6.91e-12	56.6
MRSS_00679	WP_083764717.1	45.070	71	28	2	26	90	84	149	3.03e-11	53.9
MRSS_00679	WP_011410900.1	39.806	103	46	4	2	90	151	251	7.31e-11	53.5
MRSS_00679	WP_011411000.1	36.449	107	44	4	2	90	151	251	1.32e-10	52.8
MRSS_00679	WP_011410636.1	39.806	103	46	4	2	90	151	251	1.68e-10	52.8
MRSS_00679	WP_011412178.1	37.864	103	48	4	2	90	151	251	1.45e-08	47.0
MRSS_00679	WP_011410889.1	55.556	27	12	0	7	33	116	142	0.002	32.3
MRSS_00679	WP_041866784.1	26.829	41	29	1	33	73	55	94	3.3	23.1
MRSS_00679	WP_011410834.1	35.294	34	18	2	67	98	32	63	3.4	23.1
MRSS_00679	WP_041866623.1	53.846	13	6	0	88	100	89	101	3.5	22.7
MRSS_00679	WP_148203408.1	28.846	52	32	2	45	91	58	109	4.1	22.7
MRSS_00679	WP_011410711.1	43.750	32	14	2	14	41	414	445	4.5	22.7
MRSS_00679	WP_158302414.1	44.444	27	14	1	22	47	115	141	6.3	22.3
MRSS_00680	WP_011409868.1	57.895	76	32	0	41	116	263	338	2.77e-22	85.9
MRSS_00680	WP_011409868.1	40.000	40	10	1	2	27	46	85	0.11	27.7
MRSS_00680	WP_011412181.1	42.424	33	19	0	57	89	10	42	1.4	24.6
MRSS_00680	WP_011409985.1	32.075	53	30	1	66	112	124	176	2.4	23.9
MRSS_00680	WP_424141178.1	26.866	67	46	1	17	80	899	965	5.3	23.1
MRSS_00680	WP_011410669.1	22.727	44	34	0	43	86	161	204	5.6	22.7
MRSS_00680	WP_041867161.1	41.379	29	16	1	75	103	47	74	5.8	22.7
MRSS_00680	WP_243466338.1	29.091	55	37	1	56	110	167	219	6.2	22.7
MRSS_00680	WP_011411852.1	50.000	16	8	0	65	80	713	728	8.4	22.3
MRSS_00680	WP_011411365.1	33.333	27	18	0	6	32	548	574	8.8	22.3
MRSS_00681	WP_011409869.1	91.045	804	72	0	1	804	1	804	0.0	1497
MRSS_00681	WP_011410134.1	40.395	557	308	11	3	551	4	544	4.92e-125	385
MRSS_00681	WP_011410134.1	49.296	71	25	3	736	799	561	627	1.48e-09	57.4
MRSS_00681	WP_011410084.1	28.846	104	56	5	32	131	395	484	0.013	35.0
MRSS_00681	WP_011412154.1	23.529	136	88	3	110	245	680	799	2.1	28.1
MRSS_00681	WP_011410116.1	26.882	93	56	4	597	686	1	84	2.7	27.3
MRSS_00681	WP_011411733.1	31.667	60	38	2	514	572	117	174	3.9	26.9
MRSS_00681	WP_148203520.1	28.571	42	30	0	375	416	4	45	6.1	24.6
MRSS_00681	WP_011410283.1	30.120	83	45	3	22	91	169	251	8.3	26.2
MRSS_00682	WP_011411749.1	91.948	385	30	1	1	384	1	385	0.0	739
MRSS_00682	WP_011410612.1	24.224	161	96	3	152	287	135	294	0.007	34.7
MRSS_00682	WP_011410121.1	29.333	75	45	2	248	315	106	179	0.40	28.9
MRSS_00682	WP_050747364.1	48.276	29	15	0	362	390	21	49	0.76	26.6
MRSS_00682	WP_011411237.1	32.558	43	27	1	94	136	110	150	1.5	26.6
MRSS_00682	WP_011410495.1	42.424	33	11	2	348	372	438	470	3.0	26.2
MRSS_00682	WP_011411678.1	31.579	38	19	1	172	209	1	31	3.1	25.0
MRSS_00682	WP_011410316.1	29.730	37	26	0	253	289	599	635	3.2	26.2
MRSS_00682	WP_011411089.1	36.364	22	14	0	277	298	102	123	4.4	25.0
MRSS_00682	WP_011411297.1	30.000	50	35	0	16	65	452	501	5.9	25.4
MRSS_00683	WP_011410887.1	89.708	583	60	0	6	588	1	583	0.0	1083
MRSS_00683	WP_011410536.1	35.526	76	42	2	438	513	676	744	3.40e-05	42.7
MRSS_00683	WP_011410262.1	30.769	78	52	1	410	485	339	416	0.026	33.5
MRSS_00683	WP_011411226.1	22.024	168	107	7	306	469	53	200	0.40	29.6
MRSS_00683	WP_011411856.1	26.250	80	51	3	45	116	99	178	1.7	26.9
MRSS_00683	WP_041866917.1	28.571	63	40	2	147	208	11	69	1.8	25.4
MRSS_00683	WP_041866888.1	42.424	33	19	0	284	316	240	272	4.0	26.2
MRSS_00683	WP_011410810.1	41.667	24	14	0	351	374	269	292	4.0	26.2
MRSS_00683	WP_011411672.1	38.889	54	27	3	164	215	187	236	6.6	25.4
MRSS_00683	WP_011411107.1	28.571	77	43	2	315	379	36	112	7.5	24.6
MRSS_00683	WP_011412193.1	29.412	34	24	0	78	111	37	70	7.5	24.3
MRSS_00684	WP_011410886.1	91.860	172	14	0	1	172	1	172	1.42e-110	308
MRSS_00684	WP_011411663.1	27.559	127	76	5	35	153	24	142	8.21e-06	40.0
MRSS_00684	WP_011410881.1	53.846	26	12	0	82	107	146	171	0.27	27.7
MRSS_00684	WP_011411024.1	30.000	40	28	0	14	53	632	671	4.4	24.3
MRSS_00684	WP_083764917.1	28.788	66	45	2	91	154	282	347	7.5	23.5
MRSS_00684	WP_011410143.1	50.000	14	7	0	73	86	286	299	8.1	23.1
MRSS_00684	WP_279379442.1	30.303	33	23	0	32	64	224	256	8.1	23.1
MRSS_00684	WP_011411596.1	42.857	21	12	0	5	25	56	76	8.3	23.1
MRSS_00684	WP_011412035.1	50.000	16	8	0	91	106	345	360	8.6	23.1
MRSS_00684	WP_011410507.1	44.000	25	14	0	139	163	44	68	9.2	22.3
MRSS_00684	WP_011410355.1	36.170	47	21	1	134	171	763	809	9.4	23.1
MRSS_00685	WP_011410514.1	34.286	35	23	0	14	48	133	167	0.41	23.9
MRSS_00685	WP_011410536.1	35.897	39	15	3	19	52	279	312	0.51	23.5
MRSS_00685	WP_198408757.1	42.857	21	12	0	18	38	5	25	1.9	21.6
MRSS_00685	WP_011411790.1	38.462	26	16	0	14	39	614	639	2.3	21.9
MRSS_00685	WP_148203507.1	34.375	32	21	0	13	44	83	114	2.4	21.6
MRSS_00685	WP_011410632.1	41.935	31	18	0	3	33	526	556	6.3	20.8
MRSS_00685	WP_041867263.1	45.000	20	5	1	29	42	277	296	7.8	20.4
MRSS_00685	WP_041866874.1	30.556	36	16	1	13	39	121	156	10.0	20.0
MRSS_00686	WP_011410745.1	89.767	430	44	0	1	430	1	430	0.0	808
MRSS_00686	WP_011411651.1	22.930	157	110	5	189	343	65	212	0.013	33.9
MRSS_00686	WP_011411983.1	33.333	84	42	3	14	92	5	79	0.053	29.6
MRSS_00686	WP_011411239.1	23.932	117	78	4	172	287	273	379	0.12	30.8
MRSS_00686	WP_011412081.1	40.000	30	18	0	1	30	95	124	1.6	26.2
MRSS_00686	WP_011410912.1	23.913	46	28	1	164	202	41	86	2.2	26.9
MRSS_00686	WP_011410587.1	27.692	65	47	0	238	302	342	406	2.8	26.6
MRSS_00686	WP_011410887.1	52.174	23	11	0	374	396	133	155	3.3	26.2
MRSS_00686	WP_011410694.1	40.000	25	15	0	3	27	129	153	5.3	25.4
MRSS_00686	WP_148203338.1	25.225	111	70	4	237	345	141	240	5.9	25.0
MRSS_00686	WP_011410140.1	34.211	38	19	1	221	252	310	347	6.6	25.0
MRSS_00687	WP_011410478.1	82.988	482	78	1	1	482	1	478	0.0	762
MRSS_00687	WP_011410077.1	54.449	472	184	4	10	478	9	452	2.06e-164	469
MRSS_00687	WP_011410076.1	40.909	286	157	7	113	392	74	353	5.53e-58	192
MRSS_00687	WP_011411667.1	32.857	70	44	2	322	391	226	292	2.55e-05	42.7
MRSS_00687	WP_050747641.1	22.297	148	98	5	321	458	27	167	0.37	29.3
MRSS_00687	WP_011411307.1	24.667	150	88	7	230	365	17	155	1.1	27.7
MRSS_00687	WP_243466256.1	50.000	28	13	1	318	345	34	60	1.3	27.3
MRSS_00687	WP_050747912.1	38.636	44	24	2	432	472	72	115	2.0	26.2
MRSS_00687	WP_011410867.1	35.417	48	25	2	436	481	170	213	2.6	26.6
MRSS_00687	WP_011410457.1	52.000	25	11	1	193	217	31	54	3.5	26.2
MRSS_00687	WP_011410864.1	34.043	47	23	2	221	261	1334	1378	3.8	26.2
MRSS_00687	WP_011410841.1	28.125	96	61	3	384	479	60	147	8.6	25.0
MRSS_00687	WP_041867727.1	31.429	35	24	0	408	442	4	38	8.9	23.1
MRSS_00687	WP_011411539.1	34.615	26	17	0	314	339	589	614	9.2	25.0
MRSS_00688	WP_011411573.1	34.956	226	140	1	119	337	238	463	7.25e-32	121
MRSS_00688	WP_011411573.1	34.444	90	53	4	1	90	2	85	3.58e-04	38.5
MRSS_00688	WP_011410749.1	35.714	42	26	1	128	168	148	189	0.52	28.5
MRSS_00688	WP_011411404.1	25.926	108	72	3	25	125	37	143	1.3	27.3
MRSS_00688	WP_011410559.1	26.471	68	46	2	197	264	86	149	1.7	26.2
MRSS_00688	WP_011411170.1	26.316	76	46	2	68	133	93	168	2.1	26.2
MRSS_00688	WP_011279205.1	26.471	34	25	0	3	36	47	80	6.9	23.9
MRSS_00688	WP_011412087.1	27.160	81	48	3	113	186	105	181	8.9	23.9
MRSS_00689	WP_011410740.1	88.509	322	37	0	1	322	1	322	0.0	594
MRSS_00689	WP_011409933.1	25.871	201	112	9	100	286	126	303	2.15e-07	48.1
MRSS_00689	WP_198408723.1	21.143	175	117	5	130	299	18	176	0.002	35.4
MRSS_00689	WP_011410442.1	42.857	35	20	0	1	35	1	35	0.011	33.5
MRSS_00689	WP_011410442.1	20.395	152	99	7	147	288	176	315	2.8	25.8
MRSS_00689	WP_011411620.1	29.545	44	24	2	40	78	68	109	2.0	25.4
MRSS_00689	WP_011412211.1	32.609	46	30	1	6	50	6	51	3.4	25.8
MRSS_00689	WP_011410933.1	40.000	25	15	0	149	173	173	197	3.4	25.4
MRSS_00689	WP_011410470.1	33.333	45	28	1	126	170	15	57	4.5	24.6
MRSS_00689	WP_011411560.1	25.758	66	47	1	64	127	114	179	5.5	25.0
MRSS_00689	WP_011410858.1	43.750	16	9	0	133	148	8	23	6.2	22.7
MRSS_00689	WP_011409999.1	37.778	45	25	2	28	70	494	537	8.7	24.3
MRSS_00689	WP_011411649.1	25.641	39	27	1	260	298	57	93	8.9	23.9
MRSS_00689	WP_011410410.1	31.579	38	22	2	154	187	236	273	9.7	24.3
MRSS_00690	WP_011410928.1	90.435	115	11	0	94	208	1	115	2.16e-72	211
MRSS_00690	WP_011411485.1	28.395	81	50	2	87	159	208	288	3.7	24.6
MRSS_00690	WP_011411228.1	33.333	42	26	1	51	90	445	486	5.0	24.3
MRSS_00690	WP_050747572.1	46.667	30	16	0	138	167	156	185	5.3	23.9
MRSS_00690	WP_041866633.1	29.730	37	26	0	117	153	66	102	7.9	23.5
MRSS_00690	WP_011410230.1	47.368	19	10	0	14	32	225	243	9.1	23.1
MRSS_00690	WP_041866734.1	53.333	15	7	0	41	55	35	49	10.0	23.1
MRSS_00691	WP_011410930.1	74.359	195	49	1	1	194	1	195	2.91e-96	274
MRSS_00691	WP_011411953.1	47.619	21	11	0	77	97	124	144	1.2	25.8
MRSS_00691	WP_011411946.1	27.273	77	44	3	64	137	229	296	2.1	25.4
MRSS_00691	WP_011411315.1	57.895	19	8	0	124	142	141	159	4.5	24.3
MRSS_00691	WP_050747581.1	36.364	33	20	1	33	64	16	48	4.7	24.3
MRSS_00691	WP_041867331.1	38.095	21	13	0	7	27	17	37	4.8	24.3
MRSS_00691	WP_011411198.1	29.310	58	36	2	113	166	100	156	5.0	24.3
MRSS_00692	WP_011410931.1	79.927	274	55	0	1	274	12	285	2.58e-157	436
MRSS_00692	WP_148203452.1	53.333	15	7	0	249	263	52	66	0.67	26.2
MRSS_00692	WP_148203588.1	38.462	26	16	0	44	69	2	27	1.2	25.4
MRSS_00692	WP_011411611.1	28.571	84	44	2	189	256	65	148	2.9	25.4
MRSS_00692	WP_011411826.1	35.714	56	34	2	188	241	154	209	3.3	25.4
MRSS_00692	WP_011412006.1	44.000	25	14	0	214	238	21	45	3.4	25.0
MRSS_00692	WP_011410069.1	55.000	20	9	0	255	274	97	116	4.8	24.6
MRSS_00692	WP_041867263.1	28.571	98	61	4	162	256	198	289	6.2	24.3
MRSS_00692	WP_011410137.1	46.667	15	8	0	157	171	72	86	7.4	23.1
MRSS_00692	WP_198408770.1	28.070	57	36	1	58	114	258	309	9.2	23.9
MRSS_00692	WP_148203508.1	22.917	48	37	0	46	93	40	87	9.7	23.5
MRSS_00693	WP_011410432.1	77.419	62	14	0	1	62	1	62	1.11e-31	101
MRSS_00693	WP_011411566.1	35.000	20	13	0	40	59	47	66	0.90	22.7
MRSS_00693	WP_011411137.1	44.444	18	7	1	27	41	168	185	4.6	21.2
MRSS_00693	WP_050747280.1	40.000	10	6	0	19	28	87	96	5.4	20.8
MRSS_00693	WP_083764685.1	41.176	17	10	0	28	44	69	85	5.4	21.2
MRSS_00693	WP_011411752.1	46.154	13	7	0	6	18	282	294	6.3	20.8
MRSS_00693	WP_148203504.1	30.303	33	20	1	27	56	13	45	9.8	20.0
MRSS_00694	WP_011410434.1	76.500	200	47	0	1	200	1	200	6.26e-108	305
MRSS_00694	WP_011410856.1	65.000	20	7	0	2	21	368	387	0.28	28.1
MRSS_00694	WP_011410864.1	44.000	25	14	0	5	29	29	53	0.46	27.7
MRSS_00694	WP_011410387.1	40.000	35	19	2	1	34	1	34	1.1	25.8
MRSS_00694	WP_011410738.1	30.769	91	56	2	6	89	369	459	1.2	26.2
MRSS_00694	WP_011411279.1	38.889	54	31	2	5	56	37	90	1.4	25.8
MRSS_00694	WP_011409991.1	43.478	23	13	0	4	26	89	111	1.4	25.8
MRSS_00694	WP_011410541.1	58.824	17	7	0	5	21	369	385	5.1	24.3
MRSS_00694	WP_011410196.1	41.667	24	13	1	5	27	30	53	6.1	23.5
MRSS_00694	WP_011410414.1	33.333	48	29	1	99	146	138	182	7.4	23.5
MRSS_00694	WP_011410937.1	37.500	32	19	1	5	36	38	68	9.2	23.1
MRSS_00695	WP_011412023.1	84.038	213	34	0	1	213	1	213	5.15e-135	374
MRSS_00695	WP_011410832.1	33.333	30	20	0	44	73	31	60	0.61	27.3
MRSS_00695	WP_011412077.1	35.714	28	18	0	117	144	19	46	4.4	23.5
MRSS_00695	WP_041867653.1	35.714	28	18	0	176	203	36	63	4.4	23.9
MRSS_00695	WP_011410455.1	23.077	52	39	1	116	166	90	141	4.9	24.3
MRSS_00695	WP_011410538.1	28.455	123	67	5	78	196	404	509	5.0	24.6
MRSS_00695	WP_148203418.1	24.490	49	37	0	173	221	207	255	5.7	24.3
MRSS_00695	WP_011411994.1	30.435	23	16	0	66	88	97	119	6.9	23.5
MRSS_00695	WP_011410563.1	37.500	40	16	1	153	192	529	559	8.3	23.9
MRSS_00695	WP_011410864.1	26.667	30	22	0	48	77	685	714	8.5	23.9
MRSS_00696	WP_011412137.1	90.489	368	35	0	1	368	1	368	0.0	690
MRSS_00696	WP_050747561.1	31.111	45	24	1	46	90	14	51	0.30	27.3
MRSS_00696	WP_011410426.1	26.042	96	47	4	270	363	127	200	1.2	27.3
MRSS_00696	WP_011411080.1	30.233	43	29	1	230	271	142	184	2.3	26.2
MRSS_00696	WP_424141141.1	28.070	57	39	1	35	89	13	69	2.3	24.6
MRSS_00696	WP_243466234.1	29.412	51	36	0	53	103	85	135	2.6	26.2
MRSS_00696	WP_011410504.1	40.000	30	18	0	185	214	91	120	2.8	26.2
MRSS_00696	WP_011410754.1	33.333	33	22	0	96	128	311	343	2.8	26.2
MRSS_00696	WP_041866610.1	28.767	73	40	3	182	253	21	82	3.3	24.6
MRSS_00696	WP_011411744.1	31.250	32	15	1	216	240	98	129	7.6	24.6
MRSS_00696	WP_041866795.1	50.000	22	9	1	269	288	380	401	8.5	24.6
MRSS_00697	WP_011409982.1	86.695	233	31	0	1	233	1	233	4.57e-154	424
MRSS_00697	WP_011410489.1	27.660	47	33	1	77	122	429	475	2.3	25.4
MRSS_00697	WP_011410877.1	41.379	29	16	1	173	200	437	465	2.9	25.4
MRSS_00697	WP_011411390.1	34.375	32	21	0	77	108	53	84	2.9	25.0
MRSS_00697	WP_011411994.1	29.167	48	33	1	26	72	86	133	4.9	23.9
MRSS_00697	WP_011410355.1	35.135	37	23	1	138	173	177	213	5.6	24.3
MRSS_00697	WP_041866900.1	23.810	42	32	0	97	138	28	69	8.7	22.7
MRSS_00697	WP_011411846.1	53.846	13	6	0	165	177	51	63	8.9	22.3
MRSS_00698	WP_011409981.1	90.688	494	46	0	1	494	1	494	0.0	949
MRSS_00698	WP_041866832.1	37.500	32	20	0	6	37	1	32	0.83	26.2
MRSS_00698	WP_011412112.1	44.118	34	18	1	225	257	249	282	2.9	26.6
MRSS_00698	WP_050747455.1	33.929	56	25	2	51	94	39	94	3.9	25.0
MRSS_00698	WP_011410582.1	38.462	39	20	1	29	67	18	52	4.3	26.2
MRSS_00698	WP_006687266.1	40.000	30	18	0	77	106	60	89	4.6	25.8
MRSS_00698	WP_011412203.1	44.444	27	15	0	38	64	9	35	4.9	25.8
MRSS_00698	WP_050747682.1	32.203	59	28	2	54	100	47	105	5.5	24.6
MRSS_00698	WP_011411789.1	25.532	47	35	0	303	349	158	204	8.1	25.0
MRSS_00698	WP_011411260.1	28.571	35	25	0	58	92	16	50	9.5	23.9
MRSS_00699	WP_011409978.1	53.968	63	29	0	3	65	99	161	5.69e-16	66.6
MRSS_00699	WP_011411285.1	42.857	28	16	0	62	89	374	401	2.0	23.5
MRSS_00699	WP_011410669.1	28.889	45	32	0	24	68	48	92	4.8	22.3
MRSS_00700	WP_011409976.1	85.787	197	28	0	1	197	348	544	8.12e-121	349
MRSS_00700	WP_041867135.1	28.571	49	35	0	130	178	36	84	0.16	27.3
MRSS_00700	WP_011410411.1	37.037	27	17	0	118	144	20	46	0.56	26.9
MRSS_00700	WP_279379442.1	25.806	62	40	2	34	92	235	293	1.1	26.2
MRSS_00700	WP_011410699.1	26.087	92	49	3	29	120	6	78	1.3	25.4
MRSS_00700	WP_011410067.1	25.000	48	36	0	23	70	3	50	2.7	24.6
MRSS_00700	WP_011411859.1	32.558	43	28	1	81	122	89	131	3.5	24.3
MRSS_00700	WP_050747573.1	25.806	31	23	0	71	101	8	38	4.5	23.1
MRSS_00700	WP_243466130.1	28.571	63	38	2	126	181	8	70	4.5	23.1
MRSS_00700	WP_011410594.1	29.545	44	31	0	147	190	48	91	8.1	23.5
MRSS_00700	WP_041866798.1	43.478	23	13	0	81	103	12	34	9.3	22.3
MRSS_00701	WP_011409976.1	89.753	283	29	0	1	283	1	283	0.0	515
MRSS_00701	WP_041866854.1	33.333	45	25	1	216	255	6	50	1.5	25.4
MRSS_00701	WP_041866792.1	25.455	55	35	1	235	289	3	51	4.7	24.3
MRSS_00701	WP_011411027.1	25.287	87	57	3	104	185	93	176	8.3	24.3
MRSS_00701	WP_011411775.1	18.000	100	67	1	156	255	54	138	9.4	23.5
MRSS_00702	WP_011409974.1	85.065	154	23	0	1	154	1	154	5.09e-96	274
MRSS_00702	WP_011412039.1	45.000	40	19	2	106	142	133	172	0.53	26.6
MRSS_00702	WP_011412060.1	31.250	48	32	1	74	120	7	54	0.69	26.2
MRSS_00702	WP_424141186.1	40.000	20	12	0	40	59	147	166	1.2	25.4
MRSS_00702	WP_011410019.1	45.455	33	16	1	55	85	601	633	1.4	25.4
MRSS_00702	WP_011411249.1	28.333	60	40	2	51	110	619	675	1.6	25.0
MRSS_00702	WP_011411172.1	30.233	43	30	0	87	129	49	91	4.0	23.9
MRSS_00702	WP_011410016.1	31.707	41	27	1	59	99	230	269	4.2	23.9
MRSS_00702	WP_011410680.1	37.500	40	20	1	107	146	97	131	4.3	23.9
MRSS_00702	WP_158302422.1	52.174	23	9	1	109	131	315	335	4.3	23.9
MRSS_00702	WP_011410425.1	30.769	39	21	1	68	100	208	246	5.5	23.5
MRSS_00702	WP_011410661.1	27.586	58	37	1	40	97	12	64	5.6	23.1
MRSS_00702	WP_011410452.1	24.359	78	53	3	66	138	79	155	5.7	23.5
MRSS_00703	WP_011409973.1	84.837	521	79	0	4	524	1	521	0.0	893
MRSS_00703	WP_011411103.1	33.333	45	30	0	36	80	8	52	2.1	25.0
MRSS_00703	WP_011410599.1	50.000	16	8	0	239	254	27	42	3.1	26.2
MRSS_00704	WP_011410267.1	24.590	61	45	1	1	61	396	455	2.5	22.7
MRSS_00704	WP_198408746.1	28.571	35	25	0	30	64	104	138	2.6	22.3
MRSS_00704	WP_011409899.1	27.027	37	21	1	23	53	204	240	5.8	21.6
MRSS_00704	WP_148203570.1	47.368	19	10	0	18	36	34	52	9.4	20.8
MRSS_00705	WP_011412020.1	85.396	404	59	0	1	404	1	404	0.0	698
MRSS_00705	WP_011411524.1	45.714	35	19	0	200	234	56	90	0.99	27.7
MRSS_00705	WP_011410282.1	29.851	67	42	2	16	82	109	170	3.5	25.8
MRSS_00705	WP_011410440.1	40.000	25	15	0	361	385	219	243	7.0	25.0
MRSS_00705	WP_011410517.1	41.379	29	17	0	130	158	30	58	8.4	24.6
MRSS_00705	WP_050747904.1	30.612	49	28	1	328	370	65	113	9.3	24.3
MRSS_00706	WP_041867250.1	91.447	152	13	0	1	152	1	152	5.18e-102	285
MRSS_00706	WP_011410835.1	27.381	84	59	2	39	122	79	160	0.014	30.8
MRSS_00706	WP_050747569.1	34.783	23	15	0	87	109	48	70	1.3	24.3
MRSS_00706	WP_050747399.1	34.783	23	15	0	87	109	111	133	3.5	23.5
MRSS_00706	WP_011410923.1	77.778	9	2	0	102	110	181	189	4.7	23.5
MRSS_00706	WP_011411253.1	39.130	23	14	0	101	123	60	82	5.0	23.5
MRSS_00706	WP_011412148.1	40.741	27	11	1	89	115	15	36	6.9	23.1
MRSS_00706	WP_041867430.1	30.952	42	27	1	31	70	21	62	8.0	22.3
MRSS_00706	WP_011410819.1	60.000	15	6	0	44	58	126	140	9.8	22.7
MRSS_00707	WP_011410266.1	37.500	40	19	2	7	40	19	58	2.5	21.9
MRSS_00707	WP_011411753.1	40.000	15	9	0	32	46	34	48	2.8	21.6
MRSS_00707	WP_011410702.1	53.333	15	7	0	42	56	79	93	3.3	21.6
MRSS_00707	WP_011411881.1	33.333	24	16	0	18	41	73	96	6.1	20.8
MRSS_00707	WP_011410414.1	38.095	21	13	0	26	46	1	21	6.9	20.8
MRSS_00707	WP_011411130.1	46.667	15	8	0	37	51	19	33	9.2	20.4
MRSS_00708	WP_011411740.1	88.940	217	24	0	1	217	1	217	1.04e-134	374
MRSS_00708	WP_041867359.1	54.167	24	10	1	138	160	1	24	0.32	27.3
MRSS_00708	WP_011410860.1	41.667	36	20	1	50	84	137	172	1.9	25.4
MRSS_00708	WP_011410174.1	40.000	30	16	1	12	39	900	929	8.2	23.9
MRSS_00708	WP_011411170.1	31.507	73	42	3	137	208	26	91	9.0	23.5
MRSS_00709	WP_011410206.1	45.455	33	18	0	20	52	642	674	0.14	25.0
MRSS_00709	WP_011411728.1	50.000	20	10	0	22	41	5	24	1.1	22.7
MRSS_00709	WP_011410668.1	33.333	36	22	1	2	35	149	184	2.8	21.6
MRSS_00709	WP_011412020.1	50.000	18	9	0	17	34	63	80	4.0	21.2
MRSS_00709	WP_011412245.1	30.769	26	18	0	22	47	70	95	5.1	20.8
MRSS_00709	WP_041867016.1	66.667	9	3	0	46	54	11	19	5.5	20.8
MRSS_00709	WP_050747263.1	31.818	22	15	0	31	52	9	30	7.1	20.4
MRSS_00710	WP_011412152.1	68.539	89	27	1	3	90	135	223	2.22e-36	119
MRSS_00710	WP_011410409.1	38.462	39	24	0	44	82	21	59	0.25	26.2
MRSS_00710	WP_158302445.1	35.065	77	39	5	6	73	45	119	0.54	25.0
MRSS_00710	WP_011409999.1	35.000	20	13	0	42	61	713	732	1.5	24.3
MRSS_00710	WP_011410363.1	37.037	27	16	1	50	76	57	82	4.5	22.7
MRSS_00710	WP_011410568.1	30.233	43	30	0	2	44	271	313	4.9	22.7
MRSS_00710	WP_011412149.1	50.000	20	7	1	19	35	73	92	5.0	22.7
MRSS_00710	WP_041866716.1	28.205	39	24	1	48	82	13	51	6.4	21.6
MRSS_00710	WP_011411021.1	42.308	26	12	1	23	45	619	644	7.0	22.3
MRSS_00710	WP_011410245.1	58.333	12	5	0	21	32	232	243	8.0	21.9
MRSS_00710	WP_148203496.1	21.053	38	27	1	2	36	1	38	8.8	20.8
MRSS_00710	WP_011410816.1	29.545	44	26	1	42	85	19	57	9.7	21.6
MRSS_00711	WP_011412153.1	87.591	274	34	0	1	274	1	274	0.0	507
MRSS_00711	WP_011412197.1	36.170	47	23	2	131	170	202	248	0.081	30.4
MRSS_00711	WP_050747823.1	33.962	53	35	0	208	260	8	60	0.52	27.3
MRSS_00711	WP_011410485.1	36.170	47	29	1	145	191	431	476	0.91	26.9
MRSS_00711	WP_011410494.1	27.778	36	26	0	104	139	32	67	1.1	26.6
MRSS_00711	WP_011410678.1	33.962	53	32	1	132	184	74	123	2.5	25.8
MRSS_00711	WP_011411317.1	24.771	109	78	3	79	184	130	237	4.1	25.0
MRSS_00711	WP_011412092.1	30.667	75	35	2	146	220	454	511	4.2	25.0
MRSS_00711	WP_011410283.1	31.667	60	41	0	100	159	941	1000	4.5	25.0
MRSS_00711	WP_011412119.1	37.209	43	27	0	44	86	32	74	5.1	25.0
MRSS_00711	WP_011411907.1	21.429	112	81	3	48	157	52	158	6.0	24.3
MRSS_00712	WP_011412154.1	70.748	147	43	0	1	147	704	850	8.39e-67	213
MRSS_00712	WP_011412186.1	28.889	45	29	1	31	75	228	269	1.4	25.0
MRSS_00712	WP_011410363.1	21.569	51	32	1	53	103	225	267	2.1	24.6
MRSS_00712	WP_011409869.1	37.931	29	18	0	49	77	198	226	2.5	24.6
MRSS_00712	WP_011410316.1	47.619	21	11	0	90	110	602	622	5.0	23.5
MRSS_00712	WP_011410203.1	26.829	41	25	1	98	133	52	92	5.5	23.5
MRSS_00712	WP_011410659.1	31.707	41	22	1	1	35	89	129	9.1	22.7
MRSS_00712	WP_011411580.1	66.667	15	5	0	22	36	156	170	9.1	22.7
MRSS_00713	WP_011412154.1	79.592	147	30	0	34	180	359	505	1.05e-77	244
MRSS_00713	WP_011411307.1	29.545	44	31	0	43	86	146	189	1.3	25.8
MRSS_00713	WP_011411687.1	34.286	35	22	1	26	60	130	163	2.0	25.0
MRSS_00713	WP_050747963.1	26.882	93	54	5	10	102	3	81	2.2	25.0
MRSS_00713	WP_011410740.1	42.308	26	15	0	27	52	210	235	3.9	24.3
MRSS_00713	WP_050747934.1	30.769	52	30	1	87	132	443	494	5.4	23.9
MRSS_00713	WP_011411099.1	33.333	24	16	0	45	68	49	72	7.1	23.5
MRSS_00713	WP_011410372.1	35.714	28	18	0	22	49	52	79	8.9	23.1
MRSS_00714	WP_011412064.1	32.653	49	30	2	2	49	217	263	0.42	23.9
MRSS_00715	WP_041867717.1	62.500	40	15	0	1	40	23	62	6.76e-11	50.8
MRSS_00715	WP_011410630.1	60.000	15	6	0	17	31	129	143	0.78	22.3
MRSS_00715	WP_011410355.1	34.375	32	20	1	13	43	751	782	1.3	21.9
MRSS_00715	WP_011412211.1	35.484	31	20	0	3	33	510	540	1.6	21.6
MRSS_00715	WP_011410655.1	42.857	21	12	0	2	22	31	51	3.1	20.8
MRSS_00715	WP_011410060.1	24.242	33	25	0	10	42	211	243	3.1	20.8
MRSS_00715	WP_083764714.1	58.333	12	5	0	29	40	32	43	5.9	20.0
MRSS_00715	WP_011410509.1	36.364	33	17	1	10	42	68	96	6.6	20.0
MRSS_00715	WP_011410862.1	40.909	22	11	1	1	20	382	403	6.9	20.0
MRSS_00715	WP_011410511.1	41.026	39	12	2	8	36	350	387	8.0	19.6
MRSS_00715	WP_011411939.1	34.783	23	15	0	4	26	113	135	8.3	19.6
MRSS_00715	WP_011412124.1	45.000	20	11	0	23	42	96	115	8.4	19.6
MRSS_00715	WP_083764973.1	43.750	16	9	0	24	39	32	47	10.0	19.2
MRSS_00716	WP_083765040.1	76.049	405	97	0	1	405	1	405	0.0	542
MRSS_00716	WP_011410933.1	31.034	58	37	1	94	151	52	106	3.1	26.2
MRSS_00716	WP_424141189.1	37.209	43	26	1	89	130	5	47	4.2	25.0
MRSS_00716	WP_011409881.1	34.783	23	15	0	160	182	156	178	5.5	25.0
MRSS_00716	WP_011411711.1	31.373	51	32	2	129	179	78	125	6.2	25.0
MRSS_00716	WP_243466328.1	62.500	16	6	0	97	112	3	18	8.4	23.1
MRSS_00716	WP_011411445.1	28.261	46	33	0	88	133	62	107	9.4	24.3
MRSS_00717	WP_011411003.1	27.059	85	56	3	38	116	4	88	0.55	28.1
MRSS_00717	WP_011410198.1	35.714	56	34	2	335	388	109	164	1.5	27.3
MRSS_00717	WP_011411582.1	30.208	96	56	3	271	358	95	187	1.7	26.6
MRSS_00717	WP_011410952.1	21.429	182	114	5	201	380	97	251	1.9	26.6
MRSS_00717	WP_341532813.1	31.111	45	27	1	204	244	152	196	3.0	25.8
MRSS_00717	WP_158302321.1	37.209	43	22	1	156	198	54	91	4.8	25.0
MRSS_00717	WP_041866828.1	26.724	116	74	7	147	255	317	428	5.4	25.4
MRSS_00717	WP_011410280.1	35.897	39	21	1	159	197	99	133	5.7	25.4
MRSS_00717	WP_011411232.1	37.500	48	27	2	32	76	27	74	6.4	24.3
MRSS_00717	WP_011411009.1	25.000	56	42	0	375	430	186	241	6.5	25.0
MRSS_00718	WP_011410572.1	56.000	50	22	0	2	51	50	99	1.27e-12	55.8
MRSS_00718	WP_011411579.1	18.182	33	27	0	27	59	27	59	0.17	25.0
MRSS_00718	WP_011409866.1	38.889	18	11	0	11	28	47	64	6.4	20.8
MRSS_00718	WP_011412121.1	44.000	25	10	1	36	56	56	80	7.3	20.8
MRSS_00718	WP_011409970.1	61.538	13	5	0	43	55	72	84	7.4	20.8
MRSS_00718	WP_011410812.1	50.000	18	8	1	36	52	192	209	7.8	20.8
MRSS_00718	WP_041866677.1	40.000	20	12	0	8	27	117	136	8.5	20.4
MRSS_00718	WP_011410084.1	30.952	42	26	2	2	40	411	452	9.5	20.4
MRSS_00719	WP_011279192.1	40.000	30	16	1	5	32	291	320	4.0	20.0
MRSS_00719	WP_011410414.1	34.483	29	19	0	2	30	4	32	5.0	19.6
MRSS_00719	WP_011411398.1	50.000	14	7	0	12	25	296	309	5.1	19.6
MRSS_00719	WP_011410299.1	52.941	17	8	0	11	27	100	116	6.4	19.6
MRSS_00719	WP_162010777.1	41.176	17	10	0	15	31	4	20	8.9	18.9
MRSS_00719	WP_011411613.1	77.778	9	2	0	9	17	15	23	9.2	18.9
MRSS_00719	WP_011411228.1	28.571	35	21	1	4	34	251	285	9.4	18.9
MRSS_00720	WP_011410284.1	36.000	25	16	0	1	25	5	29	0.27	23.9
MRSS_00720	WP_050747673.1	44.000	25	14	0	4	28	45	69	0.81	22.3
MRSS_00720	WP_041866944.1	37.500	24	15	0	11	34	54	77	0.87	22.3
MRSS_00720	WP_011411964.1	30.556	36	25	0	9	44	53	88	1.1	22.3
MRSS_00720	WP_011410235.1	42.105	19	11	0	4	22	11	29	1.7	21.6
MRSS_00720	WP_162010790.1	34.375	32	21	0	5	36	527	558	1.8	21.6
MRSS_00720	WP_050747822.1	35.000	40	22	1	2	41	19	54	3.0	21.2
MRSS_00720	WP_011411553.1	33.333	24	16	0	5	28	275	298	3.7	20.8
MRSS_00720	WP_011411803.1	29.032	31	22	0	15	45	747	777	4.8	20.4
MRSS_00720	WP_148203533.1	37.500	24	15	0	11	34	29	52	5.6	20.4
MRSS_00720	WP_011412058.1	42.105	19	11	0	23	41	2	20	6.5	20.0
MRSS_00720	WP_011410176.1	53.333	15	7	0	8	22	270	284	9.0	19.6
MRSS_00721	WP_011410553.1	87.156	109	14	0	1	109	1	109	1.41e-68	197
MRSS_00721	WP_011409976.1	31.034	58	36	1	35	88	285	342	0.17	26.9
MRSS_00721	WP_011410864.1	27.083	48	31	1	8	51	1206	1253	1.8	24.3
MRSS_00721	WP_041867016.1	34.483	29	15	1	62	86	90	118	2.1	23.5
MRSS_00721	WP_011412107.1	58.824	17	7	0	24	40	1	17	3.3	23.1
MRSS_00721	WP_011411953.1	32.653	49	31	1	21	69	66	112	3.5	23.1
MRSS_00721	WP_011410287.1	21.569	51	40	0	7	57	123	173	5.6	22.7
MRSS_00721	WP_011412142.1	35.000	40	22	1	2	37	212	251	5.7	22.3
MRSS_00721	WP_011410634.1	36.842	19	12	0	89	107	140	158	6.1	22.3
MRSS_00721	WP_242451026.1	42.857	28	16	0	50	77	29	56	7.3	21.6
MRSS_00721	WP_011410902.1	37.778	45	28	0	23	67	248	292	8.1	21.9
MRSS_00721	WP_011410348.1	48.000	25	11	1	76	98	29	53	8.5	21.9
MRSS_00721	WP_243466006.1	28.358	67	42	1	28	88	14	80	9.8	21.2
MRSS_00722	WP_011410552.1	72.951	732	167	4	1	703	5	734	0.0	1026
MRSS_00722	WP_011410926.1	31.724	145	96	1	34	175	24	168	2.53e-17	80.1
MRSS_00722	WP_011410744.1	28.261	230	117	7	2	215	16	213	4.61e-14	71.2
MRSS_00722	WP_011411091.1	28.767	73	48	1	1	69	18	90	0.004	35.8
MRSS_00722	WP_041866643.1	23.529	136	87	3	14	141	570	696	0.37	30.0
MRSS_00722	WP_011410737.1	46.154	26	14	0	36	61	488	513	0.62	29.3
MRSS_00722	WP_011409949.1	23.649	148	85	5	29	157	295	433	1.4	28.1
MRSS_00722	WP_011411449.1	45.161	31	10	1	642	665	159	189	3.0	26.9
MRSS_00722	WP_011411657.1	24.000	100	70	2	361	457	375	471	3.6	26.9
MRSS_00722	WP_148203575.1	40.625	32	13	1	337	368	21	46	4.7	24.3
MRSS_00722	WP_011411981.1	65.000	20	7	0	41	60	57	76	6.4	26.2
MRSS_00722	WP_011412117.1	57.143	21	9	0	41	61	11	31	7.8	25.0
MRSS_00722	WP_083764664.1	46.667	30	16	0	198	227	131	160	9.0	25.0
MRSS_00722	WP_011410535.1	25.000	108	63	3	26	133	106	195	10.0	25.4
MRSS_00723	WP_011410551.1	80.328	183	36	0	1	183	1	183	1.98e-105	296
MRSS_00723	WP_011411555.1	54.167	24	11	0	123	146	127	150	0.024	30.8
MRSS_00723	WP_011412121.1	28.846	52	37	0	16	67	584	635	0.63	26.9
MRSS_00723	WP_011411824.1	34.375	32	21	0	117	148	211	242	0.70	26.6
MRSS_00723	WP_011412124.1	29.310	58	37	1	115	172	78	131	1.8	25.0
MRSS_00723	WP_011410499.1	41.379	29	15	1	86	112	23	51	2.2	25.0
MRSS_00723	WP_011410090.1	31.148	61	37	1	14	74	155	210	2.4	24.6
MRSS_00723	WP_011410924.1	31.481	54	33	1	4	57	74	123	3.2	24.6
MRSS_00723	WP_011409867.1	35.294	51	30	1	132	182	66	113	3.7	24.3
MRSS_00723	WP_011412056.1	30.303	33	23	0	37	69	57	89	3.9	23.9
MRSS_00723	WP_011412066.1	32.692	52	30	2	63	111	35	84	3.9	23.9
MRSS_00723	WP_011411093.1	27.632	76	52	1	66	138	316	391	4.2	24.3
MRSS_00723	WP_011411503.1	33.333	42	28	0	130	171	140	181	5.2	23.9
MRSS_00723	WP_011410164.1	36.364	33	21	0	56	88	445	477	5.4	23.9
MRSS_00723	WP_011410351.1	30.263	76	44	3	108	181	70	138	6.1	23.1
MRSS_00724	WP_011410550.1	67.105	76	25	0	1	76	1	76	4.95e-31	104
MRSS_00724	WP_011410277.1	27.500	40	29	0	28	67	133	172	0.47	25.4
MRSS_00724	WP_011410352.1	22.222	72	49	1	13	77	65	136	0.91	24.6
MRSS_00724	WP_041866715.1	30.952	42	28	1	59	99	42	83	2.6	22.7
MRSS_00724	WP_424141178.1	38.235	34	17	1	6	39	790	819	5.2	22.7
MRSS_00724	WP_011410314.1	28.846	52	35	1	12	61	381	432	5.6	22.3
MRSS_00724	WP_041867280.1	26.866	67	33	2	33	83	147	213	6.9	21.9
MRSS_00724	WP_041866590.1	27.273	77	43	3	13	85	79	146	7.3	21.9
MRSS_00724	WP_243466106.1	35.135	37	21	2	57	92	1	35	8.4	20.8
MRSS_00724	WP_011410852.1	34.615	52	29	3	20	68	262	311	9.0	21.9
MRSS_00725	WP_011411228.1	87.587	862	107	0	1	862	1	862	0.0	1595
MRSS_00725	WP_011411189.1	24.111	647	392	20	5	585	3	616	1.88e-31	127
MRSS_00725	WP_011412055.1	25.373	134	70	5	708	816	15	143	0.004	35.8
MRSS_00725	WP_011412055.1	26.087	138	73	7	596	728	15	128	0.60	28.9
MRSS_00725	WP_011412055.1	27.586	87	47	5	652	730	8	86	1.2	28.1
MRSS_00725	WP_011412055.1	36.667	30	19	0	590	619	58	87	1.7	27.7
MRSS_00725	WP_011411244.1	20.290	69	46	1	544	603	10	78	1.8	26.6
MRSS_00725	WP_011411581.1	36.585	41	26	0	123	163	209	249	1.9	28.1
MRSS_00725	WP_243466035.1	27.778	36	26	0	804	839	1	36	2.0	25.0
MRSS_00725	WP_243466201.1	33.333	39	26	0	355	393	97	135	3.9	26.2
MRSS_00725	WP_011410310.1	33.333	39	25	1	467	505	59	96	6.0	25.0
MRSS_00725	WP_011410487.1	22.667	75	52	1	39	113	53	121	6.8	25.8
MRSS_00725	WP_011411498.1	29.825	57	39	1	502	558	39	94	7.7	25.8
MRSS_00725	WP_011410353.1	25.893	112	74	4	475	581	3	110	8.5	25.8
MRSS_00726	WP_041866930.1	81.481	54	10	0	1	54	401	454	1.85e-23	86.7
MRSS_00726	WP_050747623.1	53.333	15	7	0	21	35	209	223	2.2	21.9
MRSS_00726	WP_011410431.1	35.000	20	13	0	6	25	14	33	5.6	20.8
MRSS_00726	WP_166506616.1	50.000	16	8	0	8	23	10	25	6.8	20.4
MRSS_00726	WP_243466048.1	36.000	25	16	0	18	42	396	420	9.4	20.0
MRSS_00727	WP_011411727.1	85.583	326	47	0	1	326	1	326	0.0	591
MRSS_00727	WP_011411732.1	28.319	113	71	3	30	136	54	162	0.002	35.8
MRSS_00727	WP_011410077.1	42.857	35	20	0	141	175	130	164	1.1	27.3
MRSS_00727	WP_011410371.1	23.377	77	42	3	139	200	147	221	1.5	26.6
MRSS_00727	WP_011412020.1	33.333	39	26	0	222	260	12	50	3.9	25.4
MRSS_00727	WP_011411342.1	28.000	75	39	3	210	275	273	341	6.4	24.6
MRSS_00727	WP_243466118.1	50.000	22	11	0	11	32	18	39	6.7	23.1
MRSS_00727	WP_011411229.1	32.609	46	31	0	214	259	45	90	7.5	24.3
MRSS_00728	WP_011410474.1	36.000	25	16	0	3	27	67	91	1.0	21.6
MRSS_00728	WP_011411800.1	33.333	24	16	0	2	25	427	450	3.0	20.4
MRSS_00728	WP_341532835.1	35.000	20	13	0	8	27	204	223	3.0	20.4
MRSS_00728	WP_041867454.1	63.636	11	4	0	14	24	87	97	3.4	20.4
MRSS_00728	WP_041866677.1	66.667	12	4	0	20	31	53	64	3.8	20.0
MRSS_00728	WP_011411168.1	61.538	13	5	0	1	13	54	66	3.9	20.0
MRSS_00728	WP_173340361.1	40.909	22	13	0	13	34	199	220	5.1	19.6
MRSS_00728	WP_011410188.1	33.333	30	18	1	3	30	40	69	6.2	19.6
MRSS_00728	WP_011410423.1	36.667	30	17	2	1	29	136	164	7.0	19.2
MRSS_00728	WP_011412008.1	34.783	23	15	0	10	32	258	280	7.3	19.2
MRSS_00728	WP_041866776.1	50.000	18	9	0	3	20	108	125	9.4	18.9
MRSS_00728	WP_050747623.1	50.000	14	7	0	18	31	12	25	9.5	18.9
MRSS_00728	WP_011409936.1	40.909	22	13	0	13	34	204	225	9.6	18.9
MRSS_00728	WP_011409866.1	54.545	11	5	0	20	30	123	133	9.7	18.9
MRSS_00729	WP_011411455.1	86.842	114	15	0	1	114	1	114	3.36e-67	204
MRSS_00729	WP_011279188.1	26.667	45	25	1	50	94	77	113	4.3	23.5
MRSS_00729	WP_011410945.1	35.484	31	20	0	14	44	240	270	5.5	23.1
MRSS_00729	WP_148203503.1	41.935	31	14	2	17	43	13	43	5.7	23.1
MRSS_00729	WP_011411365.1	23.958	96	54	3	4	84	283	374	6.5	23.1
MRSS_00730	WP_011411226.1	40.476	42	23	2	26	66	240	280	0.38	26.9
MRSS_00730	WP_011411672.1	27.551	98	54	3	53	146	67	151	0.68	25.8
MRSS_00730	WP_011411092.1	37.838	37	19	1	66	102	219	251	1.5	25.0
MRSS_00730	WP_050747280.1	32.258	31	21	0	13	43	21	51	2.6	23.5
MRSS_00730	WP_011411358.1	30.233	43	29	1	39	81	187	228	3.1	23.9
MRSS_00730	WP_011412000.1	27.848	79	54	2	33	108	272	350	9.4	22.7
MRSS_00730	WP_041866507.1	32.500	40	27	0	63	102	31	70	9.9	21.6
MRSS_00731	WP_011412213.1	36.957	46	29	0	16	61	51	96	5.70e-04	32.0
MRSS_00731	WP_011410353.1	30.909	55	32	2	21	69	38	92	2.7	22.3
MRSS_00731	WP_011411546.1	25.397	63	38	3	11	65	69	130	2.9	21.9
MRSS_00731	WP_011411342.1	26.471	34	25	0	9	42	117	150	4.3	21.6
MRSS_00731	WP_041867110.1	31.579	19	13	0	24	42	23	41	7.1	20.8
MRSS_00731	WP_083764672.1	40.741	27	14	1	33	59	90	114	7.8	21.2
MRSS_00732	WP_011412214.1	89.706	272	28	0	1	272	1	272	1.15e-178	489
MRSS_00732	WP_011412133.1	44.000	50	26	2	134	182	110	158	2.4	25.4
MRSS_00732	WP_011411202.1	24.324	74	55	1	200	272	103	176	7.0	23.9
MRSS_00733	WP_000429386.1	97.468	79	2	0	1	79	1	79	3.36e-48	144
MRSS_00733	WP_011410075.1	29.412	51	29	2	13	58	154	202	1.5	23.5
MRSS_00733	WP_011411074.1	37.838	37	21	1	27	61	61	97	2.3	22.7
MRSS_00734	WP_011412215.1	82.051	156	28	0	1	156	1	156	6.68e-83	237
MRSS_00734	WP_011410752.1	34.884	43	28	0	104	146	259	301	0.39	26.9
MRSS_00734	WP_011410202.1	34.524	84	46	4	67	149	272	347	0.60	26.6
MRSS_00734	WP_011411922.1	57.895	19	8	0	37	55	11	29	3.1	23.9
MRSS_00734	WP_011411622.1	24.691	81	58	2	44	122	1	80	3.6	23.9
MRSS_00734	WP_050747378.1	44.828	29	16	0	58	86	100	128	4.1	23.5
MRSS_00735	WP_011412216.1	77.401	177	40	0	1	177	1	177	9.29e-99	279
MRSS_00735	WP_148203480.1	25.000	88	54	5	94	172	45	129	0.64	25.8
MRSS_00735	WP_011410880.1	34.146	41	27	0	107	147	412	452	1.3	25.8
MRSS_00735	WP_011411273.1	40.000	30	18	0	50	79	285	314	4.3	24.3
MRSS_00735	WP_011411751.1	30.189	53	34	2	98	150	54	103	4.8	23.9
MRSS_00735	WP_011410671.1	42.857	21	12	0	66	86	254	274	5.9	23.5
MRSS_00736	WP_011412217.1	90.448	513	49	0	1	513	1	513	0.0	949
MRSS_00736	WP_011411130.1	23.820	445	317	5	1	441	1	427	1.24e-28	114
MRSS_00736	WP_011412219.1	26.149	348	236	4	62	403	39	371	2.15e-27	111
MRSS_00736	WP_011411900.1	26.205	332	225	5	75	403	64	378	4.60e-24	100
MRSS_00736	WP_011410318.1	24.611	321	220	5	91	406	82	385	1.08e-22	96.7
MRSS_00736	WP_011409915.1	25.000	340	233	6	106	440	118	440	4.23e-22	95.1
MRSS_00736	WP_011412192.1	22.400	125	88	2	151	273	160	277	0.044	32.3
MRSS_00736	WP_011411363.1	26.154	65	47	1	298	361	50	114	3.1	26.2
MRSS_00736	WP_011411969.1	34.211	38	25	0	104	141	60	97	3.3	26.6
MRSS_00736	WP_148203435.1	54.167	24	6	2	287	310	136	154	5.6	25.4
MRSS_00737	WP_011412218.1	89.547	287	30	0	1	287	1	287	0.0	525
MRSS_00737	WP_011410511.1	52.000	25	11	1	123	146	13	37	2.8	25.8
MRSS_00737	WP_011412041.1	30.189	53	35	1	214	264	227	279	2.9	25.4
MRSS_00737	WP_011411958.1	34.615	26	17	0	44	69	337	362	3.1	25.4
MRSS_00737	WP_011410956.1	28.125	32	23	0	184	215	46	77	4.2	25.0
MRSS_00737	WP_041867580.1	22.581	62	46	1	220	281	1	60	7.6	22.7
MRSS_00737	WP_011411932.1	45.000	20	11	0	193	212	303	322	7.7	24.3
MRSS_00737	WP_041866493.1	33.333	27	18	0	101	127	24	50	8.9	22.7
MRSS_00737	WP_011410039.1	50.000	18	9	0	118	135	229	246	9.5	23.9
MRSS_00738	WP_011412219.1	95.000	460	23	0	1	460	1	460	0.0	893
MRSS_00738	WP_011411900.1	29.017	417	272	10	7	411	15	419	7.73e-38	139
MRSS_00738	WP_011411130.1	29.688	320	220	3	58	377	78	392	1.01e-36	136
MRSS_00738	WP_011410318.1	33.225	307	190	6	74	372	84	383	1.10e-36	136
MRSS_00738	WP_011409915.1	32.095	296	189	6	87	377	118	406	8.29e-36	134
MRSS_00738	WP_011412217.1	25.132	378	258	6	52	409	71	443	5.38e-28	112
MRSS_00738	WP_011412192.1	21.687	249	177	4	132	379	160	391	5.57e-06	44.7
MRSS_00738	WP_158302366.1	36.667	30	17	1	17	46	21	48	0.66	25.8
MRSS_00738	WP_011411120.1	41.463	41	21	1	190	230	37	74	0.99	26.9
MRSS_00738	WP_011412040.1	45.161	31	17	0	360	390	259	289	2.9	26.6
MRSS_00738	WP_424141112.1	43.478	23	13	0	170	192	15	37	3.3	23.9
MRSS_00738	WP_011411672.1	53.846	26	11	1	111	136	178	202	3.6	25.8
MRSS_00738	WP_041866776.1	23.529	136	86	4	281	410	281	404	3.6	26.2
MRSS_00738	WP_041867656.1	28.125	32	23	0	354	385	295	326	4.5	25.8
MRSS_00738	WP_148203440.1	32.075	53	30	2	322	372	15	63	5.4	23.9
MRSS_00738	WP_050747838.1	44.828	29	16	0	321	349	78	106	6.0	24.6
MRSS_00738	WP_011412027.1	29.412	51	35	1	260	310	103	152	7.6	24.6
MRSS_00738	WP_011412020.1	38.462	39	20	2	283	317	40	78	8.2	25.0
MRSS_00738	WP_001281697.1	30.769	39	24	1	55	93	18	53	8.3	24.3
MRSS_00738	WP_011411780.1	30.952	42	28	1	260	301	103	143	8.3	24.3
MRSS_00738	WP_011411670.1	24.444	90	62	2	50	135	177	264	8.8	25.0
MRSS_00739	WP_011412220.1	84.783	138	21	0	2	139	3	140	8.03e-84	238
MRSS_00739	WP_148203385.1	31.250	32	22	0	11	42	72	103	0.64	25.4
MRSS_00739	WP_011411224.1	35.294	34	22	0	53	86	160	193	2.5	23.9
MRSS_00739	WP_279379442.1	26.389	72	45	2	23	92	113	178	2.6	24.3
MRSS_00739	WP_011410962.1	42.424	33	18	1	101	132	221	253	5.2	23.1
MRSS_00739	WP_243466054.1	37.500	24	15	0	86	109	32	55	5.6	21.9
MRSS_00739	WP_279379445.1	35.294	34	16	1	24	57	85	112	6.5	22.7
MRSS_00739	WP_011410955.1	35.294	34	22	0	79	112	37	70	6.5	22.7
MRSS_00740	WP_011412221.1	91.485	458	39	0	1	458	1	458	0.0	843
MRSS_00740	WP_011411664.1	26.966	178	97	6	271	442	113	263	1.33e-05	43.1
MRSS_00740	WP_011411664.1	31.343	67	39	1	371	437	109	168	0.039	32.3
MRSS_00740	WP_011411422.1	25.397	252	134	13	1	206	4	247	4.69e-04	38.1
MRSS_00740	WP_011410747.1	25.385	130	67	4	4	104	2	130	0.014	33.5
MRSS_00740	WP_011412051.1	30.534	131	72	7	288	413	18	134	0.060	31.2
MRSS_00740	WP_011412051.1	28.846	52	35	2	271	321	87	137	0.92	27.3
MRSS_00740	WP_011410499.1	45.455	33	18	0	9	41	14	46	0.064	31.2
MRSS_00740	WP_011411995.1	37.143	35	22	0	399	433	196	230	0.21	29.6
MRSS_00740	WP_011410075.1	26.429	140	71	6	308	440	78	192	1.1	27.7
MRSS_00740	WP_011409933.1	28.571	56	37	1	86	141	200	252	9.9	24.6
MRSS_00741	WP_011412222.1	86.393	610	83	0	1	610	1	610	0.0	1075
MRSS_00741	WP_011411441.1	27.602	221	130	8	1	198	1	214	1.40e-12	66.2
MRSS_00741	WP_011410912.1	38.596	57	32	1	201	254	214	270	0.020	34.3
MRSS_00741	WP_011410349.1	25.641	78	50	2	53	126	58	131	0.028	33.1
MRSS_00741	WP_011410328.1	26.786	112	71	5	333	436	139	247	0.24	30.4
MRSS_00741	WP_011410362.1	28.947	76	38	2	272	333	88	161	0.52	28.5
MRSS_00741	WP_041866876.1	32.857	70	45	2	469	536	433	502	1.2	28.1
MRSS_00741	WP_011411028.1	26.829	41	30	0	284	324	38	78	2.5	26.9
MRSS_00741	WP_011410486.1	44.444	27	15	0	343	369	339	365	4.6	26.2
MRSS_00741	WP_011410681.1	26.316	57	42	0	424	480	69	125	5.7	25.4
MRSS_00741	WP_011411134.1	45.000	40	20	1	336	375	130	167	6.2	25.4
MRSS_00741	WP_341532853.1	45.455	22	11	1	248	269	216	236	7.2	25.4
MRSS_00741	WP_050747890.1	30.769	39	27	0	389	427	49	87	7.9	24.3
MRSS_00742	WP_011411198.1	89.095	486	53	0	1	486	1	486	0.0	901
MRSS_00742	WP_011279209.1	22.881	118	85	4	316	432	34	146	0.86	27.7
MRSS_00742	WP_011279209.1	23.684	114	66	3	130	241	41	135	5.4	25.4
MRSS_00742	WP_011411850.1	38.462	26	16	0	386	411	253	278	2.5	26.6
MRSS_00742	WP_011410954.1	34.694	49	29	1	177	225	187	232	3.2	26.2
MRSS_00742	WP_341532815.1	27.660	47	24	1	440	476	121	167	6.4	25.0
MRSS_00742	WP_243466333.1	29.630	27	19	0	177	203	8	34	6.5	23.5
MRSS_00742	WP_148203570.1	28.000	50	36	0	140	189	56	105	7.2	24.6
MRSS_00742	WP_011409972.1	30.435	46	27	1	357	402	144	184	8.0	25.0
MRSS_00742	WP_279379477.1	44.000	25	11	1	17	41	11	32	9.4	22.3
MRSS_00743	WP_011412040.1	90.532	602	57	0	1	602	1	602	0.0	1113
MRSS_00743	WP_011411613.1	27.160	567	336	20	3	530	2	530	1.00e-41	155
MRSS_00743	WP_011412092.1	34.783	207	106	5	6	186	11	214	1.50e-22	98.6
MRSS_00743	WP_011412092.1	29.255	188	120	5	204	390	315	490	1.04e-11	63.9
MRSS_00743	WP_011410255.1	30.047	213	125	4	4	200	12	216	2.86e-18	84.3
MRSS_00743	WP_011409992.1	30.894	246	147	7	7	241	14	247	1.91e-17	80.9
MRSS_00743	WP_011410240.1	33.577	137	75	2	8	144	398	518	4.23e-12	65.5
MRSS_00743	WP_011410495.1	25.097	259	156	8	3	230	25	276	1.06e-07	50.8
MRSS_00743	WP_011411610.1	27.273	132	73	5	8	131	11	127	0.010	34.7
MRSS_00743	WP_011412208.1	32.432	74	43	2	292	358	463	536	0.22	30.4
MRSS_00743	WP_011412233.1	32.051	78	38	3	70	134	266	341	0.31	30.0
MRSS_00743	WP_011410175.1	29.032	93	51	3	179	267	213	294	0.72	28.5
MRSS_00743	WP_011411580.1	22.973	148	89	4	8	147	5	135	1.1	28.1
MRSS_00743	WP_011410280.1	33.898	59	28	2	499	546	44	102	1.1	28.1
MRSS_00743	WP_011411549.1	31.250	48	33	0	321	368	184	231	4.6	26.2
MRSS_00743	WP_011410696.1	34.783	46	28	1	275	320	81	124	4.8	26.2
MRSS_00743	WP_011412087.1	30.303	33	23	0	96	128	118	150	5.6	25.4
MRSS_00743	WP_011412107.1	28.244	131	83	4	415	540	27	151	6.1	25.8
MRSS_00743	WP_011411741.1	25.301	83	53	1	403	476	115	197	8.2	25.4
MRSS_00743	WP_011412219.1	45.161	31	17	0	259	289	360	390	8.3	25.4
MRSS_00743	WP_011409951.1	36.170	47	29	1	151	196	247	293	8.6	25.4
MRSS_00744	WP_011412004.1	85.161	310	46	0	1	310	1	310	0.0	564
MRSS_00744	WP_011411424.1	27.119	236	136	12	3	217	4	224	6.72e-09	52.4
MRSS_00744	WP_011410758.1	24.601	313	180	15	2	267	3	306	5.75e-08	49.7
MRSS_00744	WP_011412187.1	47.059	34	14	2	2	33	4	35	0.050	31.2
MRSS_00744	WP_011411790.1	22.963	135	92	4	93	216	409	542	0.079	30.8
MRSS_00744	WP_083765043.1	23.958	192	105	8	2	173	4	174	0.14	29.3
MRSS_00744	WP_050747817.1	29.268	41	29	0	111	151	78	118	0.52	27.7
MRSS_00744	WP_041867300.1	28.571	56	40	0	1	56	7	62	1.1	26.9
MRSS_00744	WP_041866977.1	26.316	114	52	4	15	128	82	163	1.5	26.6
MRSS_00744	WP_011410494.1	26.389	72	45	3	157	224	143	210	2.3	25.8
MRSS_00744	WP_011411438.1	30.000	40	24	1	2	41	3	38	4.4	25.0
MRSS_00744	WP_011411402.1	42.857	21	12	0	40	60	523	543	5.3	25.0
MRSS_00744	WP_041866880.1	36.000	25	16	0	88	112	21	45	6.0	23.5
MRSS_00745	WP_011412005.1	85.387	349	51	0	1	349	1	349	0.0	614
MRSS_00745	WP_011412012.1	25.080	311	214	8	2	302	14	315	2.04e-13	66.6
MRSS_00745	WP_011412006.1	37.624	101	56	3	193	292	188	282	3.43e-10	56.6
MRSS_00745	WP_011410103.1	32.500	40	27	0	249	288	262	301	0.012	33.5
MRSS_00745	WP_011411346.1	23.529	102	64	2	165	261	76	168	0.36	28.5
MRSS_00745	WP_011412007.1	36.585	41	25	1	266	306	275	314	0.40	28.5
MRSS_00745	WP_243466189.1	36.364	55	29	3	177	225	239	293	0.48	28.5
MRSS_00745	WP_011410255.1	23.636	110	63	4	250	340	104	211	2.4	26.2
MRSS_00745	WP_011410285.1	37.143	35	22	0	283	317	152	186	3.3	25.8
MRSS_00745	WP_050747481.1	28.571	35	25	0	11	45	50	84	3.9	25.0
MRSS_00745	WP_011410815.1	45.455	22	12	0	171	192	5	26	7.7	24.6
MRSS_00745	WP_011410586.1	29.474	95	46	5	22	114	81	156	9.2	24.3
MRSS_00745	WP_011411395.1	36.111	36	21	1	203	236	327	362	9.3	24.3
MRSS_00746	WP_011412006.1	82.555	321	56	0	1	321	1	321	0.0	545
MRSS_00746	WP_011412012.1	22.973	296	205	8	2	280	14	303	3.34e-11	59.7
MRSS_00746	WP_011412005.1	30.189	159	81	6	188	321	193	346	1.05e-09	55.1
MRSS_00746	WP_243466007.1	32.727	55	32	2	240	294	1	50	2.4	25.4
MRSS_00746	WP_011410103.1	24.051	237	135	12	75	286	96	312	2.7	25.8
MRSS_00746	WP_243466288.1	33.846	65	33	3	177	241	161	215	2.8	25.8
MRSS_00746	WP_011410409.1	29.487	78	42	2	78	153	355	421	3.5	25.8
MRSS_00746	WP_011411829.1	28.947	38	27	0	281	318	81	118	8.5	23.9
MRSS_00747	WP_083764717.1	58.537	41	16	1	1	40	137	177	7.89e-11	50.1
MRSS_00747	WP_011411000.1	58.537	41	16	1	1	40	239	279	9.13e-11	50.4
MRSS_00747	WP_011409963.1	58.537	41	16	1	1	40	239	279	9.88e-11	50.1
MRSS_00747	WP_011410900.1	58.537	41	16	1	1	40	239	279	2.23e-10	49.3
MRSS_00747	WP_011410636.1	58.537	41	16	1	1	40	239	279	2.34e-10	49.3
MRSS_00747	WP_011410631.1	53.659	41	18	1	1	40	231	271	3.03e-08	43.1
MRSS_00747	WP_011412178.1	35.000	40	8	1	1	40	239	260	0.064	25.4
MRSS_00748	WP_011411268.1	87.500	424	53	0	1	424	1	424	0.0	780
MRSS_00748	WP_011411701.1	45.946	37	18	2	336	371	46	81	2.8	26.2
MRSS_00748	WP_011412031.1	19.048	84	65	2	263	345	50	131	4.4	25.0
MRSS_00748	WP_011411970.1	30.508	59	32	3	2	56	60	113	5.5	25.4
MRSS_00748	WP_011410816.1	28.947	76	46	2	313	388	313	380	8.1	25.0
MRSS_00749	WP_011412107.1	34.545	55	25	2	148	200	37	82	0.44	28.1
MRSS_00749	WP_041867079.1	28.704	108	62	4	194	286	78	185	0.60	27.3
MRSS_00749	WP_011411111.1	30.435	46	32	0	3	48	79	124	0.79	27.3
MRSS_00749	WP_011411435.1	22.353	85	55	3	59	134	16	98	1.6	26.6
MRSS_00749	WP_011411524.1	38.710	31	19	0	142	172	233	263	1.7	26.2
MRSS_00749	WP_041866860.1	45.833	24	12	1	66	88	43	66	1.7	25.4
MRSS_00749	WP_011410269.1	32.857	70	39	2	45	114	26	87	2.0	26.2
MRSS_00749	WP_011409876.1	41.176	17	10	0	188	204	4	20	4.6	25.0
MRSS_00749	WP_083764838.1	29.032	31	22	0	223	253	58	88	5.0	23.9
MRSS_00749	WP_011410494.1	23.810	63	48	0	145	207	8	70	6.6	24.3
MRSS_00749	WP_011412122.1	32.432	37	24	1	76	111	137	173	9.2	23.9
MRSS_00749	WP_011411846.1	34.375	32	21	0	232	263	29	60	9.4	22.7
MRSS_00750	WP_011412025.1	86.063	287	40	0	1	287	1	287	0.0	502
MRSS_00750	WP_011411515.1	27.143	70	50	1	147	216	63	131	2.6	25.4
MRSS_00750	WP_243466189.1	32.432	37	21	1	188	224	333	365	7.9	24.3
MRSS_00750	WP_011410658.1	25.581	43	32	0	188	230	357	399	8.8	23.9
MRSS_00751	WP_011410116.1	41.935	31	15	1	11	41	181	208	0.80	22.7
MRSS_00751	WP_050747879.1	41.667	24	14	0	6	29	213	236	1.7	21.9
MRSS_00751	WP_041866643.1	36.000	25	16	0	13	37	641	665	7.7	20.0
MRSS_00751	WP_011411666.1	47.368	19	10	0	28	46	506	524	8.8	20.0
MRSS_00751	WP_148203420.1	50.000	16	8	0	2	17	1	16	8.9	19.6
MRSS_00751	WP_158302347.1	30.952	42	23	1	11	46	217	258	9.6	19.6
MRSS_00752	WP_011410087.1	82.090	67	12	0	1	67	99	165	2.70e-35	114
MRSS_00752	WP_011410810.1	29.268	41	29	0	10	50	63	103	1.8	22.7
MRSS_00752	WP_041867001.1	40.000	30	15	1	33	62	35	61	3.9	21.6
MRSS_00752	WP_148203579.1	32.258	31	21	0	32	62	321	351	5.2	21.6
MRSS_00752	WP_011410552.1	37.931	29	14	1	14	38	159	187	5.6	21.2
MRSS_00752	WP_011410852.1	44.444	18	10	0	44	61	209	226	7.8	20.8
MRSS_00752	WP_243466256.1	35.000	20	13	0	2	21	243	262	8.8	20.8
MRSS_00752	WP_011410514.1	39.130	23	14	0	17	39	44	66	9.0	20.8
MRSS_00753	WP_011411675.1	90.909	264	24	0	1	264	1	264	0.0	500
MRSS_00753	WP_011411735.1	23.507	268	161	8	5	249	173	419	1.21e-05	42.4
MRSS_00753	WP_011409983.1	20.792	202	117	7	66	231	212	406	0.16	29.3
MRSS_00753	WP_011411249.1	26.562	64	41	1	4	61	374	437	0.65	27.7
MRSS_00753	WP_011412186.1	21.429	56	44	0	81	136	58	113	2.3	25.8
MRSS_00753	WP_011410787.1	29.412	34	23	1	64	96	291	324	8.1	23.9
MRSS_00753	WP_011411063.1	33.962	53	30	2	168	219	131	179	9.0	23.9
MRSS_00754	WP_011411674.1	92.946	241	17	0	1	241	1	241	6.90e-172	469
MRSS_00754	WP_011279227.1	36.667	60	24	3	112	171	452	497	0.023	32.0
MRSS_00754	WP_011411451.1	32.558	43	28	1	180	221	248	290	0.38	28.1
MRSS_00754	WP_011411990.1	25.974	77	39	3	159	228	96	161	0.64	27.3
MRSS_00754	WP_011409972.1	31.343	67	35	2	164	230	69	124	0.67	26.9
MRSS_00754	WP_011411852.1	22.485	169	109	6	72	231	379	534	1.9	25.8
MRSS_00754	WP_011412131.1	28.767	73	50	1	78	148	123	195	5.6	24.3
MRSS_00754	WP_198408763.1	58.333	12	5	0	90	101	8	19	7.5	23.9
MRSS_00755	WP_011411673.1	84.342	281	44	0	1	281	1	281	3.57e-174	479
MRSS_00755	WP_011410084.1	40.000	30	18	0	211	240	206	235	0.30	28.9
MRSS_00755	WP_011411112.1	27.184	103	53	5	144	225	9	110	3.3	25.4
MRSS_00755	WP_011410918.1	27.419	62	44	1	45	105	158	219	4.6	24.6
MRSS_00755	WP_041866879.1	25.333	75	53	2	83	154	51	125	5.7	24.3
MRSS_00755	WP_011409929.1	35.714	42	22	1	209	250	89	125	6.9	24.3
MRSS_00755	WP_011411082.1	31.111	45	28	2	169	212	100	142	9.2	23.9
MRSS_00756	WP_011411672.1	91.701	241	20	0	1	241	1	241	2.62e-165	452
MRSS_00756	WP_011410267.1	44.681	47	21	1	148	194	215	256	3.46e-04	37.7
MRSS_00756	WP_011412219.1	51.852	27	12	1	177	202	110	136	0.79	26.9
MRSS_00756	WP_011411959.1	25.000	84	60	1	145	225	206	289	1.0	26.6
MRSS_00756	WP_158302482.1	50.000	20	10	0	206	225	71	90	2.2	25.0
MRSS_00756	WP_041866828.1	47.619	21	11	0	56	76	218	238	4.0	24.6
MRSS_00756	WP_011410508.1	50.000	18	9	0	102	119	44	61	5.1	24.3
MRSS_00756	WP_011411084.1	40.000	30	18	0	65	94	149	178	5.3	24.3
MRSS_00756	WP_011410967.1	39.394	33	18	1	115	147	331	361	5.8	24.3
MRSS_00756	WP_011410511.1	37.037	27	17	0	66	92	569	595	6.5	24.3
MRSS_00756	WP_011411980.1	29.032	31	22	0	133	163	120	150	6.7	23.9
MRSS_00756	WP_041866490.1	32.432	37	25	0	37	73	19	55	6.9	23.9
MRSS_00756	WP_011409938.1	24.176	91	60	2	26	116	141	222	6.9	24.3
MRSS_00756	WP_158302314.1	39.286	28	17	0	19	46	65	92	7.9	23.1
MRSS_00756	WP_011410691.1	32.258	62	38	2	111	172	322	379	9.3	23.9
MRSS_00757	WP_011411671.1	85.405	185	27	0	1	185	1	185	1.25e-116	325
MRSS_00757	WP_011411258.1	32.857	70	47	0	45	114	110	179	0.006	32.7
MRSS_00757	WP_011412197.1	28.261	92	50	3	44	120	387	477	0.38	27.3
MRSS_00757	WP_041866505.1	23.684	38	29	0	131	168	8	45	5.6	23.1
MRSS_00757	WP_011410239.1	37.209	43	24	2	1	43	114	153	7.4	23.5
MRSS_00757	WP_041866989.1	35.484	31	20	0	103	133	1037	1067	8.4	23.5
MRSS_00758	WP_011411670.1	91.919	396	32	0	1	396	1	396	0.0	725
MRSS_00758	WP_011410904.1	29.114	79	48	3	16	91	59	132	0.16	29.6
MRSS_00758	WP_011410398.1	33.333	51	26	2	300	342	1	51	7.5	24.6
MRSS_00759	WP_011411669.1	88.095	252	30	0	1	252	1	252	1.39e-169	464
MRSS_00759	WP_011411902.1	27.211	147	78	7	16	140	522	661	0.029	31.6
MRSS_00759	WP_011410918.1	27.119	118	60	6	32	123	149	266	3.6	25.0
MRSS_00759	WP_011410196.1	47.826	23	12	0	26	48	38	60	4.9	24.3
MRSS_00759	WP_011411073.1	25.641	39	29	0	11	49	210	248	6.9	23.9
MRSS_00759	WP_243466182.1	38.462	26	16	0	217	242	227	252	7.5	23.9
MRSS_00759	WP_011409996.1	31.250	64	33	2	21	73	25	88	9.1	23.5
MRSS_00760	WP_011411668.1	79.505	283	58	0	1	283	1	283	2.14e-156	434
MRSS_00760	WP_011412104.1	30.882	68	34	2	202	266	65	122	1.8	26.2
MRSS_00760	WP_011410761.1	27.083	48	35	0	46	93	7	54	4.7	24.6
MRSS_00760	WP_041866721.1	31.579	19	13	0	72	90	39	57	5.2	23.9
MRSS_00760	WP_011409927.1	30.986	71	38	3	12	71	212	282	6.8	24.3
MRSS_00760	WP_011412020.1	61.538	13	5	0	160	172	148	160	9.2	23.9
MRSS_00761	WP_011411667.1	80.266	451	89	0	1	451	1	451	0.0	723
MRSS_00761	WP_011410478.1	53.846	26	12	0	229	254	420	445	0.55	28.9
MRSS_00761	WP_011410478.1	31.579	57	38	1	226	281	318	374	1.0	27.7
MRSS_00761	WP_011410076.1	27.586	58	41	1	225	281	282	339	3.0	26.2
MRSS_00761	WP_011409983.1	25.000	68	44	1	72	132	351	418	3.4	26.2
MRSS_00761	WP_011279165.1	41.935	31	18	0	407	437	54	84	8.6	23.9
MRSS_00762	WP_011411666.1	86.386	808	110	0	1	808	1	808	0.0	1411
MRSS_00762	WP_050747920.1	20.783	664	378	27	171	805	14	558	8.29e-05	42.0
MRSS_00762	WP_011410715.1	29.630	81	51	2	305	382	5	82	0.19	31.2
MRSS_00762	WP_011411929.1	24.000	75	52	2	87	159	32	103	1.4	27.3
MRSS_00762	WP_011410590.1	27.778	54	35	3	554	606	30	80	4.4	26.6
MRSS_00762	WP_011409890.1	42.857	28	15	1	424	450	51	78	8.2	25.8
MRSS_00762	WP_011410263.1	27.273	121	60	7	247	343	14	130	8.5	25.8
MRSS_00763	WP_011411665.1	87.273	165	21	0	1	165	1	165	1.19e-104	293
MRSS_00763	WP_011410826.1	28.000	50	36	0	12	61	23	72	1.1	25.8
MRSS_00763	WP_011411466.1	28.947	38	27	0	98	135	99	136	2.5	24.6
MRSS_00763	WP_011412059.1	24.348	115	71	5	35	140	90	197	2.6	24.6
MRSS_00763	WP_011412082.1	23.077	104	68	3	5	99	68	168	2.6	24.3
MRSS_00763	WP_011409933.1	27.027	74	43	3	92	159	65	133	2.8	24.6
MRSS_00763	WP_011411245.1	26.087	46	33	1	12	56	103	148	3.8	23.9
MRSS_00763	WP_011410998.1	29.268	41	26	1	98	138	83	120	4.2	23.9
MRSS_00763	WP_011411615.1	25.000	48	35	1	103	150	72	118	7.8	23.1
MRSS_00763	WP_011411735.1	36.364	33	21	0	133	165	395	427	8.6	23.1
MRSS_00764	WP_011411664.1	91.471	340	29	0	1	340	1	340	0.0	632
MRSS_00764	WP_011411662.1	24.859	177	111	3	114	275	4	173	2.53e-09	53.5
MRSS_00764	WP_011412221.1	27.027	222	118	8	78	263	229	442	8.31e-08	49.7
MRSS_00764	WP_011412051.1	25.625	160	96	4	108	266	14	151	7.35e-04	36.6
MRSS_00764	WP_011412051.1	32.727	55	36	1	98	151	88	142	0.015	32.3
MRSS_00764	WP_011410219.1	30.357	56	33	1	162	217	180	229	0.30	28.9
MRSS_00764	WP_011410832.1	50.000	22	11	0	8	29	344	365	3.3	25.8
MRSS_00764	WP_011411677.1	38.710	31	19	0	118	148	184	214	4.0	25.4
MRSS_00764	WP_011410958.1	31.481	54	21	2	11	48	8	61	4.5	25.0
MRSS_00764	WP_011411995.1	23.864	88	49	2	225	298	164	247	5.7	24.6
MRSS_00764	WP_011411995.1	28.571	70	42	1	100	161	164	233	7.6	24.3
MRSS_00764	WP_070108754.1	35.000	40	25	1	177	216	188	226	8.7	24.3
MRSS_00764	WP_243466200.1	33.333	27	18	0	293	319	13	39	9.0	23.5
MRSS_00765	WP_011411663.1	93.377	151	10	0	1	151	1	151	3.76e-104	291
MRSS_00765	WP_011410886.1	27.344	128	79	4	24	144	35	155	1.66e-05	39.3
MRSS_00765	WP_011411174.1	26.984	63	40	1	21	77	98	160	1.7	25.0
MRSS_00766	WP_011411662.1	88.550	262	30	0	1	262	1	262	4.49e-175	479
MRSS_00766	WP_011411664.1	28.485	165	106	3	4	160	114	274	1.42e-12	62.8
MRSS_00766	WP_011412051.1	27.778	144	72	6	28	159	10	133	5.99e-05	39.3
MRSS_00766	WP_011412199.1	34.091	44	29	0	159	202	58	101	2.0	25.8
MRSS_00766	WP_050747641.1	29.730	37	26	0	180	216	67	103	5.1	24.6
MRSS_00766	WP_011410912.1	47.826	23	12	0	90	112	361	383	5.5	24.6
MRSS_00766	WP_011412190.1	38.462	26	16	0	227	252	160	185	7.9	23.9
MRSS_00766	WP_011410826.1	35.135	37	23	1	163	198	113	149	8.5	23.9
MRSS_00766	WP_011410768.1	28.378	74	45	3	177	249	234	300	9.2	23.9
MRSS_00766	WP_011412221.1	24.074	54	40	1	100	153	265	317	9.6	23.9
MRSS_00767	WP_011411661.1	84.817	382	58	0	1	382	1	382	0.0	601
MRSS_00767	WP_011409998.1	38.235	34	18	1	210	243	1168	1198	3.7	25.8
MRSS_00767	WP_011411025.1	28.333	60	31	2	242	300	306	354	5.2	25.4
MRSS_00767	WP_011411509.1	41.176	34	19	1	242	274	306	339	5.2	25.4
MRSS_00767	WP_148203512.1	48.148	27	13	1	9	34	22	48	6.0	23.1
MRSS_00768	WP_011411659.1	90.164	1159	114	0	1	1159	1	1159	0.0	2155
MRSS_00768	WP_083764917.1	31.707	41	28	0	78	118	83	123	0.85	29.6
MRSS_00768	WP_050747614.1	41.026	39	23	0	11	49	11	49	1.9	28.1
MRSS_00768	WP_243466099.1	23.810	84	61	2	803	883	194	277	2.8	27.7
MRSS_00768	WP_011410188.1	41.935	31	18	0	78	108	133	163	4.9	26.6
MRSS_00768	WP_341532811.1	30.769	39	25	1	1019	1055	1	39	5.4	25.4
MRSS_00768	WP_011410877.1	29.630	54	29	1	341	385	421	474	7.7	26.6
MRSS_00768	WP_011410425.1	36.111	36	22	1	997	1032	188	222	8.5	26.2
MRSS_00768	WP_011411030.1	30.303	33	23	0	633	665	10	42	9.9	25.8
MRSS_00769	WP_011411658.1	92.163	319	25	0	1	319	1	319	0.0	609
MRSS_00769	WP_041866908.1	43.478	23	13	0	50	72	28	50	0.30	27.3
MRSS_00769	WP_041867118.1	43.478	23	13	0	50	72	28	50	0.51	26.6
MRSS_00769	WP_041867171.1	43.478	23	13	0	50	72	28	50	0.52	26.6
MRSS_00769	WP_243466300.1	30.667	75	50	1	232	306	711	783	0.53	28.1
MRSS_00769	WP_011411189.1	28.814	59	33	1	105	163	266	315	1.4	26.9
MRSS_00769	WP_083764716.1	43.478	23	13	0	50	72	28	50	1.6	26.2
MRSS_00769	WP_011412197.1	35.294	34	22	0	102	135	139	172	4.1	25.4
MRSS_00769	WP_011411451.1	29.167	48	30	1	213	260	168	211	5.5	25.0
MRSS_00769	WP_011410690.1	32.692	52	32	2	39	89	27	76	5.8	23.9
MRSS_00769	WP_041866973.1	35.484	31	20	0	122	152	88	118	8.4	23.5
MRSS_00770	WP_083764793.1	81.473	421	74	1	7	423	1	421	0.0	702
MRSS_00770	WP_011410289.1	35.088	57	35	2	256	311	293	348	0.13	30.4
MRSS_00770	WP_041867238.1	36.585	41	18	3	292	325	31	70	1.2	25.8
MRSS_00770	WP_011410208.1	31.373	51	30	1	94	139	6	56	1.6	26.2
MRSS_00770	WP_243466275.1	23.611	72	44	2	66	136	137	198	4.0	25.4
MRSS_00770	WP_011411282.1	28.302	53	34	1	235	283	341	393	4.1	25.8
MRSS_00770	WP_011409998.1	27.500	40	29	0	160	199	1282	1321	4.3	25.8
MRSS_00771	WP_011410636.1	35.632	87	56	0	1	87	95	181	4.93e-10	50.4
MRSS_00771	WP_011411000.1	35.632	87	56	0	1	87	95	181	7.26e-10	50.1
MRSS_00771	WP_011410900.1	35.632	87	56	0	1	87	95	181	2.62e-09	48.5
MRSS_00771	WP_011409963.1	34.483	87	57	0	1	87	95	181	5.76e-09	47.4
MRSS_00771	WP_011410889.1	33.333	87	58	0	1	87	96	182	4.71e-08	44.7
MRSS_00771	WP_011412178.1	33.333	87	58	0	1	87	95	181	1.32e-07	43.5
MRSS_00771	WP_011410631.1	43.478	46	25	1	42	87	129	173	1.44e-05	37.7
MRSS_00771	WP_083764717.1	57.143	21	9	0	67	87	59	79	0.033	28.1
MRSS_00771	WP_011411621.1	52.000	25	11	1	64	87	67	91	0.10	26.9
MRSS_00771	WP_011409977.1	34.211	38	25	0	13	50	7	44	2.8	22.3
MRSS_00771	WP_011411571.1	33.333	33	16	1	59	85	172	204	4.9	21.9
MRSS_00771	WP_198408747.1	31.373	51	32	2	35	82	2	52	5.5	21.2
MRSS_00771	WP_011410039.1	27.907	43	22	1	40	82	119	152	8.5	21.6
MRSS_00771	WP_011411996.1	77.778	9	2	0	77	85	54	62	9.5	21.2
MRSS_00772	WP_011410451.1	42.857	56	27	3	1	53	163	216	0.062	26.2
MRSS_00772	WP_011411451.1	46.154	13	7	0	7	19	217	229	1.1	22.7
MRSS_00772	WP_424141138.1	31.818	22	15	0	3	24	223	244	2.4	21.6
MRSS_00772	WP_000666495.1	34.783	23	15	0	30	52	37	59	4.1	20.8
MRSS_00772	WP_011410747.1	31.818	22	15	0	2	23	174	195	5.9	20.8
MRSS_00773	WP_041866989.1	44.828	29	12	2	7	35	534	558	0.42	22.7
MRSS_00773	WP_198408773.1	45.833	24	10	1	4	27	65	85	0.51	22.7
MRSS_00773	WP_011410670.1	57.143	14	6	0	19	32	396	409	1.7	21.2
MRSS_00773	WP_011410341.1	37.931	29	17	1	5	32	422	450	2.8	20.4
MRSS_00773	WP_243466082.1	36.000	25	16	0	11	35	58	82	3.7	20.0
MRSS_00773	WP_011410964.1	45.455	11	6	0	6	16	95	105	8.0	19.2
MRSS_00774	WP_011411752.1	88.365	318	37	0	1	318	1	318	0.0	585
MRSS_00774	WP_011410785.1	28.676	136	86	6	183	314	163	291	0.002	35.8
MRSS_00774	WP_011411849.1	26.230	61	39	1	27	87	107	161	1.2	26.6
MRSS_00774	WP_011411907.1	25.000	80	50	3	100	173	163	238	4.7	25.0
MRSS_00774	WP_011411996.1	27.273	33	24	0	270	302	122	154	5.1	25.0
MRSS_00774	WP_011409940.1	29.688	64	36	3	248	309	431	487	7.3	24.6
MRSS_00774	WP_011410737.1	27.059	85	43	2	197	281	405	470	7.4	24.6
MRSS_00774	WP_158302379.1	37.209	43	22	1	229	271	17	54	9.7	23.5
MRSS_00775	WP_083764717.1	57.576	33	14	0	2	34	1	33	3.72e-08	42.4
MRSS_00775	WP_011412178.1	57.576	33	14	0	2	34	1	33	3.85e-07	39.7
MRSS_00775	WP_011410900.1	57.576	33	14	0	2	34	1	33	3.86e-07	39.7
MRSS_00775	WP_011410636.1	57.576	33	14	0	2	34	1	33	4.17e-07	39.7
MRSS_00775	WP_011410889.1	57.576	33	14	0	2	34	1	33	4.24e-07	39.7
MRSS_00775	WP_011409963.1	57.576	33	14	0	2	34	1	33	4.60e-07	39.7
MRSS_00775	WP_011411000.1	57.576	33	14	0	2	34	1	33	5.18e-07	39.3
MRSS_00775	WP_011410631.1	57.576	33	14	0	2	34	1	33	8.14e-07	38.9
MRSS_00775	WP_011411549.1	32.143	28	19	0	9	36	311	338	9.1	19.2
MRSS_00776	WP_243466238.1	33.333	36	22	1	50	83	13	48	3.5	22.7
MRSS_00776	WP_011411556.1	43.478	23	12	1	11	32	267	289	3.7	23.5
MRSS_00776	WP_243466151.1	36.111	36	21	1	50	83	13	48	6.3	21.9
MRSS_00776	WP_041866876.1	45.000	20	10	1	56	74	192	211	7.4	22.7
MRSS_00776	WP_011411090.1	45.455	22	12	0	92	113	14	35	9.5	21.9
MRSS_00777	WP_011410599.1	83.908	174	28	0	1	174	1	174	5.29e-110	310
MRSS_00777	WP_011411107.1	29.310	58	37	1	1	58	45	98	1.7	25.0
MRSS_00777	WP_011411783.1	33.333	33	22	0	10	42	86	118	2.2	25.0
MRSS_00777	WP_011411840.1	44.737	38	19	1	70	107	25	60	2.9	24.3
MRSS_00777	WP_011410066.1	29.630	27	19	0	48	74	66	92	3.5	24.3
MRSS_00777	WP_011410760.1	25.301	83	48	3	103	185	256	324	6.0	23.9
MRSS_00777	WP_011410817.1	37.931	29	13	1	134	157	161	189	6.8	23.9
MRSS_00778	WP_011411708.1	87.109	256	33	0	1	256	35	290	8.61e-163	449
MRSS_00778	WP_011410136.1	32.500	40	27	0	140	179	77	116	0.40	27.7
MRSS_00779	WP_011411707.1	90.152	264	26	0	1	264	1	264	0.0	496
MRSS_00779	WP_011412011.1	27.907	43	31	0	112	154	160	202	0.86	26.9
MRSS_00779	WP_011411455.1	28.571	42	30	0	176	217	133	174	4.0	25.0
MRSS_00779	WP_003853014.1	33.333	42	25	1	95	136	191	229	5.5	24.3
MRSS_00779	WP_011411222.1	28.302	53	38	0	176	228	177	229	7.0	24.3
MRSS_00779	WP_341532828.1	32.075	53	29	2	143	195	5	50	7.4	23.5
MRSS_00779	WP_011411571.1	30.303	33	22	1	63	95	143	174	7.7	23.9
MRSS_00779	WP_011411301.1	23.750	80	60	1	67	146	217	295	9.2	23.9
MRSS_00780	WP_011411269.1	83.962	212	34	0	1	212	1	212	1.15e-133	370
MRSS_00780	WP_011411765.1	32.031	128	82	2	82	204	83	210	1.14e-14	68.2
MRSS_00780	WP_011410862.1	30.000	60	40	1	54	113	167	224	0.66	26.9
MRSS_00780	WP_011410887.1	24.675	77	49	2	20	94	419	488	1.0	26.6
MRSS_00780	WP_011411090.1	29.870	77	36	3	47	123	64	122	2.0	25.0
MRSS_00780	WP_000478225.1	42.308	26	15	0	12	37	29	54	5.5	22.7
MRSS_00780	WP_011410169.1	50.000	22	11	0	117	138	31	52	7.3	23.9
MRSS_00780	WP_011409985.1	34.375	32	21	0	67	98	218	249	7.4	23.9
MRSS_00780	WP_011411156.1	29.126	103	58	6	113	211	54	145	9.3	23.5
MRSS_00780	WP_243466221.1	29.412	34	21	1	97	127	1	34	9.5	23.1
MRSS_00780	WP_083764664.1	34.783	23	15	0	185	207	2	24	9.5	23.1
MRSS_00781	WP_011412114.1	93.333	270	18	0	1	270	1	270	0.0	527
MRSS_00781	WP_011410445.1	49.495	198	94	4	5	197	2	198	2.04e-58	182
MRSS_00781	WP_000664222.1	25.726	241	161	6	10	248	11	235	2.46e-16	73.2
MRSS_00781	WP_011411735.1	27.778	90	52	4	93	181	181	258	0.080	30.4
MRSS_00781	WP_011411331.1	30.000	40	28	0	198	237	186	225	0.23	28.9
MRSS_00781	WP_011410399.1	20.238	84	54	2	7	80	79	159	1.1	26.6
MRSS_00781	WP_011411633.1	44.828	29	16	0	79	107	86	114	2.8	25.0
MRSS_00781	WP_011412076.1	31.034	29	20	0	119	147	114	142	5.2	24.3
MRSS_00781	WP_011411681.1	28.358	67	43	1	7	73	166	227	6.3	24.3
MRSS_00781	WP_011412206.1	31.169	77	43	4	144	219	148	215	9.1	23.9
MRSS_00782	WP_011412113.1	89.778	225	23	0	1	225	1	225	1.05e-142	394
MRSS_00782	WP_011411709.1	26.984	63	38	3	118	172	517	579	0.30	28.5
MRSS_00782	WP_011409879.1	29.630	54	37	1	18	70	235	288	1.6	26.2
MRSS_00782	WP_011411214.1	34.146	41	26	1	59	98	89	129	1.6	25.8
MRSS_00782	WP_011411481.1	34.146	41	26	1	59	98	89	129	1.6	25.8
MRSS_00782	WP_011411086.1	36.667	30	14	1	149	178	237	261	1.8	25.8
MRSS_00782	WP_011411555.1	27.273	44	32	0	118	161	106	149	2.6	25.0
MRSS_00782	WP_011411492.1	23.636	55	42	0	106	160	147	201	2.9	25.0
MRSS_00782	WP_041866900.1	18.868	53	42	1	81	133	5	56	3.3	23.9
MRSS_00782	WP_011411446.1	31.250	48	20	2	88	122	3	50	4.6	24.3
MRSS_00782	WP_000988476.1	45.455	22	12	0	64	85	71	92	4.9	23.9
MRSS_00782	WP_011279184.1	30.508	59	40	1	115	173	11	68	5.2	24.3
MRSS_00782	WP_041867339.1	40.000	25	15	0	15	39	83	107	6.1	23.5
MRSS_00782	WP_011410084.1	42.308	26	15	0	15	40	413	438	9.2	23.5
MRSS_00783	WP_011411613.1	46.667	15	8	0	7	21	335	349	2.0	20.8
MRSS_00783	WP_011411334.1	40.909	22	12	1	8	29	414	434	3.0	20.4
MRSS_00783	WP_011411660.1	40.000	15	9	0	7	21	159	173	6.2	19.2
MRSS_00783	WP_050747596.1	60.000	10	4	0	4	13	198	207	6.5	19.2
MRSS_00783	WP_011410683.1	43.750	16	9	0	9	24	322	337	7.4	19.2
MRSS_00783	WP_011411884.1	40.000	20	12	0	12	31	234	253	8.2	18.9
MRSS_00783	WP_011410060.1	38.462	13	8	0	1	13	160	172	8.7	18.9
MRSS_00783	WP_011409955.1	42.857	14	8	0	12	25	34	47	9.7	18.9
MRSS_00784	WP_011412112.1	89.790	333	34	0	1	333	1	333	0.0	624
MRSS_00784	WP_011410343.1	21.875	96	62	3	183	274	72	158	0.47	28.1
MRSS_00784	WP_050747443.1	28.947	38	23	1	95	132	277	310	1.6	26.6
MRSS_00784	WP_011410240.1	26.562	64	43	3	85	144	826	889	2.9	26.2
MRSS_00784	WP_011410844.1	23.810	63	38	2	13	74	239	292	4.9	25.0
MRSS_00784	WP_050747943.1	20.635	63	48	1	244	306	32	92	7.7	24.3
MRSS_00784	WP_011411147.1	21.739	46	36	0	174	219	209	254	9.1	24.3
MRSS_00785	WP_011412047.1	79.227	207	43	0	1	207	1	207	2.80e-127	354
MRSS_00785	WP_011410177.1	35.556	45	17	1	88	132	138	170	0.41	27.3
MRSS_00785	WP_198408730.1	31.111	90	42	5	88	168	2	80	0.59	25.8
MRSS_00785	WP_011410905.1	43.243	37	19	1	70	106	432	466	1.5	25.8
MRSS_00785	WP_011279246.1	24.211	95	61	3	102	196	58	141	1.6	25.4
MRSS_00785	WP_148203501.1	40.000	25	15	0	54	78	108	132	2.7	25.0
MRSS_00785	WP_011410219.1	36.111	36	21	1	61	96	127	160	3.4	24.6
MRSS_00785	WP_011411937.1	31.250	80	49	2	106	185	415	488	3.5	24.6
MRSS_00785	WP_011411394.1	23.529	51	39	0	71	121	174	224	4.2	24.3
MRSS_00785	WP_011411998.1	21.538	65	42	2	127	191	19	74	5.0	23.1
MRSS_00785	WP_011411282.1	24.242	66	42	2	75	132	3	68	7.5	23.9
MRSS_00786	WP_011410244.1	41.176	17	10	0	16	32	547	563	0.85	21.6
MRSS_00786	WP_011410572.1	38.095	21	13	0	12	32	76	96	1.6	21.2
MRSS_00786	WP_011412000.1	32.143	28	19	0	2	29	94	121	2.1	20.8
MRSS_00786	WP_011279225.1	34.615	26	17	0	4	29	233	258	2.2	20.4
MRSS_00786	WP_243466069.1	54.545	11	5	0	10	20	260	270	4.5	19.6
MRSS_00786	WP_011411366.1	47.619	21	11	0	6	26	40	60	4.8	19.6
MRSS_00790	WP_011411171.1	93.403	576	38	0	1	576	1	576	0.0	1042
MRSS_00790	WP_011411937.1	23.352	364	215	16	32	347	28	375	0.025	33.5
MRSS_00790	WP_011411823.1	31.579	38	25	1	487	523	174	211	4.1	26.2
MRSS_00790	WP_011412060.1	26.562	64	46	1	425	487	392	455	4.4	26.2
MRSS_00790	WP_424141138.1	28.571	49	35	0	247	295	83	131	8.8	25.4
MRSS_00791	WP_011411355.1	86.364	352	48	0	1	352	59	410	9.06e-177	493
MRSS_00791	WP_041867253.1	29.825	114	74	2	116	227	27	136	1.86e-07	46.6
MRSS_00791	WP_011410525.1	30.508	59	41	0	6	64	50	108	0.003	35.4
MRSS_00791	WP_050747932.1	25.620	121	86	3	27	145	81	199	0.005	34.7
MRSS_00791	WP_148203608.1	34.940	83	54	0	263	345	3	85	0.038	30.0
MRSS_00791	WP_011409884.1	21.519	237	175	7	87	313	128	363	0.19	29.6
MRSS_00791	WP_158302335.1	29.310	58	36	2	265	319	73	128	3.0	25.0
MRSS_00791	WP_243466019.1	25.862	58	39	1	266	319	1	58	5.0	23.9
MRSS_00791	WP_198408738.1	28.571	84	55	1	165	248	120	198	5.5	24.6
MRSS_00791	WP_011410169.1	34.091	44	25	1	93	132	290	333	6.8	24.6
MRSS_00791	WP_011410342.1	45.000	20	11	0	308	327	208	227	9.4	24.3
MRSS_00792	WP_011410912.1	78.942	945	187	3	1	933	1	945	0.0	1316
MRSS_00792	WP_011410912.1	42.424	33	19	0	945	977	1023	1055	8.7	26.2
MRSS_00792	WP_011410023.1	37.037	432	256	7	4	427	5	428	2.29e-71	241
MRSS_00792	WP_011410783.1	28.947	76	51	2	57	130	40	114	0.85	29.3
MRSS_00792	WP_148203359.1	40.909	22	13	0	404	425	5	26	3.6	25.4
MRSS_00792	WP_011411443.1	26.250	80	57	1	96	173	149	228	4.5	26.6
MRSS_00792	WP_011410009.1	31.579	57	34	2	66	122	19	70	6.4	24.6
MRSS_00792	WP_011410926.1	31.579	38	26	0	465	502	105	142	9.2	25.8
MRSS_00792	WP_011411191.1	29.091	55	39	0	929	983	200	254	9.5	25.8
MRSS_00793	WP_011410913.1	84.277	318	50	0	1	318	1	318	0.0	559
MRSS_00793	WP_011410336.1	29.430	316	196	8	13	314	11	313	3.36e-33	121
MRSS_00793	WP_011410292.1	33.649	211	126	6	95	300	14	215	3.58e-24	94.7
MRSS_00793	WP_011412075.1	26.087	69	39	1	223	291	39	95	2.6	24.6
MRSS_00793	WP_011411551.1	35.294	51	31	2	270	318	70	120	3.4	25.0
MRSS_00793	WP_198408749.1	40.000	30	18	0	244	273	33	62	4.0	25.0
MRSS_00793	WP_341532829.1	56.250	16	7	0	255	270	1	16	4.0	23.9
MRSS_00794	WP_011412038.1	86.082	194	27	0	1	194	1	194	9.91e-127	352
MRSS_00794	WP_011412122.1	23.500	200	138	8	4	195	14	206	0.001	35.0
MRSS_00794	WP_243466091.1	25.263	95	52	3	93	178	18	102	0.002	33.5
MRSS_00794	WP_011412273.1	24.675	77	51	2	38	110	150	223	0.35	27.7
MRSS_00794	WP_050747787.1	25.000	32	24	0	139	170	109	140	2.9	24.3
MRSS_00794	WP_011279188.1	33.333	63	35	3	67	128	47	103	3.1	25.0
MRSS_00794	WP_011411941.1	38.095	21	13	0	88	108	870	890	4.3	24.6
MRSS_00794	WP_011411002.1	22.222	117	71	5	5	101	259	375	6.2	23.9
MRSS_00794	WP_279379422.1	29.730	37	26	0	100	136	33	69	8.9	22.7
MRSS_00795	WP_011410933.1	87.097	434	56	0	1	434	1	434	0.0	759
MRSS_00795	WP_011409933.1	22.603	146	98	5	173	315	170	303	0.010	34.3
MRSS_00795	WP_011412149.1	20.408	98	65	2	128	225	188	272	0.82	28.1
MRSS_00795	WP_011411685.1	35.484	31	20	0	50	80	235	265	0.91	27.7
MRSS_00795	WP_011412242.1	28.571	49	33	1	34	82	28	74	3.7	24.3
MRSS_00795	WP_011411198.1	83.333	12	2	0	214	225	282	293	4.7	25.8
MRSS_00795	WP_011410740.1	44.000	25	14	0	173	197	149	173	4.9	25.4
MRSS_00795	WP_148203547.1	45.833	24	13	0	213	236	15	38	6.3	23.9
MRSS_00795	WP_011411094.1	27.778	54	31	2	49	99	42	90	8.3	24.6
MRSS_00796	WP_011410943.1	89.693	456	47	0	1	456	1	456	0.0	863
MRSS_00796	WP_011411282.1	34.483	58	38	0	143	200	160	217	0.003	35.8
MRSS_00796	WP_041867151.1	36.170	47	29	1	325	371	9	54	0.085	29.6
MRSS_00796	WP_011411971.1	34.545	55	30	1	261	315	249	297	0.73	28.5
MRSS_00796	WP_011411587.1	25.000	72	53	1	23	94	37	107	0.82	28.1
MRSS_00796	WP_050747474.1	31.707	41	22	1	142	182	37	71	1.00	25.8
MRSS_00796	WP_011411649.1	37.500	24	15	0	214	237	176	199	1.1	27.3
MRSS_00796	WP_011411639.1	24.691	81	36	3	328	404	151	210	1.5	27.3
MRSS_00796	WP_011411841.1	29.762	84	43	3	367	447	18	88	1.7	26.9
MRSS_00796	WP_011412114.1	34.211	38	23	1	195	232	119	154	2.1	26.6
MRSS_00796	WP_011410289.1	37.500	32	20	0	238	269	122	153	4.7	25.8
MRSS_00796	WP_011410123.1	28.889	45	32	0	25	69	82	126	4.8	25.8
MRSS_00796	WP_011410544.1	42.308	26	15	0	309	334	39	64	5.4	23.9
MRSS_00796	WP_243466013.1	37.500	24	15	0	328	351	45	68	7.0	25.0
MRSS_00796	WP_050747943.1	47.826	23	12	0	144	166	124	146	8.3	24.6
MRSS_00796	WP_050747445.1	22.222	72	49	2	192	257	43	113	9.7	24.6
MRSS_00797	WP_011410944.1	88.517	209	24	0	1	209	1	209	6.60e-133	368
MRSS_00797	WP_011410422.1	25.641	117	72	4	85	190	112	224	0.11	29.3
MRSS_00797	WP_011411431.1	28.889	90	50	5	24	104	88	172	1.3	25.8
MRSS_00797	WP_011411693.1	29.323	133	81	5	38	167	38	160	1.5	25.8
MRSS_00797	WP_041867160.1	35.849	53	30	1	39	87	24	76	3.3	23.9
MRSS_00797	WP_011412009.1	29.870	77	40	3	63	139	247	309	7.0	23.9
MRSS_00797	WP_011412057.1	27.907	43	22	1	112	145	108	150	9.2	23.1
MRSS_00798	WP_011410945.1	88.889	369	41	0	1	369	1	369	0.0	679
MRSS_00798	WP_011411572.1	50.000	34	16	1	8	40	229	262	0.013	33.5
MRSS_00798	WP_011410522.1	37.143	35	22	0	5	39	176	210	1.5	26.9
MRSS_00798	WP_011412195.1	37.255	51	29	2	248	298	123	170	1.7	26.9
MRSS_00798	WP_158302353.1	40.625	32	19	0	297	328	65	96	2.7	25.4
MRSS_00798	WP_011410714.1	35.897	39	21	1	177	215	116	150	5.6	25.0
MRSS_00798	WP_011410850.1	42.857	28	16	0	170	197	6	33	7.6	24.6
MRSS_00798	WP_011412038.1	41.860	43	24	1	54	96	53	94	7.8	24.3
MRSS_00798	WP_011410481.1	22.785	79	56	1	15	88	220	298	8.6	24.6
MRSS_00798	WP_158302336.1	47.619	21	11	0	357	377	18	38	9.9	22.3
MRSS_00799	WP_011411902.1	32.432	37	25	0	1	37	61	97	3.8	20.8
MRSS_00799	WP_070108730.1	40.909	22	13	0	12	33	248	269	4.4	20.8
MRSS_00799	WP_011411707.1	70.000	10	3	0	33	42	85	94	4.4	20.8
MRSS_00799	WP_011411363.1	28.205	39	23	1	5	38	133	171	5.0	20.4
MRSS_00799	WP_011411194.1	60.000	10	4	0	35	44	72	81	5.6	20.4
MRSS_00799	WP_011411965.1	43.750	16	9	0	30	45	248	263	6.7	20.0
MRSS_00799	WP_011410012.1	40.909	22	13	0	16	37	132	153	9.8	19.6
MRSS_00800	WP_011410645.1	42.606	284	135	6	11	273	2	278	3.93e-70	214
MRSS_00800	WP_011409965.1	43.154	241	127	4	41	273	13	251	4.19e-59	186
MRSS_00800	WP_011409917.1	32.727	55	34	2	44	95	84	138	0.93	26.9
MRSS_00800	WP_011410299.1	26.923	78	54	2	182	258	266	341	1.1	26.9
MRSS_00800	WP_011409866.1	45.455	22	12	0	234	255	206	227	2.1	26.2
MRSS_00800	WP_011409932.1	35.088	57	36	1	211	266	39	95	3.5	25.0
MRSS_00800	WP_011410019.1	27.619	105	56	5	4	107	3	88	4.6	25.0
MRSS_00800	WP_011410218.1	21.839	87	58	2	17	95	16	100	6.3	24.3
MRSS_00800	WP_243466084.1	31.034	29	20	0	125	153	15	43	8.0	22.3
MRSS_00800	WP_011410836.1	45.000	20	11	0	125	144	44	63	8.1	24.3
MRSS_00800	WP_011412041.1	28.000	50	20	2	92	141	155	188	9.9	23.9
MRSS_00801	WP_011410442.1	86.105	475	66	0	2	476	1	475	0.0	813
MRSS_00801	WP_011411969.1	30.172	464	309	9	2	457	1	457	3.62e-60	201
MRSS_00801	WP_011409933.1	28.440	436	294	10	25	453	22	446	5.60e-43	154
MRSS_00801	WP_011410740.1	22.485	338	189	13	2	316	1	288	0.021	33.1
MRSS_00801	WP_011410628.1	29.730	37	26	0	380	416	104	140	0.11	30.8
MRSS_00801	WP_011411733.1	23.333	90	67	2	179	266	6	95	0.37	29.3
MRSS_00801	WP_011411101.1	46.154	26	14	0	8	33	13	38	2.2	26.9
MRSS_00801	WP_198408723.1	50.000	20	10	0	295	314	144	163	2.3	26.6
MRSS_00801	WP_011410204.1	30.952	42	28	1	161	202	24	64	2.9	24.6
MRSS_00801	WP_011410756.1	28.788	66	47	0	401	466	155	220	3.2	26.2
MRSS_00801	WP_198408756.1	33.333	48	32	0	1	48	1	48	4.8	25.4
MRSS_00802	WP_011410441.1	74.480	529	127	3	1	524	1	526	0.0	743
MRSS_00802	WP_011410714.1	27.889	398	256	6	129	524	26	394	6.20e-47	164
MRSS_00802	WP_011411542.1	28.571	70	41	2	417	485	166	227	0.53	28.9
MRSS_00802	WP_041866647.1	45.946	37	19	1	25	61	34	69	0.97	26.2
MRSS_00802	WP_011410977.1	30.588	85	54	3	136	218	110	191	3.8	25.8
MRSS_00802	WP_011410290.1	26.667	105	69	4	289	393	342	438	4.3	26.2
MRSS_00802	WP_011411342.1	29.730	37	26	0	321	357	55	91	5.3	25.8
MRSS_00802	WP_011411301.1	25.000	60	40	1	412	471	232	286	8.0	25.0
MRSS_00802	WP_011410017.1	29.091	55	39	0	127	181	90	144	8.9	24.3
MRSS_00803	WP_011410440.1	92.334	887	68	0	1	887	1	887	0.0	1718
MRSS_00803	WP_011411539.1	27.536	207	133	8	106	302	25	224	1.07e-04	42.0
MRSS_00803	WP_011411539.1	32.075	53	33	2	358	408	210	261	0.16	31.6
MRSS_00803	WP_011411741.1	68.750	16	5	0	18	33	9	24	2.2	27.7
MRSS_00803	WP_011410619.1	26.761	71	47	1	92	162	24	89	3.5	27.3
MRSS_00803	WP_041866950.1	47.826	23	12	0	784	806	16	38	4.8	25.0
MRSS_00803	WP_083764761.1	47.826	23	12	0	784	806	24	46	5.5	25.0
MRSS_00803	WP_011410711.1	25.373	67	36	2	322	379	407	468	6.3	26.6
MRSS_00803	WP_011412244.1	29.032	31	22	0	78	108	55	85	7.3	25.4
MRSS_00804	WP_011411984.1	94.246	504	29	0	1	504	1	504	0.0	985
MRSS_00804	WP_011410044.1	22.691	498	327	17	4	475	2	467	1.04e-17	82.0
MRSS_00804	WP_011410364.1	20.705	454	314	14	8	440	4	432	1.49e-08	53.1
MRSS_00804	WP_050747335.1	21.198	217	154	8	8	219	5	209	3.72e-06	44.3
MRSS_00804	WP_050747934.1	27.419	124	55	6	352	466	138	235	2.0	27.3
MRSS_00804	WP_011410514.1	31.111	45	31	0	444	488	148	192	3.2	26.6
MRSS_00804	WP_011410233.1	31.818	44	27	1	450	493	30	70	5.2	25.4
MRSS_00804	WP_011409951.1	20.213	94	57	3	118	209	237	314	7.9	25.0
MRSS_00804	WP_158302427.1	35.714	42	23	1	57	98	2	39	8.9	23.5
MRSS_00804	WP_011411449.1	26.596	94	53	4	52	135	231	318	9.7	24.6
MRSS_00805	WP_011411983.1	91.139	79	7	0	1	79	1	79	7.59e-47	140
MRSS_00805	WP_011410745.1	35.714	56	32	1	22	77	39	90	0.014	28.9
MRSS_00805	WP_011410441.1	32.432	37	25	0	7	43	347	383	0.98	23.9
MRSS_00805	WP_158302423.1	27.451	51	37	0	22	72	95	145	1.7	23.1
MRSS_00805	WP_011410842.1	25.641	39	29	0	41	79	162	200	3.2	22.3
MRSS_00805	WP_424141190.1	25.581	43	32	0	27	69	52	94	4.2	21.9
MRSS_00805	WP_011410240.1	33.333	39	25	1	3	41	535	572	4.6	21.9
MRSS_00805	WP_011410239.1	32.143	28	19	0	46	73	156	183	6.0	21.6
MRSS_00805	WP_011411658.1	24.242	66	44	2	1	66	3	62	6.4	21.6
MRSS_00805	WP_158302377.1	25.714	35	26	0	6	40	192	226	7.8	21.2
MRSS_00805	WP_148203371.1	25.714	35	26	0	7	41	289	323	8.5	21.2
MRSS_00806	WP_011411233.1	89.211	380	41	0	10	389	10	389	0.0	715
MRSS_00806	WP_011410849.1	32.500	40	27	0	349	388	514	553	0.56	28.5
MRSS_00806	WP_011411427.1	39.130	46	21	2	144	189	337	375	1.7	26.9
MRSS_00806	WP_011410726.1	23.423	111	72	4	165	275	31	128	1.7	26.9
MRSS_00806	WP_011410262.1	26.667	30	22	0	355	384	9	38	3.7	25.8
MRSS_00806	WP_341532837.1	25.758	66	39	1	197	262	6	61	4.6	23.9
MRSS_00806	WP_074013219.1	52.941	17	8	0	370	386	3	19	6.3	23.5
MRSS_00806	WP_050747693.1	36.667	30	17	1	342	371	191	218	8.6	24.3
MRSS_00806	WP_011410548.1	29.762	84	55	3	151	234	103	182	8.7	24.6
MRSS_00807	WP_011411822.1	78.155	206	45	0	1	206	1	206	1.73e-115	324
MRSS_00807	WP_011411542.1	36.957	46	25	3	146	190	35	77	0.15	28.9
MRSS_00807	WP_011410536.1	29.167	72	39	3	106	165	391	462	0.63	26.9
MRSS_00807	WP_011411903.1	23.577	123	84	2	34	147	90	211	1.3	26.2
MRSS_00807	WP_041866560.1	24.211	95	67	2	30	119	158	252	4.1	24.3
MRSS_00807	WP_243466101.1	60.000	15	6	0	138	152	30	44	4.3	23.9
MRSS_00807	WP_083764685.1	41.379	29	14	1	33	58	31	59	4.8	23.9
MRSS_00807	WP_011410353.1	26.316	76	41	4	89	152	209	281	8.3	23.5
MRSS_00807	WP_011410019.1	38.596	57	21	5	57	105	27	77	8.4	23.5
MRSS_00808	WP_011411225.1	79.496	278	57	0	1	278	1	278	1.11e-166	460
MRSS_00808	WP_011411390.1	27.948	229	157	4	6	234	2	222	1.34e-18	79.0
MRSS_00808	WP_011410494.1	32.258	62	33	2	201	261	167	220	0.14	29.6
MRSS_00808	WP_050747877.1	52.941	17	8	0	245	261	65	81	0.87	26.9
MRSS_00808	WP_050747600.1	32.432	37	25	0	81	117	52	88	1.7	25.0
MRSS_00808	WP_243466102.1	30.769	52	32	1	79	126	86	137	2.0	25.8
MRSS_00808	WP_083764905.1	25.000	44	31	1	122	163	73	116	4.6	24.3
MRSS_00808	WP_011411588.1	42.105	19	11	0	66	84	123	141	4.9	24.3
MRSS_00808	WP_011411852.1	23.729	59	43	1	18	74	2	60	6.1	24.6
MRSS_00808	WP_011410660.1	27.500	40	29	0	208	247	436	475	6.2	24.6
MRSS_00808	WP_243466253.1	32.353	34	23	0	146	179	152	185	6.9	24.3
MRSS_00809	WP_011411088.1	81.781	247	45	0	1	247	1	247	9.76e-152	419
MRSS_00809	WP_011412201.1	44.828	29	16	0	133	161	208	236	2.2	25.4
MRSS_00809	WP_341532841.1	28.696	115	63	6	56	157	100	208	3.7	24.6
MRSS_00809	WP_011409939.1	41.667	24	14	0	102	125	55	78	4.6	24.3
MRSS_00810	WP_011411981.1	93.228	443	30	0	1	443	1	443	0.0	835
MRSS_00810	WP_011410535.1	44.000	100	55	1	5	103	66	165	2.36e-21	92.0
MRSS_00810	WP_011410535.1	31.489	235	101	8	249	428	177	406	4.81e-18	82.0
MRSS_00810	WP_011410234.1	40.000	60	34	2	50	109	185	242	2.19e-06	46.2
MRSS_00810	WP_011410234.1	26.744	86	52	3	180	264	184	259	3.3	26.2
MRSS_00810	WP_011410737.1	34.783	69	31	2	52	109	488	553	3.67e-04	38.9
MRSS_00810	WP_011410737.1	60.000	20	8	0	52	71	207	226	2.1	26.9
MRSS_00810	WP_011410737.1	41.176	34	20	0	249	282	276	309	2.9	26.6
MRSS_00810	WP_011412117.1	36.957	46	25	1	51	92	5	50	0.001	36.2
MRSS_00810	WP_041866643.1	28.571	98	51	4	12	95	565	657	0.011	34.3
MRSS_00810	WP_041866643.1	50.000	24	12	0	49	72	198	221	7.4	25.0
MRSS_00810	WP_011410536.1	31.034	29	20	0	53	81	352	380	0.74	28.5
MRSS_00810	WP_011409949.1	51.852	27	13	0	50	76	300	326	1.1	27.7
MRSS_00810	WP_011411091.1	25.397	126	69	4	244	363	101	207	1.3	27.3
MRSS_00810	WP_011412195.1	28.947	76	38	2	366	441	330	389	1.4	27.3
MRSS_00810	WP_011410552.1	60.870	23	9	0	54	76	42	64	1.9	26.9
MRSS_00810	WP_011410387.1	32.143	28	19	0	51	78	3	30	2.2	26.2
MRSS_00810	WP_011410199.1	27.273	55	37	1	50	101	10	64	2.8	26.2
MRSS_00810	WP_011411173.1	42.857	21	12	0	53	73	106	126	4.5	25.8
MRSS_00810	WP_083764793.1	26.923	78	46	3	342	417	184	252	4.7	25.8
MRSS_00810	WP_011411125.1	36.207	58	30	3	22	74	16	71	5.2	25.0
MRSS_00810	WP_011410935.1	57.143	21	9	0	54	74	626	646	5.2	25.8
MRSS_00810	WP_011410752.1	22.963	135	91	5	164	294	530	655	5.4	25.4
MRSS_00810	WP_011411530.1	42.857	21	12	0	53	73	31	51	5.5	25.4
MRSS_00810	WP_011410881.1	33.333	39	26	0	53	91	348	386	6.5	25.4
MRSS_00810	WP_011410437.1	23.276	116	67	3	296	393	183	294	7.9	24.6
MRSS_00810	WP_050747478.1	30.769	52	32	1	265	312	25	76	8.5	23.9
MRSS_00810	WP_011409882.1	28.099	121	73	6	322	441	95	202	9.4	24.3
MRSS_00810	WP_279379460.1	40.000	30	18	0	31	60	92	121	9.4	24.3
MRSS_00810	WP_011410064.1	25.664	113	62	6	55	150	34	141	9.6	24.6
MRSS_00811	WP_011411980.1	96.703	182	6	0	1	182	1	182	1.46e-130	360
MRSS_00811	WP_011411021.1	29.091	55	37	1	89	143	322	374	2.1	25.0
MRSS_00811	WP_011409902.1	27.586	87	48	4	10	85	138	220	2.9	24.6
MRSS_00811	WP_011411156.1	46.667	15	8	0	155	169	132	146	3.5	24.6
MRSS_00811	WP_011411074.1	40.741	27	16	0	131	157	40	66	4.1	24.3
MRSS_00811	WP_011411753.1	32.653	49	26	1	102	143	100	148	5.8	23.5
MRSS_00811	WP_011411659.1	28.169	71	44	3	10	80	126	189	9.7	23.1
MRSS_00812	WP_011411979.1	68.919	74	23	0	1	74	35	108	1.27e-29	102
MRSS_00812	WP_173340356.1	22.000	50	30	1	32	72	118	167	1.1	23.5
MRSS_00812	WP_011410761.1	40.000	15	9	0	51	65	6	20	2.0	22.7
MRSS_00812	WP_011410877.1	40.741	27	16	0	43	69	446	472	2.7	22.7
MRSS_00812	WP_011410362.1	34.783	23	15	0	31	53	101	123	2.7	22.3
MRSS_00812	WP_011412152.1	27.273	55	37	1	17	68	29	83	3.2	22.3
MRSS_00812	WP_148203407.1	53.846	13	6	0	38	50	27	39	5.8	21.6
MRSS_00812	WP_279379403.1	29.545	44	21	2	13	53	207	243	6.2	21.6
MRSS_00812	WP_011411571.1	42.105	19	11	0	18	36	189	207	7.3	21.2
MRSS_00812	WP_050747808.1	27.273	44	29	1	36	76	175	218	8.5	21.2
MRSS_00813	WP_011411978.1	86.731	731	97	0	1	731	1	731	0.0	1284
MRSS_00813	WP_011410935.1	28.571	189	120	6	199	376	603	787	7.22e-09	55.5
MRSS_00813	WP_011412035.1	30.909	110	67	5	220	322	294	401	5.94e-04	39.3
MRSS_00813	WP_243466158.1	29.885	87	47	4	567	645	39	119	0.012	33.1
MRSS_00813	WP_011410246.1	28.319	113	63	3	521	627	285	385	0.012	35.0
MRSS_00813	WP_011412194.1	33.824	68	33	3	524	591	299	354	0.19	30.8
MRSS_00813	WP_011410768.1	31.579	57	32	1	530	586	495	544	0.48	29.6
MRSS_00813	WP_011410768.1	38.298	47	26	1	213	259	29	72	1.7	28.1
MRSS_00813	WP_011410768.1	25.000	84	52	3	259	339	460	535	3.3	26.9
MRSS_00813	WP_011411619.1	25.000	112	63	5	524	633	291	383	1.1	28.5
MRSS_00813	WP_011411173.1	42.308	26	15	0	259	284	256	281	3.4	26.9
MRSS_00813	WP_011410774.1	26.087	92	56	2	517	608	282	361	4.0	26.6
MRSS_00813	WP_041867442.1	38.462	26	14	1	443	468	23	46	4.1	25.8
MRSS_00813	WP_011412112.1	41.379	29	16	1	590	618	76	103	4.4	26.6
MRSS_00813	WP_243466300.1	30.000	60	27	2	597	643	503	560	6.3	26.2
MRSS_00813	WP_011410164.1	25.974	77	53	1	374	450	442	514	7.3	25.8
MRSS_00813	WP_166506638.1	25.000	36	17	1	316	351	5	30	9.2	23.5
MRSS_00814	WP_011411977.1	85.915	71	10	0	1	71	1	71	8.06e-45	135
MRSS_00814	WP_279379403.1	31.429	35	22	1	37	69	244	278	1.0	23.5
MRSS_00814	WP_011411137.1	23.288	73	51	1	1	68	233	305	1.2	23.5
MRSS_00814	WP_011410740.1	36.364	22	14	0	34	55	133	154	3.0	22.3
MRSS_00814	WP_041866927.1	40.741	27	15	1	27	52	20	46	4.2	21.6
MRSS_00814	WP_041866989.1	25.000	32	24	0	41	72	758	789	4.7	21.9
MRSS_00814	WP_041866989.1	29.412	34	24	0	28	61	277	310	5.7	21.6
MRSS_00814	WP_011410116.1	40.909	22	13	0	50	71	190	211	4.9	21.9
MRSS_00815	WP_011409989.1	88.081	344	41	0	1	344	1	344	0.0	627
MRSS_00815	WP_011410116.1	26.562	64	43	1	26	85	512	575	0.84	27.7
MRSS_00815	WP_041867358.1	33.333	27	18	0	109	135	4	30	5.4	23.9
MRSS_00815	WP_011411803.1	31.818	44	26	1	72	115	611	650	9.2	24.3
MRSS_00816	WP_011409990.1	88.308	325	32	1	1	325	1	319	0.0	569
MRSS_00816	WP_011411880.1	37.736	53	31	2	127	177	11	63	0.32	27.7
MRSS_00816	WP_041866549.1	37.500	32	20	0	221	252	100	131	1.3	26.6
MRSS_00816	WP_243466018.1	40.000	25	15	0	205	229	11	35	2.2	24.3
MRSS_00816	WP_011411939.1	38.462	26	16	0	18	43	15	40	3.3	25.4
MRSS_00816	WP_041867650.1	21.538	65	50	1	177	241	688	751	3.6	25.8
MRSS_00816	WP_011409950.1	45.161	31	17	0	268	298	128	158	3.7	25.0
MRSS_00816	WP_243466059.1	50.000	12	6	0	121	132	43	54	8.6	22.7
MRSS_00816	WP_011412001.1	28.261	92	52	4	167	257	21	99	8.6	23.9
MRSS_00816	WP_011411072.1	26.154	65	38	2	14	68	937	1001	8.7	24.6
MRSS_00817	WP_011410483.1	79.713	557	111	1	1	557	1	555	0.0	892
MRSS_00817	WP_011412034.1	33.843	458	282	5	65	519	55	494	1.96e-83	271
MRSS_00817	WP_011410796.1	27.419	124	73	4	238	344	72	195	0.006	35.4
MRSS_00817	WP_011411572.1	25.000	96	56	2	242	332	433	517	0.086	31.6
MRSS_00817	WP_011411918.1	19.388	98	73	1	329	426	60	151	1.8	26.9
MRSS_00817	WP_158302388.1	31.343	67	38	3	117	178	145	208	2.2	27.3
MRSS_00817	WP_041866639.1	36.364	22	14	0	37	58	221	242	3.9	26.2
MRSS_00817	WP_050747539.1	24.324	74	47	1	300	373	32	96	4.0	25.0
MRSS_00817	WP_011410364.1	32.000	50	30	2	197	246	458	503	4.2	26.2
MRSS_00818	WP_083764717.1	55.814	43	19	0	2	44	1	43	4.00e-11	51.2
MRSS_00818	WP_011410900.1	54.348	46	19	1	2	45	1	46	1.15e-10	50.4
MRSS_00818	WP_011411000.1	54.348	46	19	1	2	45	1	46	1.16e-10	50.4
MRSS_00818	WP_011412178.1	54.348	46	19	1	2	45	1	46	1.18e-10	50.4
MRSS_00818	WP_011410889.1	58.974	39	16	0	2	40	1	39	1.18e-10	50.1
MRSS_00818	WP_011410631.1	54.348	46	19	1	2	45	1	46	1.34e-10	50.4
MRSS_00818	WP_011409963.1	54.348	46	19	1	2	45	1	46	1.46e-10	50.4
MRSS_00818	WP_011410636.1	52.174	46	20	1	2	45	1	46	5.38e-10	48.5
MRSS_00818	WP_011410846.1	31.034	29	20	0	13	41	55	83	4.8	20.8
MRSS_00818	WP_011410829.1	33.333	33	16	1	22	48	17	49	5.5	20.8
MRSS_00819	WP_011411104.1	83.333	168	28	0	1	168	1	168	6.77e-106	296
MRSS_00819	WP_011279225.1	36.842	38	21	1	26	60	189	226	0.23	27.7
MRSS_00819	WP_050747654.1	20.690	58	46	0	77	134	230	287	0.58	26.6
MRSS_00819	WP_050747800.1	41.379	29	17	0	33	61	351	379	2.1	25.0
MRSS_00819	WP_011412117.1	30.000	30	21	0	3	32	17	46	4.3	23.9
MRSS_00819	WP_011411978.1	24.324	74	54	1	54	125	12	85	4.8	23.9
MRSS_00819	WP_011410054.1	34.211	38	25	0	52	89	210	247	7.6	23.1
MRSS_00819	WP_198408767.1	38.462	26	15	1	63	88	133	157	7.8	23.1
MRSS_00820	WP_011411431.1	52.000	25	11	1	28	52	126	149	2.0	23.5
MRSS_00821	WP_041866795.1	91.045	402	36	0	1	402	6	407	0.0	760
MRSS_00821	WP_011410143.1	31.325	83	39	5	194	270	234	304	1.7	26.9
MRSS_00821	WP_011411422.1	36.538	52	28	2	244	293	226	274	2.4	26.2
MRSS_00821	WP_011412067.1	26.471	68	45	1	228	290	31	98	2.9	25.0
MRSS_00821	WP_011411192.1	42.308	26	15	0	196	221	195	220	3.8	25.8
MRSS_00821	WP_011411126.1	39.535	43	26	0	146	188	54	96	4.6	25.4
MRSS_00821	WP_011410538.1	57.143	14	6	0	246	259	98	111	6.8	25.0
MRSS_00822	WP_011410395.1	88.000	200	24	0	1	200	1	200	1.60e-135	374
MRSS_00822	WP_011411552.1	26.667	45	33	0	33	77	29	73	0.052	29.6
MRSS_00822	WP_011410276.1	38.636	44	14	2	55	87	92	133	2.1	25.4
MRSS_00822	WP_011411154.1	31.915	47	24	1	71	109	157	203	2.2	25.0
MRSS_00822	WP_011411192.1	35.714	42	25	1	36	75	177	218	3.2	24.6
MRSS_00822	WP_070108805.1	29.412	51	23	1	108	145	53	103	3.4	23.9
MRSS_00822	WP_011411503.1	33.333	66	39	4	112	175	248	310	3.8	24.6
MRSS_00822	WP_011411459.1	44.444	18	10	0	40	57	76	93	7.5	22.7
MRSS_00822	WP_011410088.1	39.130	23	14	0	55	77	89	111	7.5	23.5
MRSS_00823	WP_011410636.1	35.294	17	11	0	4	20	145	161	8.4	20.0
MRSS_00823	WP_424141142.1	40.000	20	12	0	29	48	31	50	10.0	19.6
MRSS_00824	WP_011411826.1	86.226	363	50	0	1	363	1	363	0.0	630
MRSS_00824	WP_011410229.1	34.646	127	60	3	6	132	163	266	2.18e-14	70.1
MRSS_00824	WP_011410201.1	39.344	61	37	0	5	65	198	258	6.25e-06	43.9
MRSS_00824	WP_011411580.1	57.576	33	13	1	5	36	5	37	0.001	37.0
MRSS_00824	WP_011411580.1	65.000	20	7	0	3	22	201	220	0.32	29.3
MRSS_00824	WP_011412233.1	61.905	21	8	0	2	22	216	236	0.19	29.6
MRSS_00824	WP_011411610.1	73.684	19	2	1	5	20	8	26	0.26	29.3
MRSS_00824	WP_083764616.1	36.667	30	15	1	35	60	248	277	0.92	27.7
MRSS_00824	WP_083764873.1	27.273	66	44	1	234	299	27	88	1.8	25.8
MRSS_00824	WP_011410584.1	32.143	28	19	0	267	294	126	153	1.9	26.2
MRSS_00824	WP_148203622.1	28.205	39	28	0	226	264	35	73	2.0	25.0
MRSS_00824	WP_148203518.1	47.619	21	11	0	2	22	25	45	2.6	25.8
MRSS_00824	WP_011411032.1	23.276	116	65	4	94	200	50	150	2.7	25.8
MRSS_00824	WP_011411249.1	32.394	71	43	2	81	147	343	412	3.4	25.8
MRSS_00824	WP_011410263.1	39.130	46	24	2	2	45	32	75	4.1	25.4
MRSS_00824	WP_424141178.1	30.612	49	29	1	245	293	932	975	5.2	25.4
MRSS_00824	WP_041866859.1	58.824	17	7	0	337	353	23	39	5.8	23.9
MRSS_00824	WP_011412195.1	24.000	75	41	2	138	197	307	380	6.0	25.0
MRSS_00824	WP_011411326.1	26.606	109	64	3	181	278	336	439	6.1	25.0
MRSS_00824	WP_243466232.1	34.375	32	17	1	145	172	33	64	7.6	23.1
MRSS_00824	WP_011411878.1	34.146	41	27	0	276	316	90	130	7.8	24.3
MRSS_00824	WP_011410024.1	31.481	54	33	2	160	209	21	74	8.3	24.6
MRSS_00825	WP_011410938.1	85.024	414	61	1	1	413	1	414	0.0	687
MRSS_00825	WP_011410936.1	28.029	421	268	11	1	410	1	397	6.35e-30	115
MRSS_00825	WP_011409951.1	27.451	102	63	2	266	363	213	307	0.039	32.0
MRSS_00825	WP_011410552.1	21.311	122	82	4	77	185	468	588	0.052	32.0
MRSS_00825	WP_011411279.1	19.512	164	104	3	260	413	508	653	0.11	30.8
MRSS_00825	WP_011410752.1	42.857	28	16	0	330	357	89	116	0.65	28.5
MRSS_00825	WP_011410576.1	27.350	117	65	5	156	255	16	129	4.4	25.4
MRSS_00825	WP_011410460.1	32.222	90	50	4	280	362	144	229	5.0	25.4
MRSS_00825	WP_011411068.1	29.630	54	30	1	350	395	67	120	6.4	24.6
MRSS_00825	WP_011411540.1	42.308	26	15	0	139	164	141	166	8.0	24.3
MRSS_00825	WP_011410440.1	25.373	67	47	1	12	75	124	190	8.3	25.0
MRSS_00825	WP_050747528.1	46.667	15	8	0	195	209	121	135	9.6	24.3
MRSS_00826	WP_011410937.1	85.153	229	34	0	1	229	1	229	6.75e-144	397
MRSS_00826	WP_011411279.1	42.342	222	127	1	4	225	3	223	9.41e-56	184
MRSS_00826	WP_011409950.1	40.444	225	128	4	6	229	1	220	3.94e-52	164
MRSS_00826	WP_011411857.1	35.849	212	135	1	6	217	1	211	6.23e-40	136
MRSS_00826	WP_011410787.1	36.715	207	121	3	4	210	18	214	1.94e-38	133
MRSS_00826	WP_011410562.1	37.273	220	96	3	6	224	6	184	7.24e-38	127
MRSS_00826	WP_011410809.1	39.224	232	118	7	1	213	1	228	6.16e-31	115
MRSS_00826	WP_011410809.1	35.294	221	130	7	2	211	272	490	6.46e-26	101
MRSS_00826	WP_011409929.1	38.172	186	108	5	26	206	39	222	7.91e-31	112
MRSS_00826	WP_011410773.1	35.096	208	126	5	25	225	18	223	3.19e-29	106
MRSS_00826	WP_011410668.1	31.416	226	138	7	6	225	1	215	5.50e-27	100
MRSS_00826	WP_011410294.1	36.979	192	106	4	36	222	25	206	5.67e-26	97.4
MRSS_00826	WP_011410956.1	31.863	204	134	4	26	225	18	220	8.00e-26	97.4
MRSS_00826	WP_011411332.1	32.579	221	136	6	6	217	4	220	1.15e-25	98.2
MRSS_00826	WP_011411530.1	31.771	192	121	2	23	210	15	200	4.33e-25	97.8
MRSS_00826	WP_011410069.1	36.612	183	114	2	25	206	22	203	6.43e-24	92.8
MRSS_00826	WP_011411197.1	33.158	190	121	4	29	213	43	231	8.10e-22	88.6
MRSS_00826	WP_011411196.1	34.715	193	111	5	26	206	42	231	1.06e-18	79.7
MRSS_00826	WP_011411331.1	29.148	223	143	4	5	212	2	224	1.61e-18	79.3
MRSS_00826	WP_011409928.1	32.710	214	128	7	6	206	3	213	2.72e-18	78.6
MRSS_00826	WP_011410457.1	29.439	214	142	3	4	217	2	206	3.25e-18	78.2
MRSS_00826	WP_148203612.1	30.876	217	126	5	6	206	3	211	3.48e-18	77.8
MRSS_00826	WP_011279184.1	31.313	198	116	6	25	212	18	205	3.68e-18	77.4
MRSS_00826	WP_041867326.1	32.447	188	97	6	36	212	27	195	4.07e-18	76.6
MRSS_00826	WP_011411092.1	31.016	187	99	4	25	206	19	180	1.17e-17	75.9
MRSS_00826	WP_011410738.1	32.727	220	126	5	15	225	345	551	1.94e-16	73.9
MRSS_00826	WP_011410856.1	33.854	192	108	8	23	205	356	537	1.12e-15	71.6
MRSS_00826	WP_011411360.1	30.729	192	121	4	25	210	20	205	1.29e-15	70.1
MRSS_00826	WP_011411337.1	31.100	209	121	7	7	206	19	213	2.18e-15	69.7
MRSS_00826	WP_011410064.1	27.363	201	137	5	7	206	4	196	5.11e-15	68.2
MRSS_00826	WP_011411465.1	29.032	186	122	4	36	220	26	202	8.92e-15	67.0
MRSS_00826	WP_011410365.1	26.630	184	127	4	26	205	29	208	2.68e-14	67.8
MRSS_00826	WP_011410365.1	25.238	210	151	3	26	229	278	487	1.39e-12	62.8
MRSS_00826	WP_011410263.1	28.821	229	98	10	6	213	323	507	1.68e-13	65.5
MRSS_00826	WP_011410263.1	30.476	210	112	9	25	209	21	221	2.55e-12	62.0
MRSS_00826	WP_011410881.1	30.729	192	100	8	25	209	334	499	1.93e-12	62.4
MRSS_00826	WP_011410881.1	25.728	206	128	6	25	211	18	217	4.98e-11	58.2
MRSS_00826	WP_011410825.1	24.651	215	145	6	26	228	279	488	2.45e-12	62.0
MRSS_00826	WP_011410825.1	24.762	210	142	7	26	227	29	230	3.83e-12	61.2
MRSS_00826	WP_011410751.1	32.353	204	110	9	25	222	40	221	4.11e-12	61.2
MRSS_00826	WP_148203518.1	28.571	224	141	8	10	227	2	212	4.96e-12	60.1
MRSS_00826	WP_424141158.1	36.667	90	56	1	25	114	1	89	7.04e-12	57.0
MRSS_00826	WP_011412104.1	26.087	207	121	6	4	207	310	487	8.94e-12	60.5
MRSS_00826	WP_011412104.1	27.919	197	126	5	25	209	16	208	1.91e-07	47.4
MRSS_00826	WP_011410541.1	27.861	201	117	6	16	205	350	533	3.23e-11	58.5
MRSS_00826	WP_011410540.1	32.370	173	95	6	26	187	352	513	3.74e-10	55.5
MRSS_00826	WP_011411253.1	30.000	200	109	9	25	205	16	203	8.78e-09	50.4
MRSS_00826	WP_243466019.1	36.364	55	35	0	26	80	3	57	3.47e-07	43.1
MRSS_00826	WP_050747884.1	38.000	50	31	0	157	206	4	53	6.47e-06	40.4
MRSS_00826	WP_050747733.1	29.060	117	79	2	90	206	16	128	1.63e-05	40.8
MRSS_00826	WP_050747487.1	26.154	195	123	6	12	199	7	187	1.04e-04	38.1
MRSS_00826	WP_050747885.1	35.593	59	36	2	8	65	12	69	0.001	33.9
MRSS_00826	WP_011411941.1	35.294	68	40	2	147	211	830	896	0.002	35.4
MRSS_00826	WP_011411941.1	30.693	101	60	5	129	223	468	564	0.006	33.5
MRSS_00826	WP_011411941.1	50.000	30	15	0	23	52	11	40	0.025	31.6
MRSS_00826	WP_011411941.1	48.276	29	15	0	26	54	623	651	0.060	30.4
MRSS_00826	WP_011412041.1	33.766	77	42	4	8	81	228	298	0.050	30.8
MRSS_00826	WP_050747734.1	32.143	84	53	4	147	228	117	198	0.23	28.1
MRSS_00826	WP_424141151.1	37.931	29	18	0	39	67	4	32	0.32	25.4
MRSS_00826	WP_011410679.1	52.381	21	10	0	32	52	140	160	0.46	27.7
MRSS_00826	WP_011409915.1	38.182	55	25	2	23	71	155	206	1.2	26.2
MRSS_00826	WP_011411278.1	35.849	53	28	3	42	89	66	117	1.6	25.8
MRSS_00826	WP_011411130.1	42.308	26	15	0	31	56	157	182	1.9	25.8
MRSS_00826	WP_424141146.1	27.907	43	31	0	141	183	41	83	2.2	25.0
MRSS_00826	WP_011410114.1	22.826	92	61	3	112	193	29	120	2.7	24.6
MRSS_00826	WP_011410434.1	31.481	54	35	1	38	91	5	56	2.9	25.0
MRSS_00826	WP_011410590.1	34.091	44	29	0	98	141	97	140	3.4	25.0
MRSS_00826	WP_424141178.1	56.250	16	7	0	135	150	391	406	4.1	25.0
MRSS_00826	WP_011411093.1	23.611	72	42	2	33	101	375	436	4.5	24.6
MRSS_00826	WP_011410076.1	28.571	49	33	1	174	220	30	78	5.9	24.3
MRSS_00826	WP_011412218.1	27.451	51	36	1	5	55	212	261	6.6	23.9
MRSS_00826	WP_011412199.1	28.571	35	25	0	64	98	125	159	8.9	23.5
MRSS_00826	WP_011411940.1	29.508	61	33	2	116	172	118	172	9.2	23.1
MRSS_00827	WP_011410936.1	84.000	400	64	0	1	400	1	400	0.0	641
MRSS_00827	WP_011410938.1	30.000	420	262	12	1	397	1	411	6.88e-35	129
MRSS_00827	WP_011410906.1	27.869	61	39	1	24	79	691	751	3.9	25.8
MRSS_00827	WP_050747346.1	32.432	37	22	1	295	331	5	38	4.0	24.3
MRSS_00827	WP_011410928.1	30.233	43	28	1	165	205	46	88	5.6	24.3
MRSS_00827	WP_050747580.1	41.935	31	18	0	253	283	56	86	6.5	24.3
MRSS_00827	WP_011411109.1	30.909	55	23	1	306	345	539	593	6.7	25.0
MRSS_00827	WP_011410813.1	50.000	28	12	1	95	120	127	154	7.9	24.3
MRSS_00827	WP_011409943.1	28.571	63	40	1	304	361	96	158	8.1	24.6
MRSS_00827	WP_011410664.1	33.333	54	30	2	72	123	194	243	8.3	24.6
MRSS_00827	WP_011409951.1	20.238	84	66	1	271	353	213	296	9.5	24.6
MRSS_00828	WP_011411711.1	84.914	232	34	1	1	232	1	231	7.17e-146	403
MRSS_00828	WP_041867551.1	23.077	65	42	1	92	156	114	170	0.72	26.9
MRSS_00828	WP_011410673.1	32.353	68	41	3	59	125	32	95	1.2	26.2
MRSS_00828	WP_424141146.1	28.049	82	52	2	26	107	70	144	2.6	24.6
MRSS_00828	WP_011411719.1	29.545	44	25	1	39	82	32	69	2.9	25.4
MRSS_00828	WP_041867454.1	41.667	36	19	2	99	132	82	117	3.0	25.0
MRSS_00828	WP_050747407.1	34.286	35	20	1	196	230	16	47	7.4	22.3
MRSS_00828	WP_011409891.1	34.783	46	26	2	90	131	554	599	9.3	23.5
MRSS_00828	WP_011411764.1	31.373	51	30	1	35	85	55	100	9.5	23.5
MRSS_00829	WP_011410855.1	89.362	94	10	0	1	94	1	94	3.93e-60	175
MRSS_00829	WP_011410005.1	35.556	90	53	2	1	88	1	87	9.11e-17	65.5
MRSS_00829	WP_011410537.1	32.967	91	60	1	1	91	1	90	1.32e-16	65.1
MRSS_00829	WP_011411244.1	31.461	89	60	1	1	89	3	90	1.54e-12	54.7
MRSS_00829	WP_011411305.1	25.000	24	18	0	10	33	238	261	2.6	23.1
MRSS_00829	WP_011410416.1	26.316	57	32	1	26	82	467	513	3.9	22.7
MRSS_00829	WP_050747958.1	47.059	17	9	0	39	55	18	34	4.3	21.9
MRSS_00829	WP_424141159.1	40.741	27	13	1	53	76	135	161	4.5	22.3
MRSS_00829	WP_041867024.1	30.435	23	16	0	12	34	5	27	9.6	21.2
MRSS_00829	WP_011411072.1	44.444	18	10	0	31	48	259	276	9.7	21.6
MRSS_00830	WP_011410854.1	93.190	558	38	0	1	558	1	558	0.0	1031
MRSS_00830	WP_011412128.1	39.560	91	53	2	186	275	645	734	8.76e-14	70.5
MRSS_00830	WP_011412128.1	41.096	73	40	2	276	347	650	720	2.39e-10	59.3
MRSS_00830	WP_011412128.1	34.615	78	49	2	363	440	650	725	1.22e-05	44.3
MRSS_00830	WP_011410244.1	40.909	66	37	2	197	261	627	691	1.93e-07	50.1
MRSS_00830	WP_011410244.1	29.508	122	74	6	235	355	587	697	5.97e-06	45.1
MRSS_00830	WP_011410244.1	39.706	68	37	3	369	435	627	691	3.99e-05	42.7
MRSS_00830	WP_011410244.1	34.286	70	45	1	451	520	622	690	0.002	37.4
MRSS_00830	WP_011410206.1	32.099	81	44	3	277	346	646	726	7.52e-04	38.5
MRSS_00830	WP_011410206.1	33.333	81	43	2	364	433	646	726	0.001	38.1
MRSS_00830	WP_011411273.1	32.653	49	33	0	20	68	17	65	1.3	28.1
MRSS_00830	WP_011411949.1	24.000	100	58	3	449	534	96	191	2.9	26.6
MRSS_00830	WP_011411709.1	36.667	30	19	0	217	246	306	335	3.8	26.6
MRSS_00830	WP_011410562.1	60.000	20	8	0	374	393	51	70	5.2	25.4
MRSS_00830	WP_011410364.1	27.586	87	49	4	145	231	76	148	5.4	25.8
MRSS_00830	WP_011410246.1	26.250	80	47	2	458	525	249	328	8.2	25.4
MRSS_00830	WP_011411402.1	47.826	23	12	0	167	189	361	383	8.8	25.4
MRSS_00830	WP_011410280.1	33.333	57	35	2	442	495	42	98	8.9	25.0
MRSS_00830	WP_050747824.1	39.394	33	20	0	106	138	6	38	9.0	24.6
MRSS_00831	WP_011410853.1	89.778	225	23	0	2	226	3	227	4.47e-146	403
MRSS_00831	WP_011412117.1	48.000	25	13	0	11	35	11	35	0.046	30.0
MRSS_00831	WP_424141158.1	44.118	34	16	1	6	39	14	44	0.061	29.3
MRSS_00831	WP_011412032.1	26.241	141	71	6	1	115	1	134	0.14	28.9
MRSS_00831	WP_041866643.1	61.111	18	7	0	11	28	605	622	0.36	28.1
MRSS_00831	WP_243466013.1	41.176	34	19	1	79	112	20	52	0.39	27.7
MRSS_00831	WP_011410294.1	45.455	33	15	1	7	39	28	57	0.50	27.3
MRSS_00831	WP_011411639.1	41.176	34	19	1	79	112	126	158	0.58	27.3
MRSS_00831	WP_011410263.1	45.455	33	15	1	6	38	351	380	0.64	27.3
MRSS_00831	WP_041866518.1	63.158	19	7	0	188	206	3	21	0.94	26.2
MRSS_00831	WP_011410724.1	34.884	43	25	1	147	186	48	90	1.1	26.2
MRSS_00831	WP_011411253.1	33.333	42	28	0	6	47	29	70	1.1	26.2
MRSS_00831	WP_011410773.1	52.632	19	9	0	6	24	31	49	1.7	25.8
MRSS_00831	WP_011411360.1	40.000	30	16	1	1	28	26	55	2.0	25.4
MRSS_00831	WP_011410069.1	44.118	34	16	1	6	39	35	65	2.6	25.0
MRSS_00831	WP_011410568.1	36.364	22	14	0	159	180	52	73	2.9	25.0
MRSS_00831	WP_011409881.1	36.111	36	23	0	173	208	40	75	3.1	24.6
MRSS_00831	WP_011412104.1	50.000	28	14	0	1	28	335	362	3.2	25.0
MRSS_00831	WP_243466084.1	57.143	21	8	1	115	135	2	21	3.6	22.7
MRSS_00831	WP_011410536.1	25.000	52	32	1	2	53	347	391	3.8	25.0
MRSS_00831	WP_011411326.1	31.250	32	18	1	30	61	136	163	4.0	24.6
MRSS_00831	WP_011411407.1	28.205	39	28	0	81	119	123	161	4.7	23.9
MRSS_00831	WP_011410242.1	37.500	32	20	0	12	43	49	80	4.9	24.3
MRSS_00831	WP_011411530.1	45.000	20	11	0	6	25	30	49	5.3	24.3
MRSS_00831	WP_011410199.1	38.889	36	20	1	7	40	13	48	5.3	24.3
MRSS_00831	WP_011410956.1	64.286	14	5	0	11	24	35	48	6.1	23.9
MRSS_00831	WP_011410881.1	39.394	33	17	1	7	39	348	377	6.9	23.9
MRSS_00831	WP_011410540.1	45.455	22	10	1	1	20	357	378	7.3	23.9
MRSS_00831	WP_011410496.1	45.833	24	13	0	6	29	35	58	7.9	23.5
MRSS_00831	WP_148203574.1	31.579	57	38	1	29	84	80	136	8.1	23.5
MRSS_00831	WP_011410196.1	44.000	25	14	0	4	28	28	52	9.1	23.1
MRSS_00832	WP_011410852.1	85.849	424	60	0	1	424	1	424	0.0	746
MRSS_00832	WP_011410075.1	23.684	266	178	9	3	261	2	249	0.51	28.5
MRSS_00832	WP_011411399.1	40.541	37	20	1	119	153	162	198	1.9	26.9
MRSS_00832	WP_041866902.1	30.952	42	28	1	30	71	12	52	3.5	24.3
MRSS_00832	WP_011410752.1	68.750	16	5	0	81	96	171	186	4.1	25.8
MRSS_00832	WP_011411634.1	37.500	40	22	1	45	81	40	79	5.9	24.6
MRSS_00832	WP_050747808.1	32.609	46	30	1	18	63	118	162	6.9	25.0
MRSS_00832	WP_011410773.1	32.353	34	23	0	381	414	10	43	7.8	24.6
MRSS_00832	WP_011411892.1	28.571	35	25	0	224	258	73	107	10.0	24.3
MRSS_00833	WP_011410302.1	89.565	115	12	0	1	115	1	115	7.81e-73	209
MRSS_00833	WP_041866721.1	26.882	93	54	5	22	110	41	123	0.74	25.0
MRSS_00833	WP_011279201.1	27.586	58	37	2	37	94	3	55	3.0	22.7
MRSS_00833	WP_011410952.1	30.303	33	23	0	67	99	64	96	3.1	23.5
MRSS_00833	WP_011411596.1	30.769	39	27	0	68	106	108	146	4.3	23.1
MRSS_00833	WP_011410935.1	38.462	26	16	0	82	107	882	907	5.2	23.1
MRSS_00833	WP_083764785.1	30.233	43	29	1	48	90	36	77	7.7	21.6
MRSS_00834	WP_011410301.1	85.887	248	35	0	1	248	1	248	1.10e-163	449
MRSS_00834	WP_011411051.1	29.630	27	19	0	13	39	204	230	1.4	26.2
MRSS_00834	WP_011410250.1	32.143	56	35	1	41	96	22	74	2.7	24.6
MRSS_00834	WP_011410724.1	25.547	137	89	5	42	166	24	159	3.7	24.6
MRSS_00834	WP_011412147.1	51.724	29	8	1	212	234	55	83	9.1	23.5
MRSS_00835	WP_011410300.1	80.795	151	29	0	1	151	31	181	1.02e-92	263
MRSS_00835	WP_011410076.1	27.957	93	52	5	8	88	37	126	0.48	26.6
MRSS_00835	WP_011410080.1	35.000	40	24	1	65	104	42	79	2.4	24.3
MRSS_00835	WP_011411767.1	80.000	10	2	0	127	136	130	139	7.3	23.1
MRSS_00835	WP_011411742.1	27.027	74	43	2	48	117	86	152	7.6	22.7
MRSS_00835	WP_011410293.1	40.741	27	16	0	123	149	249	275	7.7	23.1
MRSS_00835	WP_011410919.1	26.389	72	46	1	78	149	77	141	8.0	22.7
MRSS_00836	WP_011410519.1	86.250	80	11	0	1	80	1	80	1.85e-48	145
MRSS_00836	WP_243466178.1	27.059	85	59	2	5	86	63	147	0.27	25.8
MRSS_00836	WP_050747824.1	40.000	40	23	1	26	65	82	120	1.2	23.9
MRSS_00836	WP_011411645.1	25.882	85	60	2	5	86	154	238	1.8	23.5
MRSS_00836	WP_041867727.1	41.463	41	16	3	26	60	19	57	2.3	22.3
MRSS_00836	WP_041866639.1	27.500	40	26	1	37	76	21	57	4.9	22.3
MRSS_00836	WP_011410584.1	36.000	25	16	0	30	54	60	84	5.2	21.9
MRSS_00836	WP_011410075.1	20.000	50	37	1	37	83	141	190	8.1	21.6
MRSS_00837	WP_011410518.1	86.593	455	58	1	1	455	1	452	0.0	775
MRSS_00837	WP_011409949.1	32.677	254	160	3	41	288	245	493	3.56e-35	133
MRSS_00837	WP_083764672.1	23.140	121	90	1	148	265	155	275	0.33	29.6
MRSS_00837	WP_011410925.1	35.484	31	20	0	103	133	6	36	0.86	27.7
MRSS_00837	WP_011410257.1	24.306	144	102	4	45	187	53	190	0.86	27.7
MRSS_00837	WP_011410262.1	27.451	102	60	3	19	117	22	112	3.5	26.2
MRSS_00837	WP_041866989.1	57.895	19	8	0	102	120	92	110	3.7	26.2
MRSS_00837	WP_011411163.1	39.394	33	20	0	102	134	5	37	4.1	25.8
MRSS_00837	WP_011410773.1	29.577	71	45	3	93	159	22	91	4.5	25.4
MRSS_00837	WP_011410250.1	52.632	19	9	0	422	440	25	43	4.9	24.6
MRSS_00837	WP_011410496.1	29.167	48	33	1	101	148	34	80	5.0	25.4
MRSS_00837	WP_243466164.1	23.529	102	64	3	196	283	6	107	5.8	25.0
MRSS_00837	WP_011412074.1	40.909	22	13	0	249	270	50	71	9.3	23.9
MRSS_00838	WP_011410517.1	60.606	33	13	0	1	33	79	111	4.41e-07	41.6
MRSS_00838	WP_011410829.1	41.667	24	14	0	20	43	54	77	1.9	23.1
MRSS_00838	WP_000271666.1	37.209	43	22	2	6	48	51	88	3.2	22.3
MRSS_00838	WP_011411579.1	33.333	15	10	0	5	19	72	86	5.6	21.6
MRSS_00838	WP_148203575.1	25.000	32	24	0	25	56	1	32	7.0	20.8
MRSS_00838	WP_011410045.1	47.619	21	11	0	30	50	384	404	7.2	21.6
MRSS_00838	WP_243466034.1	57.143	14	6	0	38	51	123	136	8.9	21.2
MRSS_00838	WP_011410771.1	50.000	18	8	1	25	42	69	85	9.6	21.2
MRSS_00838	WP_011411291.1	56.250	16	7	0	25	40	336	351	9.7	21.2
MRSS_00839	WP_011411077.1	88.715	576	65	0	1	576	1	576	0.0	1071
MRSS_00839	WP_011410666.1	36.364	44	28	0	122	165	42	85	0.026	33.5
MRSS_00839	WP_011410277.1	20.635	63	45	1	90	152	31	88	3.4	26.6
MRSS_00839	WP_011411923.1	30.303	33	23	0	122	154	42	74	7.2	25.8
MRSS_00839	WP_173340356.1	38.710	31	17	1	268	298	427	455	7.3	25.4
MRSS_00839	WP_011410977.1	38.710	31	17	1	268	298	130	158	7.8	25.0
MRSS_00839	WP_424141159.1	38.710	31	17	1	268	298	105	133	8.3	24.6
MRSS_00839	WP_011411674.1	25.676	74	51	1	352	425	80	149	9.8	25.0
MRSS_00840	WP_011412046.1	82.759	928	159	1	1	928	1	927	0.0	1588
MRSS_00840	WP_011411683.1	31.349	252	155	5	9	258	5	240	2.32e-29	114
MRSS_00840	WP_011409898.1	34.783	46	27	2	279	323	100	143	1.2	28.9
MRSS_00840	WP_011412229.1	27.559	127	78	5	356	479	182	297	5.0	26.6
MRSS_00840	WP_011411810.1	33.333	42	28	0	174	215	165	206	5.5	26.6
MRSS_00841	WP_011410255.1	88.658	529	60	0	3	531	1	529	0.0	993
MRSS_00841	WP_011412092.1	26.358	497	298	14	12	463	7	480	8.60e-34	132
MRSS_00841	WP_011411613.1	31.788	151	91	3	16	161	5	148	1.25e-17	82.0
MRSS_00841	WP_011411613.1	21.491	228	143	8	260	470	162	370	0.18	30.4
MRSS_00841	WP_011412040.1	32.414	145	92	1	16	160	6	144	9.89e-17	79.3
MRSS_00841	WP_011409992.1	30.233	129	81	3	21	147	18	139	7.18e-08	50.8
MRSS_00841	WP_011410495.1	31.343	67	46	0	60	126	83	149	1.20e-06	47.0
MRSS_00841	WP_011410240.1	25.161	155	89	3	20	173	400	528	2.22e-04	40.0
MRSS_00841	WP_011410561.1	25.000	60	45	0	88	147	65	124	0.60	28.9
MRSS_00841	WP_011411610.1	23.611	144	86	8	19	157	12	136	6.3	25.4
MRSS_00841	WP_011411788.1	42.857	28	16	0	493	520	304	331	8.4	25.4
MRSS_00842	WP_011410253.1	72.993	137	37	0	1	137	1	137	9.49e-73	210
MRSS_00842	WP_011410023.1	45.455	22	12	0	110	131	181	202	0.55	26.2
MRSS_00842	WP_011410365.1	25.000	68	47	1	70	133	91	158	1.4	25.0
MRSS_00842	WP_011411693.1	28.169	71	48	2	30	99	127	195	1.9	24.3
MRSS_00842	WP_243466253.1	50.000	22	11	0	21	42	9	30	2.3	24.3
MRSS_00842	WP_011410852.1	50.000	22	11	0	35	56	49	70	2.5	24.3
MRSS_00842	WP_050747292.1	40.000	30	14	1	18	43	74	103	4.5	23.1
MRSS_00842	WP_011411862.1	41.667	36	18	1	87	122	31	63	5.4	23.1
MRSS_00842	WP_011410015.1	40.909	22	13	0	109	130	272	293	5.8	23.1
MRSS_00842	WP_011411285.1	44.444	27	14	1	80	105	251	277	5.8	23.1
MRSS_00842	WP_011410466.1	24.324	37	28	0	95	131	25	61	7.6	22.7
MRSS_00842	WP_011411071.1	30.435	46	32	0	73	118	165	210	9.7	22.3
MRSS_00842	WP_011411809.1	28.889	45	29	2	49	91	31	74	9.7	21.9
MRSS_00843	WP_011411599.1	92.548	416	31	0	1	416	1	416	0.0	789
MRSS_00843	WP_011411730.1	23.438	192	125	8	54	232	526	708	1.5	27.3
MRSS_00843	WP_011411975.1	31.915	47	32	0	79	125	57	103	3.1	26.2
MRSS_00843	WP_011411539.1	25.714	70	51	1	295	363	341	410	3.6	26.2
MRSS_00843	WP_041866951.1	72.727	11	3	0	380	390	31	41	6.6	23.9
MRSS_00843	WP_011412154.1	43.478	23	13	0	71	93	12	34	7.0	25.0
MRSS_00843	WP_050747904.1	28.814	59	42	0	182	240	96	154	8.2	24.6
MRSS_00843	WP_011410183.1	28.261	46	24	1	169	214	48	84	8.7	23.9
MRSS_00843	WP_050747388.1	28.889	45	31	1	102	146	15	58	9.0	23.9
MRSS_00843	WP_011411258.1	34.483	29	19	0	105	133	19	47	9.0	24.6
MRSS_00843	WP_011412092.1	47.826	23	12	0	95	117	327	349	10.0	24.6
MRSS_00844	WP_011411580.1	84.490	490	71	2	1	489	1	486	0.0	822
MRSS_00844	WP_011412233.1	36.800	125	73	3	204	325	217	338	7.44e-14	69.7
MRSS_00844	WP_011412233.1	39.326	89	54	0	5	93	219	307	6.18e-09	54.3
MRSS_00844	WP_011411610.1	30.128	156	102	4	5	154	11	165	2.96e-12	63.5
MRSS_00844	WP_011411610.1	28.070	171	110	4	206	372	11	172	1.19e-08	52.8
MRSS_00844	WP_011410201.1	29.714	175	110	6	2	170	195	362	2.43e-04	39.7
MRSS_00844	WP_011410201.1	29.282	181	92	9	206	371	198	357	0.027	33.1
MRSS_00844	WP_011412045.1	22.599	177	124	5	204	373	28	198	0.001	36.6
MRSS_00844	WP_011412045.1	42.857	35	19	1	5	38	30	64	0.37	28.9
MRSS_00844	WP_011411826.1	48.718	39	19	1	5	43	5	42	0.005	35.0
MRSS_00844	WP_011411826.1	65.000	20	7	0	204	223	3	22	0.65	28.5
MRSS_00844	WP_011410495.1	23.301	206	105	6	204	369	28	220	0.006	35.0
MRSS_00844	WP_011410856.1	65.217	23	8	0	5	27	372	394	0.32	29.6
MRSS_00844	WP_011410229.1	28.409	88	57	3	208	294	164	246	0.39	29.3
MRSS_00844	WP_011410229.1	29.545	88	57	4	5	90	162	246	0.78	28.5
MRSS_00844	WP_011410738.1	56.522	23	10	0	5	27	369	391	0.67	28.5
MRSS_00844	WP_011412040.1	24.242	132	77	3	5	121	8	131	0.71	28.5
MRSS_00844	WP_011411424.1	40.000	35	21	0	210	244	187	221	1.1	27.7
MRSS_00844	WP_011410316.1	55.556	18	8	0	453	470	357	374	2.0	26.9
MRSS_00844	WP_011410240.1	24.405	168	108	5	3	160	396	554	2.1	26.9
MRSS_00844	WP_011411395.1	38.462	26	16	0	25	50	35	60	3.1	26.6
MRSS_00844	WP_011411613.1	28.723	94	62	3	274	367	86	174	4.2	26.2
MRSS_00844	WP_011411560.1	34.286	35	23	0	208	242	300	334	4.9	25.8
MRSS_00844	WP_011410234.1	31.429	35	24	0	203	237	185	219	7.6	25.4
MRSS_00844	WP_011410881.1	60.000	20	8	0	5	24	32	51	8.6	25.0
MRSS_00844	WP_011410536.1	56.250	16	7	0	3	18	350	365	9.9	25.0
MRSS_00845	WP_011411581.1	85.271	387	57	0	1	387	7	393	0.0	671
MRSS_00845	WP_148203457.1	26.154	65	48	0	210	274	140	204	0.029	32.7
MRSS_00845	WP_148203457.1	28.409	88	53	3	11	90	122	207	4.2	25.8
MRSS_00845	WP_243465984.1	33.333	45	24	1	206	244	5	49	1.9	24.6
MRSS_00845	WP_041866638.1	25.455	55	39	1	301	355	65	117	5.0	25.4
MRSS_00845	WP_148203474.1	57.143	21	8	1	283	302	100	120	6.0	24.6
MRSS_00845	WP_011411007.1	34.694	49	24	2	287	333	154	196	7.7	24.6
MRSS_00845	WP_011410531.1	34.375	32	21	0	2	33	6	37	8.1	24.3
MRSS_00846	WP_011411582.1	78.846	208	40	2	1	208	1	204	1.83e-114	321
MRSS_00846	WP_011411686.1	52.174	23	11	0	15	37	65	87	1.6	25.0
MRSS_00846	WP_083764938.1	34.884	43	28	0	31	73	67	109	3.6	23.9
MRSS_00846	WP_011409924.1	36.735	49	29	2	81	128	164	211	5.7	23.9
MRSS_00846	WP_011410072.1	25.000	80	58	1	35	114	72	149	5.8	23.9
MRSS_00846	WP_011410267.1	41.379	29	17	0	54	82	780	808	7.2	23.9
MRSS_00846	WP_011411742.1	25.397	63	45	1	23	85	172	232	8.6	23.5
MRSS_00846	WP_011410461.1	62.500	16	6	0	99	114	247	262	9.2	23.1
MRSS_00846	WP_011411886.1	48.000	25	13	0	176	200	174	198	9.2	23.1
MRSS_00847	WP_011411583.1	89.151	424	46	0	1	424	1	424	0.0	777
MRSS_00847	WP_011411651.1	24.658	73	53	1	10	82	38	108	1.4	27.3
MRSS_00847	WP_011410399.1	25.352	71	44	3	16	85	65	127	3.5	25.8
MRSS_00847	WP_011410489.1	51.613	31	12	1	344	371	75	105	4.3	25.8
MRSS_00847	WP_011411381.1	34.375	32	19	1	251	282	4	33	5.5	24.3
MRSS_00847	WP_011411749.1	38.889	36	21	1	361	395	255	290	5.5	25.4
MRSS_00847	WP_011411999.1	32.000	75	45	2	336	408	37	107	5.8	24.6
MRSS_00847	WP_011411169.1	42.308	26	15	0	348	373	54	79	6.8	25.0
MRSS_00847	WP_011411811.1	50.000	24	12	0	401	424	91	114	8.4	24.6
MRSS_00848	WP_011411584.1	90.349	373	36	0	1	373	1	373	0.0	686
MRSS_00848	WP_011410115.1	34.615	78	39	2	89	162	421	490	0.002	36.6
MRSS_00848	WP_011410410.1	40.476	42	23	1	41	80	25	66	0.056	31.6
MRSS_00848	WP_011411088.1	30.435	69	38	2	92	150	23	91	0.90	27.3
MRSS_00848	WP_011411573.1	34.146	41	27	0	19	59	296	336	1.4	26.9
MRSS_00848	WP_011411002.1	21.854	151	93	2	5	155	331	456	1.7	26.9
MRSS_00848	WP_011410908.1	22.727	66	37	1	56	121	90	141	2.9	25.8
MRSS_00848	WP_011411181.1	30.769	52	34	1	40	91	148	197	3.2	25.8
MRSS_00848	WP_243466163.1	40.909	22	13	0	275	296	3	24	3.7	23.5
MRSS_00848	WP_011409910.1	32.353	34	23	0	269	302	26	59	4.1	24.6
MRSS_00848	WP_011410715.1	83.333	12	2	0	303	314	259	270	5.2	25.0
MRSS_00848	WP_011411145.1	24.242	132	84	3	230	361	245	360	7.0	25.0
MRSS_00848	WP_011410752.1	30.233	43	30	0	331	373	470	512	9.3	24.6
MRSS_00849	WP_011411585.1	81.356	177	30	2	1	177	1	174	1.22e-100	290
MRSS_00849	WP_243466218.1	52.381	21	10	0	17	37	9	29	2.3	24.3
MRSS_00849	WP_011411401.1	42.857	28	16	0	5	32	930	957	2.4	25.0
MRSS_00849	WP_148203408.1	35.714	28	17	1	68	95	51	77	5.7	23.1
MRSS_00849	WP_243466197.1	32.143	28	19	0	10	37	6	33	6.2	22.3
MRSS_00849	WP_011410403.1	25.806	62	42	1	7	64	12	73	6.5	23.1
MRSS_00849	WP_011411395.1	38.710	31	19	0	105	135	128	158	7.8	23.5
MRSS_00850	WP_011412178.1	41.111	90	45	3	3	88	149	234	8.92e-13	58.2
MRSS_00850	WP_011410631.1	38.889	90	47	3	3	88	141	226	9.53e-12	55.5
MRSS_00850	WP_011409963.1	38.889	90	47	3	3	88	149	234	1.13e-11	55.1
MRSS_00850	WP_011410900.1	38.889	90	47	3	3	88	149	234	2.77e-11	53.9
MRSS_00850	WP_011411000.1	37.778	90	48	3	3	88	149	234	2.91e-11	53.9
MRSS_00850	WP_011410636.1	36.667	90	49	3	3	88	149	234	2.92e-10	51.2
MRSS_00850	WP_011410889.1	53.846	39	18	0	3	41	150	188	9.91e-09	46.6
MRSS_00850	WP_083764717.1	37.500	80	42	3	13	88	57	132	3.16e-06	39.7
MRSS_00850	WP_011410332.1	32.143	28	19	0	55	82	211	238	0.69	24.6
MRSS_00850	WP_011411653.1	38.462	26	16	0	24	49	119	144	0.72	24.6
MRSS_00850	WP_011412006.1	58.333	12	5	0	70	81	185	196	2.0	23.5
MRSS_00850	WP_041866758.1	30.435	23	16	0	60	82	224	246	2.2	23.1
MRSS_00850	WP_050747541.1	30.435	23	16	0	60	82	48	70	4.0	21.9
MRSS_00850	WP_148203573.1	53.333	15	7	0	70	84	9	23	5.2	21.9
MRSS_00850	WP_424141178.1	22.078	77	55	2	12	88	209	280	6.9	21.9
MRSS_00850	WP_011410275.1	52.174	23	11	0	26	48	59	81	9.7	20.8
MRSS_00851	WP_011411587.1	86.005	393	55	0	2	394	1	393	0.0	698
MRSS_00851	WP_011410171.1	23.158	95	63	3	134	228	119	203	0.98	27.7
MRSS_00851	WP_158302315.1	23.423	111	78	2	291	394	23	133	1.1	27.3
MRSS_00851	WP_041866482.1	33.333	51	28	2	252	300	281	327	2.1	26.6
MRSS_00851	WP_011409881.1	34.211	38	25	0	71	108	20	57	4.7	25.0
MRSS_00851	WP_041867103.1	32.203	59	32	3	288	345	45	96	5.9	24.3
MRSS_00851	WP_011411745.1	27.273	55	34	1	257	311	63	111	7.0	25.0
MRSS_00851	WP_011410730.1	24.648	142	83	7	218	339	36	173	7.2	24.6
MRSS_00851	WP_011410461.1	32.432	37	25	0	89	125	224	260	8.0	24.6
MRSS_00852	WP_011411588.1	88.112	143	17	0	1	143	1	143	1.87e-91	258
MRSS_00852	WP_011411228.1	27.160	81	43	3	4	84	128	192	0.37	26.9
MRSS_00852	WP_011410361.1	23.810	84	53	3	1	83	23	96	0.92	25.4
MRSS_00852	WP_424141143.1	45.455	22	12	0	117	138	55	76	1.6	24.3
MRSS_00852	WP_011411500.1	24.074	54	41	0	17	70	192	245	1.6	25.0
MRSS_00852	WP_011410682.1	26.000	50	37	0	90	139	1	50	2.5	24.3
MRSS_00852	WP_011410967.1	26.829	41	30	0	33	73	189	229	3.6	23.9
MRSS_00852	WP_011411742.1	26.316	38	28	0	86	123	195	232	4.2	23.5
MRSS_00852	WP_011410790.1	30.000	50	34	1	16	64	283	332	4.6	23.5
MRSS_00852	WP_011411071.1	29.487	78	48	2	4	81	94	164	7.3	22.7
MRSS_00853	WP_243466006.1	37.037	27	17	0	8	34	46	72	0.41	23.1
MRSS_00853	WP_011411146.1	40.000	30	13	1	7	31	146	175	2.5	21.2
MRSS_00853	WP_050747487.1	37.500	16	10	0	10	25	1	16	4.4	20.4
MRSS_00853	WP_424141132.1	42.105	19	11	0	23	41	32	50	6.1	20.0
MRSS_00853	WP_011412173.1	30.769	26	18	0	13	38	218	243	6.9	19.6
MRSS_00853	WP_041866511.1	47.059	17	9	0	19	35	18	34	8.1	19.2
MRSS_00853	WP_011410676.1	53.333	15	7	0	6	20	74	88	8.6	19.6
MRSS_00853	WP_424141161.1	50.000	14	7	0	13	26	2	15	9.0	19.2
MRSS_00853	WP_148203412.1	44.444	18	10	0	24	41	265	282	9.5	19.2
MRSS_00854	WP_011411072.1	47.368	19	10	0	10	28	399	417	4.9	19.6
MRSS_00854	WP_243466288.1	56.250	16	7	0	12	27	371	386	7.5	19.2
MRSS_00854	WP_041866859.1	42.857	14	8	0	17	30	58	71	9.7	18.9
MRSS_00855	WP_011411592.1	87.646	429	53	0	2	430	1	429	0.0	751
MRSS_00855	WP_011411921.1	38.608	316	177	8	116	427	192	494	9.99e-55	186
MRSS_00855	WP_011410672.1	35.294	34	22	0	161	194	54	87	1.7	26.6
MRSS_00855	WP_011412191.1	32.000	50	34	0	173	222	175	224	3.0	26.2
MRSS_00855	WP_011279195.1	27.907	86	60	1	301	386	58	141	3.2	26.2
MRSS_00855	WP_011410168.1	24.096	83	63	0	214	296	15	97	4.5	24.3
MRSS_00855	WP_011279165.1	58.333	12	5	0	69	80	34	45	6.4	24.3
MRSS_00855	WP_011410176.1	30.357	56	33	2	17	70	228	279	7.9	25.0
MRSS_00855	WP_011410036.1	33.333	51	28	2	169	216	156	203	9.1	24.6
MRSS_00855	WP_083764672.1	31.148	61	37	1	354	414	156	211	9.4	24.6
MRSS_00855	WP_000271666.1	31.707	41	26	1	126	164	19	59	9.8	23.9
MRSS_00855	WP_011411788.1	69.231	13	4	0	74	86	148	160	9.9	24.6
MRSS_00856	WP_011411593.1	84.949	392	59	0	1	392	1	392	0.0	679
MRSS_00856	WP_011411688.1	25.753	365	234	10	41	382	51	401	3.71e-20	87.8
MRSS_00856	WP_011411255.1	24.189	339	236	7	41	360	59	395	4.71e-16	75.5
MRSS_00856	WP_011279183.1	20.408	98	64	3	223	311	87	179	0.89	27.7
MRSS_00856	WP_011412140.1	28.846	52	33	1	219	270	189	236	1.4	26.9
MRSS_00856	WP_050747663.1	25.333	75	51	3	6	79	14	84	1.8	25.0
MRSS_00856	WP_011412125.1	37.037	27	17	0	276	302	193	219	2.5	26.6
MRSS_00856	WP_011412009.1	50.000	22	8	1	15	36	140	158	3.2	25.8
MRSS_00856	WP_011410143.1	27.586	116	75	4	94	206	101	210	6.9	25.0
MRSS_00856	WP_011410298.1	43.478	23	13	0	310	332	406	428	7.5	25.0
MRSS_00856	WP_011410122.1	52.632	19	9	0	320	338	10	28	8.5	24.3
MRSS_00856	WP_050747668.1	33.333	45	27	1	233	277	2	43	9.2	23.1
MRSS_00857	WP_011411596.1	83.774	265	39	1	1	261	1	265	3.77e-164	452
MRSS_00857	WP_011410213.1	27.407	135	92	1	4	132	1	135	3.11e-11	58.5
MRSS_00857	WP_050747824.1	36.111	36	22	1	204	238	1	36	0.68	26.9
MRSS_00857	WP_011411325.1	31.343	67	38	2	80	138	256	322	0.79	27.3
MRSS_00857	WP_011411621.1	26.250	80	56	2	90	169	15	91	1.0	26.6
MRSS_00857	WP_041866860.1	27.869	61	42	1	149	207	43	103	3.1	24.6
MRSS_00857	WP_041867274.1	31.579	57	37	1	131	185	173	229	4.8	25.0
MRSS_00857	WP_011410277.1	29.167	72	35	3	54	109	413	484	6.0	24.6
MRSS_00857	WP_041867085.1	26.667	45	33	0	156	200	99	143	6.1	24.3
MRSS_00857	WP_158302422.1	35.484	31	20	0	135	165	316	346	6.6	24.6
MRSS_00857	WP_050747561.1	40.741	27	15	1	131	157	15	40	8.4	23.1
MRSS_00857	WP_011411947.1	30.000	50	34	1	19	67	74	123	9.6	23.5
MRSS_00858	WP_011410935.1	87.554	1149	142	1	1	1148	1	1149	0.0	2033
MRSS_00858	WP_011412035.1	38.303	389	221	5	591	965	260	643	1.89e-64	228
MRSS_00858	WP_011411978.1	28.780	205	119	7	582	775	188	376	4.22e-09	56.6
MRSS_00858	WP_011410768.1	22.184	293	191	7	31	287	49	340	6.27e-08	52.8
MRSS_00858	WP_011410768.1	22.481	129	66	4	809	929	470	572	0.20	32.0
MRSS_00858	WP_011411099.1	21.111	90	69	1	818	905	92	181	0.31	31.2
MRSS_00858	WP_011411239.1	28.000	75	44	2	530	595	203	276	0.64	30.0
MRSS_00858	WP_011410307.1	25.806	62	46	0	740	801	98	159	0.88	29.3
MRSS_00858	WP_011410509.1	45.161	31	14	1	175	205	41	68	1.4	28.5
MRSS_00858	WP_011411857.1	31.008	129	71	5	1012	1132	72	190	1.9	28.5
MRSS_00858	WP_011411619.1	23.714	350	218	14	595	915	22	351	3.0	27.7
MRSS_00858	WP_011411669.1	36.585	41	23	1	718	755	99	139	3.5	27.3
MRSS_00858	WP_011410774.1	22.910	323	195	11	588	877	11	312	3.8	27.3
MRSS_00858	WP_011411006.1	29.688	64	39	2	234	291	187	250	6.1	26.6
MRSS_00858	WP_041867650.1	73.333	15	4	0	57	71	3	17	8.0	26.6
MRSS_00858	WP_011410289.1	27.000	100	54	3	322	415	74	160	8.1	26.6
MRSS_00858	WP_011410902.1	43.333	30	16	1	82	110	96	125	9.5	26.2
MRSS_00858	WP_148203423.1	28.889	45	29	1	91	132	2	46	9.6	24.3
MRSS_00859	WP_011410942.1	73.171	82	21	1	2	82	90	171	1.74e-34	114
MRSS_00859	WP_011410820.1	37.097	62	38	1	8	68	96	157	4.37e-10	50.1
MRSS_00859	WP_003853014.1	31.818	88	52	3	3	82	95	182	3.33e-07	42.4
MRSS_00859	WP_011411992.1	35.593	59	31	2	1	56	88	142	2.29e-04	34.3
MRSS_00859	WP_011410266.1	37.500	40	25	0	1	40	91	130	0.006	30.4
MRSS_00859	WP_166506343.1	30.909	55	37	1	2	56	63	116	0.32	25.0
MRSS_00859	WP_011411259.1	34.286	35	23	0	41	75	135	169	0.72	24.3
MRSS_00859	WP_011411187.1	25.000	44	33	0	6	49	251	294	1.7	23.5
MRSS_00859	WP_148203310.1	36.000	25	16	0	9	33	398	422	1.8	23.5
MRSS_00859	WP_011411091.1	31.429	35	24	0	8	42	29	63	3.2	22.7
MRSS_00859	WP_011411028.1	22.727	44	34	0	6	49	251	294	4.6	22.3
MRSS_00859	WP_011412043.1	41.176	17	10	0	9	25	100	116	7.9	21.6
MRSS_00859	WP_011410534.1	45.455	22	12	0	19	40	158	179	8.5	21.2
MRSS_00860	WP_011410942.1	80.000	25	5	0	1	25	175	199	1.24e-07	40.8
MRSS_00860	WP_011411681.1	40.909	22	13	0	5	26	166	187	4.4	19.6
MRSS_00860	WP_011411334.1	37.500	24	15	0	9	32	430	453	6.2	19.2
MRSS_00860	WP_011411189.1	50.000	14	7	0	14	27	36	49	8.4	18.9
MRSS_00861	WP_011409882.1	82.927	205	35	0	1	205	1	205	2.45e-131	364
MRSS_00861	WP_011410339.1	30.000	60	41	1	96	154	102	161	1.4	25.8
MRSS_00861	WP_011410007.1	25.000	48	36	0	155	202	146	193	2.0	25.4
MRSS_00861	WP_011411501.1	29.545	44	30	1	40	82	153	196	6.8	23.9
MRSS_00861	WP_011410820.1	25.424	59	41	1	112	167	20	78	7.1	23.5
MRSS_00861	WP_279379389.1	23.077	39	30	0	93	131	5	43	8.2	21.6
MRSS_00861	WP_050747496.1	35.294	34	16	2	149	176	33	66	9.8	22.3
MRSS_00862	WP_011411841.1	89.474	133	14	0	1	133	50	182	5.73e-87	248
MRSS_00862	WP_011411535.1	30.000	70	43	3	38	104	65	131	0.053	28.9
MRSS_00862	WP_011411022.1	27.536	69	37	4	42	103	82	144	0.080	28.1
MRSS_00862	WP_011411510.1	26.087	69	39	4	42	103	82	145	0.26	26.9
MRSS_00862	WP_011411075.1	22.807	57	44	0	70	126	132	188	0.30	26.9
MRSS_00862	WP_011411670.1	41.667	36	20	1	29	64	144	178	1.1	25.4
MRSS_00862	WP_011410024.1	28.000	50	32	2	17	66	1174	1219	3.6	23.9
MRSS_00862	WP_041866702.1	39.130	23	14	0	42	64	92	114	5.4	22.7
MRSS_00862	WP_011410258.1	72.727	11	3	0	107	117	24	34	9.1	22.7
MRSS_00863	WP_011411840.1	77.982	109	24	0	1	109	1	109	3.04e-51	154
MRSS_00863	WP_011410382.1	28.866	97	69	0	5	101	11	107	1.42e-09	48.1
MRSS_00863	WP_011410383.1	26.667	105	77	0	3	107	4	108	6.17e-09	46.6
MRSS_00863	WP_011411497.1	32.381	105	68	1	1	105	1	102	7.05e-07	40.8
MRSS_00863	WP_050747713.1	27.083	48	34	1	35	81	10	57	0.16	26.9
MRSS_00863	WP_011410542.1	24.490	49	37	0	43	91	1	49	1.6	23.9
MRSS_00863	WP_011410811.1	23.913	92	65	3	20	107	160	250	3.2	23.5
MRSS_00863	WP_011410954.1	32.143	28	19	0	2	29	209	236	4.6	22.7
MRSS_00863	WP_011411411.1	20.455	44	35	0	59	102	143	186	5.6	22.7
MRSS_00863	WP_243466249.1	34.286	35	19	1	7	41	14	44	6.1	21.9
MRSS_00864	WP_011409992.1	90.878	296	27	0	1	296	99	394	0.0	516
MRSS_00864	WP_011410495.1	26.415	212	127	9	2	199	132	328	1.96e-09	54.3
MRSS_00864	WP_011412040.1	30.625	160	88	6	1	148	92	240	3.58e-08	50.4
MRSS_00864	WP_011411006.1	22.043	186	108	8	104	263	86	260	0.082	30.4
MRSS_00864	WP_011410967.1	29.310	58	38	1	1	55	263	320	0.099	30.4
MRSS_00864	WP_011412092.1	36.585	41	25	1	1	41	106	145	0.65	27.7
MRSS_00864	WP_011410240.1	72.222	18	5	0	5	22	470	487	0.95	27.3
MRSS_00864	WP_011411268.1	23.750	80	58	2	140	217	189	267	1.6	26.6
MRSS_00864	WP_011409976.1	22.917	48	37	0	91	138	223	270	2.3	26.2
MRSS_00864	WP_243466275.1	41.667	36	19	1	45	80	115	148	4.5	24.6
MRSS_00864	WP_011410063.1	20.139	144	96	5	64	189	103	245	6.0	24.6
MRSS_00864	WP_011410942.1	35.714	28	18	0	78	105	75	102	6.1	24.3
MRSS_00864	WP_148203498.1	40.000	25	12	1	80	101	14	38	8.1	23.9
MRSS_00865	WP_011412092.1	94.722	701	37	0	1	701	1	701	0.0	1361
MRSS_00865	WP_011410255.1	26.962	497	295	14	7	480	10	461	6.87e-38	144
MRSS_00865	WP_011412040.1	39.216	153	82	3	7	158	2	144	4.00e-23	100
MRSS_00865	WP_011412040.1	30.899	178	108	7	326	490	215	390	2.38e-11	62.8
MRSS_00865	WP_011412040.1	23.529	85	63	2	610	692	398	482	2.9	27.3
MRSS_00865	WP_011411613.1	34.899	149	92	2	11	159	5	148	8.67e-19	86.7
MRSS_00865	WP_011411613.1	24.731	186	126	6	315	489	190	372	4.07e-07	49.3
MRSS_00865	WP_011411613.1	23.750	80	60	1	608	686	399	478	0.028	33.9
MRSS_00865	WP_011409992.1	28.000	150	83	6	3	145	8	139	1.67e-08	53.5
MRSS_00865	WP_011410240.1	35.802	81	52	0	78	158	438	518	0.002	37.4
MRSS_00865	WP_011410495.1	25.714	140	86	4	41	169	73	205	0.020	34.3
MRSS_00865	WP_041866950.1	35.484	62	29	2	395	455	24	75	0.042	30.4
MRSS_00865	WP_083764761.1	35.484	62	29	2	395	455	32	83	0.062	30.0
MRSS_00865	WP_011411848.1	20.536	112	73	3	466	574	165	263	1.3	28.1
MRSS_00865	WP_011412221.1	30.882	68	39	3	146	208	45	109	1.4	28.1
MRSS_00865	WP_011412244.1	36.000	25	16	0	175	199	98	122	3.2	26.2
MRSS_00865	WP_011410429.1	38.095	21	13	0	205	225	67	87	3.5	26.2
MRSS_00865	WP_011410390.1	45.161	31	17	0	257	287	132	162	4.9	26.2
MRSS_00865	WP_011410114.1	27.119	59	42	1	208	265	41	99	5.9	25.0
MRSS_00866	WP_011412093.1	90.385	156	15	0	1	156	1	156	7.92e-106	295
MRSS_00866	WP_041866643.1	29.231	65	44	1	86	150	227	289	0.53	26.6
MRSS_00866	WP_011409995.1	43.750	16	9	0	5	20	129	144	4.0	23.9
MRSS_00866	WP_011411624.1	36.000	25	16	0	99	123	75	99	6.3	23.5
MRSS_00866	WP_148203502.1	41.176	34	20	0	102	135	12	45	7.5	22.3
MRSS_00867	WP_011412094.1	98.387	124	2	0	1	124	1	124	2.50e-89	251
MRSS_00867	WP_011410752.1	27.160	81	50	3	46	121	555	631	1.2	25.0
MRSS_00867	WP_011412191.1	27.660	47	34	0	7	53	33	79	1.3	24.6
MRSS_00867	WP_011411990.1	41.379	29	15	1	37	63	7	35	7.6	22.3
MRSS_00868	WP_011412095.1	86.316	95	13	0	1	95	1	95	1.20e-55	164
MRSS_00868	WP_011411639.1	48.148	27	14	0	35	61	316	342	0.24	26.2
MRSS_00868	WP_011412016.1	26.667	60	37	2	32	91	30	82	1.4	23.9
MRSS_00868	WP_041867343.1	66.667	15	5	0	22	36	48	62	2.7	23.1
MRSS_00868	WP_000042842.1	30.435	46	27	1	37	77	27	72	4.1	22.3
MRSS_00868	WP_011279223.1	33.333	45	25	2	18	62	261	300	4.6	22.3
MRSS_00868	WP_011410082.1	52.632	19	7	1	42	60	93	109	4.9	22.3
MRSS_00868	WP_148203575.1	50.000	14	7	0	82	95	4	17	5.1	21.6
MRSS_00868	WP_011279235.1	34.615	26	17	0	68	93	53	78	7.6	21.9
MRSS_00868	WP_050747582.1	26.471	102	45	3	5	89	35	123	8.8	21.6
MRSS_00869	WP_011412096.1	87.395	119	15	0	1	119	1	119	4.39e-74	212
MRSS_00869	WP_083765040.1	29.000	100	42	6	27	116	209	289	0.25	26.9
MRSS_00869	WP_011411821.1	34.545	55	35	1	56	110	35	88	2.0	24.3
MRSS_00869	WP_243466257.1	37.037	27	17	0	8	34	17	43	3.3	22.7
MRSS_00869	WP_011410055.1	46.667	15	8	0	93	107	5	19	3.5	23.5
MRSS_00869	WP_000808003.1	31.111	45	29	1	45	89	199	241	3.6	23.5
MRSS_00869	WP_011410452.1	23.457	81	61	1	40	119	138	218	4.1	23.1
MRSS_00869	WP_011411331.1	26.667	30	22	0	80	109	105	134	8.2	22.3
MRSS_00869	WP_070108754.1	22.857	70	40	2	51	106	6	75	8.6	22.3
MRSS_00869	WP_011411301.1	34.615	52	24	3	27	76	57	100	8.7	22.3
MRSS_00870	WP_011412097.1	82.114	123	22	0	1	123	8	130	1.38e-73	211
MRSS_00870	WP_158302353.1	44.000	25	14	0	46	70	90	114	0.054	28.5
MRSS_00870	WP_011410127.1	36.667	30	18	1	35	64	315	343	0.82	25.4
MRSS_00870	WP_050747478.1	37.838	37	23	0	67	103	75	111	1.8	23.9
MRSS_00870	WP_011412145.1	32.558	43	26	1	59	98	78	120	2.2	23.9
MRSS_00870	WP_050747904.1	34.884	43	24	2	62	102	1	41	2.3	23.9
MRSS_00870	WP_279379397.1	34.375	32	18	1	55	86	24	52	2.8	23.9
MRSS_00870	WP_011411584.1	32.075	53	35	1	63	114	213	265	3.8	23.5
MRSS_00870	WP_011410791.1	40.909	22	13	0	86	107	14	35	5.0	22.7
MRSS_00870	WP_011410451.1	40.625	32	18	1	35	65	38	69	6.0	22.7
MRSS_00870	WP_011411683.1	36.000	25	16	0	11	35	15	39	8.3	22.3
MRSS_00870	WP_011411055.1	27.273	66	42	2	58	123	78	137	9.5	21.9
MRSS_00871	WP_011410890.1	71.014	69	20	0	1	69	119	187	5.49e-30	104
MRSS_00871	WP_050747623.1	52.381	21	10	0	21	41	283	303	3.3	21.9
MRSS_00871	WP_041866989.1	61.538	13	5	0	2	14	1179	1191	3.7	21.9
MRSS_00871	WP_243466042.1	20.930	43	34	0	29	71	20	62	7.0	20.8
MRSS_00872	WP_011412239.1	80.714	140	27	0	1	140	1	140	4.12e-81	232
MRSS_00872	WP_011411425.1	42.336	137	68	6	9	138	3	135	6.43e-26	92.0
MRSS_00872	WP_011410439.1	36.538	52	29	2	7	54	98	149	0.72	25.8
MRSS_00872	WP_011412034.1	47.059	17	9	0	118	134	428	444	1.1	25.4
MRSS_00872	WP_011412159.1	33.333	48	30	1	26	73	56	101	1.4	24.6
MRSS_00872	WP_011410378.1	28.846	52	37	0	86	137	16	67	1.7	24.6
MRSS_00872	WP_041867134.1	27.500	40	27	1	67	104	68	107	5.0	22.7
MRSS_00872	WP_011411521.1	38.462	26	16	0	73	98	195	220	5.1	23.1
MRSS_00872	WP_011410716.1	42.424	33	18	1	41	73	205	236	5.6	23.1
MRSS_00872	WP_011410515.1	34.146	41	27	0	39	79	92	132	8.3	22.3
MRSS_00873	WP_011411958.1	89.051	548	60	0	1	548	1	548	0.0	1041
MRSS_00873	WP_243466126.1	44.444	27	12	1	256	282	13	36	0.50	26.9
MRSS_00873	WP_050747354.1	25.352	71	51	1	376	446	104	172	0.62	28.9
MRSS_00873	WP_011411007.1	35.714	56	31	2	486	536	45	100	2.8	26.6
MRSS_00873	WP_243466193.1	24.490	49	35	1	13	59	137	185	3.7	26.2
MRSS_00873	WP_011410336.1	28.767	73	41	2	178	239	120	192	4.3	26.2
MRSS_00873	WP_011410052.1	33.333	33	16	1	372	398	71	103	7.4	25.0
MRSS_00873	WP_198408747.1	40.000	25	15	0	147	171	26	50	8.0	23.1
MRSS_00873	WP_050747613.1	28.205	78	47	3	58	127	24	100	8.3	24.6
MRSS_00873	WP_011411081.1	27.027	74	36	4	267	330	131	196	9.1	25.0
MRSS_00873	WP_050747725.1	28.571	35	25	0	341	375	73	107	9.6	24.3
MRSS_00874	WP_011410246.1	83.897	621	78	2	1	599	1	621	0.0	1003
MRSS_00874	WP_011410774.1	41.534	378	213	3	7	377	2	378	5.27e-95	295
MRSS_00874	WP_011411619.1	41.096	365	208	4	6	364	4	367	2.26e-85	270
MRSS_00874	WP_011412194.1	38.068	352	208	3	4	346	7	357	1.23e-72	235
MRSS_00874	WP_011412144.1	25.872	344	231	9	24	358	21	349	7.31e-18	83.6
MRSS_00874	WP_011410768.1	29.825	114	72	3	254	361	455	566	6.76e-05	42.0
MRSS_00874	WP_011412035.1	23.032	343	203	12	43	351	286	601	6.75e-04	38.9
MRSS_00874	WP_011410293.1	22.222	171	119	6	177	341	440	602	8.55e-04	38.5
MRSS_00874	WP_011411978.1	28.409	88	51	1	285	360	521	608	0.054	32.7
MRSS_00874	WP_279379432.1	56.000	25	11	0	435	459	56	80	1.5	27.3
MRSS_00874	WP_011410262.1	30.120	83	56	2	204	284	170	252	1.8	27.3
MRSS_00874	WP_011411255.1	32.558	43	25	1	135	177	142	180	4.5	26.2
MRSS_00874	WP_011410564.1	28.571	63	45	0	304	366	276	338	4.7	26.2
MRSS_00874	WP_041867695.1	32.203	59	39	1	70	127	21	79	7.3	25.4
MRSS_00874	WP_011410849.1	22.000	50	39	0	178	227	368	417	9.4	25.4
MRSS_00875	WP_011410244.1	89.787	705	72	0	1	705	1	705	0.0	1291
MRSS_00875	WP_011412128.1	35.897	78	49	1	614	690	643	720	3.80e-07	49.7
MRSS_00875	WP_011410854.1	40.625	64	36	2	629	691	199	261	1.25e-06	47.8
MRSS_00875	WP_011410854.1	37.313	67	38	3	628	691	370	435	0.002	37.0
MRSS_00875	WP_011410854.1	32.927	82	54	1	622	702	451	532	0.006	35.8
MRSS_00875	WP_011410854.1	30.667	75	45	2	587	654	235	309	0.027	33.9
MRSS_00875	WP_011412024.1	24.242	198	123	6	315	495	2	189	0.001	37.7
MRSS_00875	WP_011410564.1	41.667	24	14	0	42	65	162	185	1.3	28.1
MRSS_00875	WP_011412233.1	29.703	101	64	3	264	361	157	253	2.1	27.7
MRSS_00875	WP_011410273.1	38.710	31	19	0	384	414	182	212	5.3	26.2
MRSS_00875	WP_011410265.1	35.714	56	28	2	202	252	10	62	5.8	25.8
MRSS_00875	WP_011411071.1	42.308	26	15	0	528	553	15	40	7.4	25.4
MRSS_00875	WP_011409913.1	28.261	46	28	1	274	314	63	108	7.9	25.8
MRSS_00875	WP_011412196.1	46.875	32	16	1	390	421	403	433	8.2	25.8
MRSS_00876	WP_011410243.1	86.517	89	12	0	1	89	1	89	2.41e-52	155
MRSS_00876	WP_011411852.1	46.429	28	14	1	62	89	240	266	0.45	25.4
MRSS_00876	WP_011411527.1	45.833	24	12	1	18	41	14	36	0.49	25.0
MRSS_00876	WP_011412170.1	30.233	43	29	1	43	85	25	66	0.98	24.3
MRSS_00876	WP_011412194.1	25.000	72	49	2	16	87	51	117	2.7	23.1
MRSS_00876	WP_041866736.1	22.642	53	38	1	39	88	57	109	3.0	22.7
MRSS_00876	WP_050747800.1	36.585	41	23	2	2	39	44	84	3.1	22.7
MRSS_00876	WP_011411366.1	33.333	27	18	0	45	71	53	79	5.0	21.9
MRSS_00877	WP_011410242.1	83.226	310	51	1	1	309	1	310	0.0	503
MRSS_00877	WP_011410490.1	41.935	31	18	0	62	92	169	199	1.9	26.2
MRSS_00877	WP_011412188.1	42.857	42	17	2	248	283	341	381	2.3	26.2
MRSS_00877	WP_011412154.1	30.159	63	29	2	21	83	147	194	2.7	25.8
MRSS_00877	WP_011412126.1	40.000	35	19	1	84	116	316	350	4.9	25.0
MRSS_00877	WP_011411923.1	25.373	67	42	3	119	182	325	386	5.9	25.0
MRSS_00877	WP_011411097.1	29.870	77	40	4	68	135	47	118	9.5	24.3
MRSS_00878	WP_011410241.1	82.609	138	24	0	1	138	1	138	5.21e-81	231
MRSS_00878	WP_011410511.1	22.222	108	81	2	10	117	733	837	1.00	25.4
MRSS_00878	WP_011411435.1	30.233	43	30	0	34	76	117	159	1.3	25.0
MRSS_00878	WP_011411749.1	50.000	22	11	0	93	114	168	189	2.5	24.3
MRSS_00878	WP_041867376.1	32.432	37	23	1	43	77	62	98	3.0	23.9
MRSS_00878	WP_424141125.1	24.324	37	28	0	11	47	53	89	7.0	22.7
MRSS_00879	WP_011410240.1	89.362	893	85	1	1	883	1	893	0.0	1577
MRSS_00879	WP_011411613.1	30.180	222	126	4	389	589	8	221	1.22e-17	83.6
MRSS_00879	WP_011412040.1	34.586	133	71	2	388	504	8	140	1.23e-13	70.9
MRSS_00879	WP_011409992.1	37.681	138	62	6	378	495	6	139	1.84e-10	60.1
MRSS_00879	WP_011412092.1	35.802	81	52	0	428	508	78	158	2.36e-07	50.4
MRSS_00879	WP_011410255.1	31.111	90	57	2	433	518	83	171	5.94e-07	49.3
MRSS_00879	WP_011410495.1	31.250	80	54	1	417	495	92	171	1.87e-04	41.2
MRSS_00879	WP_011411580.1	25.882	170	103	6	386	544	3	160	0.003	37.0
MRSS_00879	WP_011411580.1	26.882	93	59	4	453	542	280	366	7.3	26.2
MRSS_00879	WP_011410201.1	26.923	130	78	5	381	495	191	318	0.093	32.3
MRSS_00879	WP_011410848.1	32.075	53	34	1	794	846	88	138	0.65	29.3
MRSS_00879	WP_041867717.1	30.233	43	26	1	795	833	105	147	1.6	28.1
MRSS_00879	WP_011411610.1	27.731	119	73	7	388	495	11	127	1.8	28.1
MRSS_00879	WP_011409923.1	22.535	71	50	1	792	857	298	368	1.9	28.1
MRSS_00879	WP_050747410.1	46.154	26	14	0	535	560	138	163	2.4	27.3
MRSS_00879	WP_041866849.1	34.091	44	29	0	161	204	60	103	8.5	24.6
MRSS_00879	WP_011410724.1	33.333	48	25	2	610	654	90	133	8.6	25.4
MRSS_00879	WP_011411032.1	22.340	94	68	1	83	176	70	158	9.5	25.4
MRSS_00880	WP_011410239.1	92.929	495	35	0	1	495	1	495	0.0	931
MRSS_00880	WP_011410333.1	23.016	126	84	3	193	318	202	314	0.71	28.5
MRSS_00880	WP_341532877.1	39.394	33	18	1	310	342	34	64	3.1	25.0
MRSS_00880	WP_011412082.1	20.455	44	35	0	282	325	41	84	8.4	24.6
MRSS_00880	WP_011410857.1	26.027	73	49	2	249	320	118	186	8.6	25.0
MRSS_00880	WP_011411296.1	72.727	11	3	0	485	495	85	95	8.6	24.6
MRSS_00880	WP_041867131.1	38.182	55	27	4	250	301	15	65	8.9	23.9
MRSS_00881	WP_011410238.1	86.000	150	21	0	3	152	1	150	5.38e-96	270
MRSS_00881	WP_083764701.1	32.432	37	25	0	62	98	58	94	1.1	24.6
MRSS_00881	WP_041867068.1	32.727	55	33	2	78	130	331	383	2.0	24.6
MRSS_00881	WP_279379469.1	37.037	27	17	0	52	78	33	59	2.5	23.9
MRSS_00881	WP_011410713.1	26.154	65	34	3	24	74	370	434	4.2	23.9
MRSS_00881	WP_011410660.1	36.170	47	22	3	72	116	396	436	4.3	23.9
MRSS_00881	WP_011410785.1	33.333	30	20	0	64	93	29	58	6.1	23.1
MRSS_00881	WP_011409989.1	35.897	39	22	2	47	84	72	108	8.6	22.7
MRSS_00881	WP_011279191.1	38.889	36	16	1	72	107	241	270	9.4	22.7
MRSS_00884	WP_011410237.1	77.273	110	25	0	1	110	1	110	9.21e-58	170
MRSS_00884	WP_011412219.1	33.333	33	22	0	26	58	132	164	3.5	23.1
MRSS_00884	WP_011410046.1	24.286	70	40	2	2	71	115	171	4.2	23.1
MRSS_00884	WP_243466016.1	29.032	31	22	0	80	110	206	236	4.3	23.1
MRSS_00884	WP_198408748.1	70.000	10	3	0	48	57	42	51	6.7	21.2
MRSS_00885	WP_011410236.1	91.629	442	37	0	1	442	1	442	0.0	817
MRSS_00885	WP_011410749.1	25.624	441	292	12	7	423	7	435	1.47e-23	99.4
MRSS_00885	WP_011410703.1	26.330	376	234	16	7	343	42	413	4.39e-10	57.8
MRSS_00885	WP_011410857.1	34.211	38	18	1	310	340	67	104	0.049	32.0
MRSS_00885	WP_148203597.1	52.000	25	11	1	208	231	30	54	0.44	26.6
MRSS_00885	WP_011410586.1	25.926	54	40	0	323	376	248	301	0.61	28.5
MRSS_00885	WP_011409932.1	28.571	84	43	2	40	113	96	172	0.62	28.5
MRSS_00885	WP_011410193.1	30.000	60	41	1	195	253	217	276	1.8	26.9
MRSS_00885	WP_011411932.1	30.909	55	36	1	310	364	108	160	2.6	26.6
MRSS_00885	WP_011279189.1	36.111	36	22	1	267	302	7	41	4.4	25.8
MRSS_00885	WP_198408746.1	47.619	21	11	0	452	472	6	26	5.0	25.4
MRSS_00885	WP_011410013.1	23.567	157	75	6	62	183	14	160	5.6	25.0
MRSS_00885	WP_041867041.1	30.357	56	38	1	410	464	60	115	9.4	24.3
MRSS_00885	WP_011411161.1	31.034	29	20	0	352	380	6	34	10.0	24.6
MRSS_00886	WP_011410235.1	87.900	281	34	0	2	282	1	281	8.94e-168	462
MRSS_00886	WP_243466008.1	60.000	20	8	0	224	243	1	20	0.32	26.2
MRSS_00886	WP_011410608.1	40.741	27	16	0	221	247	35	61	1.7	25.4
MRSS_00886	WP_041867300.1	25.000	96	66	2	94	186	1	93	2.9	25.4
MRSS_00886	WP_011411685.1	34.426	61	34	4	213	268	59	118	4.1	25.0
MRSS_00886	WP_050747713.1	37.255	51	28	2	193	241	72	120	4.4	24.6
MRSS_00886	WP_011411276.1	37.500	32	20	0	28	59	29	60	5.6	23.1
MRSS_00886	WP_011411193.1	25.455	55	34	1	114	161	76	130	6.0	24.6
MRSS_00886	WP_011410521.1	47.619	21	11	0	8	28	50	70	9.5	22.7
MRSS_00887	WP_011410234.1	93.157	643	35	1	4	637	1	643	0.0	1217
MRSS_00887	WP_011411981.1	41.667	60	33	2	188	245	50	109	1.41e-06	47.4
MRSS_00887	WP_011411981.1	24.706	85	53	3	188	262	181	264	4.2	26.6
MRSS_00887	WP_011410535.1	34.615	78	45	2	191	262	115	192	4.32e-06	45.4
MRSS_00887	WP_011410536.1	34.568	81	38	4	151	230	317	383	6.76e-04	38.9
MRSS_00887	WP_011410744.1	32.857	70	36	2	191	256	53	115	0.009	35.0
MRSS_00887	WP_011411091.1	45.000	40	22	0	182	221	49	88	0.021	33.5
MRSS_00887	WP_011410737.1	29.670	91	49	4	192	270	209	296	0.11	31.6
MRSS_00887	WP_011412117.1	34.483	29	19	0	189	217	5	33	0.47	28.9
MRSS_00887	WP_041866643.1	29.412	119	58	6	157	257	570	680	0.48	29.6
MRSS_00887	WP_041866643.1	25.714	140	74	7	145	270	168	291	0.52	29.6
MRSS_00887	WP_011410263.1	25.926	81	55	2	166	244	325	402	0.49	29.6
MRSS_00887	WP_011410199.1	31.429	35	24	0	188	222	10	44	0.59	28.9
MRSS_00887	WP_011409926.1	34.286	35	23	0	562	596	241	275	0.96	28.5
MRSS_00887	WP_011411580.1	27.907	43	31	0	187	229	199	241	1.8	27.7
MRSS_00887	WP_011411530.1	50.000	20	10	0	191	210	31	50	2.4	26.9
MRSS_00887	WP_011411332.1	26.429	140	80	6	189	324	40	160	2.5	26.9
MRSS_00887	WP_011412205.1	26.923	52	35	1	141	189	49	100	2.6	25.8
MRSS_00887	WP_011410069.1	35.294	34	20	1	180	211	23	56	3.8	26.2
MRSS_00887	WP_011411623.1	30.303	66	41	2	364	428	142	203	5.5	25.8
MRSS_00887	WP_158302353.1	20.952	105	72	2	335	439	9	102	5.9	25.0
MRSS_00887	WP_011411331.1	55.556	18	8	0	193	210	38	55	7.0	25.8
MRSS_00887	WP_011410881.1	43.478	23	13	0	191	213	348	370	7.9	25.8
MRSS_00888	WP_011410233.1	82.297	209	37	0	1	209	1	209	1.41e-129	360
MRSS_00888	WP_011411685.1	36.585	41	19	1	33	66	186	226	0.081	29.6
MRSS_00888	WP_011409974.1	31.818	66	43	1	50	113	63	128	0.52	26.9
MRSS_00888	WP_011412059.1	38.710	31	18	1	54	84	249	278	0.85	26.6
MRSS_00888	WP_243466158.1	36.364	33	20	1	162	194	78	109	4.8	23.5
MRSS_00888	WP_011410363.1	32.432	37	25	0	49	85	163	199	5.8	23.9
MRSS_00888	WP_041867551.1	30.120	83	40	4	38	109	41	116	8.5	23.5
MRSS_00888	WP_011411647.1	27.660	47	23	1	103	138	141	187	8.8	23.1
MRSS_00888	WP_000175096.1	34.483	29	19	0	85	113	68	96	9.0	22.7
MRSS_00889	WP_011411966.1	83.784	370	60	0	1	370	1	370	0.0	650
MRSS_00889	WP_011411932.1	37.209	43	24	1	210	249	253	295	1.8	26.6
MRSS_00889	WP_050747335.1	25.926	54	34	2	100	147	14	67	2.3	26.2
MRSS_00889	WP_011411435.1	43.750	32	11	1	74	105	267	291	4.9	25.4
MRSS_00889	WP_011411888.1	39.024	41	19	2	82	122	7	41	8.3	24.3
MRSS_00889	WP_011411438.1	50.000	20	10	0	171	190	276	295	8.9	24.3
MRSS_00890	WP_011411954.1	31.915	47	31	1	10	56	562	607	0.56	24.3
MRSS_00890	WP_011411435.1	44.000	25	14	0	7	31	321	345	4.6	21.6
MRSS_00890	WP_011412084.1	36.111	36	23	0	1	36	44	79	5.1	21.2
MRSS_00890	WP_011410024.1	31.111	45	24	2	8	47	610	652	7.5	20.8
MRSS_00891	WP_011411251.1	87.097	124	16	0	1	124	1	124	3.47e-80	228
MRSS_00891	WP_011410474.1	32.759	116	73	4	12	124	1	114	1.15e-12	56.6
MRSS_00891	WP_011412132.1	22.449	98	70	2	20	113	2	97	0.001	33.5
MRSS_00891	WP_243466234.1	44.828	29	16	0	66	94	78	106	1.8	24.3
MRSS_00891	WP_011410354.1	34.783	46	30	0	20	65	345	390	3.8	23.5
MRSS_00891	WP_041867666.1	42.308	26	15	0	20	45	110	135	8.8	22.3
MRSS_00892	WP_011411252.1	90.020	501	44	1	1	501	1	495	0.0	950
MRSS_00892	WP_011411254.1	25.301	166	124	0	312	477	238	403	4.84e-12	63.9
MRSS_00892	WP_011411572.1	24.390	82	45	2	106	187	361	425	1.2	27.7
MRSS_00892	WP_041866898.1	35.484	31	20	0	21	51	57	87	6.1	24.3
MRSS_00892	WP_011412273.1	25.676	74	48	2	231	301	237	306	7.6	25.0
MRSS_00893	WP_011411253.1	91.903	247	20	0	1	247	1	247	7.56e-172	470
MRSS_00893	WP_011411530.1	28.311	219	141	6	13	228	14	219	1.67e-13	65.5
MRSS_00893	WP_011411360.1	28.936	235	145	10	1	228	5	224	3.87e-13	63.5
MRSS_00893	WP_011410457.1	29.412	221	122	9	17	227	21	217	5.29e-13	63.5
MRSS_00893	WP_011410773.1	27.586	232	154	6	2	228	4	226	9.48e-13	62.4
MRSS_00893	WP_011410856.1	24.766	214	149	5	17	229	359	561	2.08e-11	59.7
MRSS_00893	WP_011411197.1	27.074	229	151	8	19	241	42	260	2.52e-11	58.9
MRSS_00893	WP_011410540.1	28.384	229	133	8	17	235	352	559	5.43e-11	58.5
MRSS_00893	WP_011410064.1	26.293	232	150	8	2	228	4	219	7.26e-11	57.0
MRSS_00893	WP_011411196.1	26.721	247	148	9	1	228	22	254	1.85e-10	56.2
MRSS_00893	WP_148203612.1	27.711	249	146	11	1	230	3	236	2.35e-10	55.8
MRSS_00893	WP_011409928.1	23.735	257	170	9	1	241	3	249	3.83e-10	55.5
MRSS_00893	WP_011410738.1	27.753	227	141	7	20	241	359	567	1.52e-09	53.9
MRSS_00893	WP_011279184.1	23.276	232	162	7	2	229	4	223	2.23e-09	52.8
MRSS_00893	WP_011410825.1	36.471	85	52	1	1	85	13	95	2.40e-09	53.5
MRSS_00893	WP_011410825.1	21.285	249	144	11	1	225	265	485	0.008	33.5
MRSS_00893	WP_011410787.1	23.707	232	157	7	1	229	20	234	8.31e-09	51.6
MRSS_00893	WP_011409929.1	25.207	242	130	11	11	228	31	245	1.36e-08	50.8
MRSS_00893	WP_041867326.1	26.829	205	131	4	1	203	1	188	1.77e-08	50.1
MRSS_00893	WP_011411857.1	27.197	239	141	12	5	231	9	226	2.63e-08	50.1
MRSS_00893	WP_011410365.1	25.108	231	159	6	1	228	13	232	7.36e-08	48.9
MRSS_00893	WP_011410365.1	25.424	177	108	7	17	182	278	441	0.005	33.9
MRSS_00893	WP_011412104.1	24.180	244	160	8	1	231	1	232	2.21e-07	47.4
MRSS_00893	WP_011412104.1	24.107	224	120	7	1	205	312	504	2.46e-05	41.2
MRSS_00893	WP_011410541.1	22.973	222	159	7	14	235	354	563	3.50e-07	47.0
MRSS_00893	WP_011410263.1	24.171	211	134	6	1	211	323	507	4.51e-07	46.6
MRSS_00893	WP_011410263.1	26.754	228	116	9	14	211	19	225	4.76e-07	46.6
MRSS_00893	WP_011411331.1	36.986	73	41	2	20	87	26	98	5.63e-07	45.8
MRSS_00893	WP_424141158.1	37.079	89	41	4	16	95	1	83	2.51e-06	42.0
MRSS_00893	WP_011411337.1	25.128	195	121	7	17	203	35	212	3.47e-06	43.1
MRSS_00893	WP_011411332.1	22.414	232	134	7	17	229	29	233	4.58e-06	43.1
MRSS_00893	WP_011411465.1	25.556	180	110	7	2	177	1	160	7.60e-06	42.0
MRSS_00893	WP_011410937.1	25.701	214	100	9	16	203	25	205	1.19e-05	41.6
MRSS_00893	WP_243466019.1	37.500	56	33	1	17	72	3	56	1.29e-05	38.9
MRSS_00893	WP_011410881.1	22.831	219	143	7	1	203	3	211	1.38e-05	42.0
MRSS_00893	WP_011410881.1	31.481	54	37	0	1	54	319	372	2.49e-04	38.1
MRSS_00893	WP_011411279.1	36.957	92	42	4	16	93	24	113	1.84e-05	41.6
MRSS_00893	WP_011410809.1	24.701	251	148	11	1	227	6	239	2.35e-05	41.2
MRSS_00893	WP_011410809.1	26.804	194	129	5	14	203	300	484	5.13e-05	40.0
MRSS_00893	WP_011410294.1	27.861	201	110	9	21	201	19	204	3.49e-05	40.0
MRSS_00893	WP_011410956.1	24.675	231	152	7	20	242	21	237	7.38e-05	39.3
MRSS_00893	WP_011410562.1	25.253	198	98	6	16	212	26	174	8.20e-05	38.5
MRSS_00893	WP_011410069.1	24.757	206	142	6	1	203	7	202	1.47e-04	38.5
MRSS_00893	WP_011409950.1	26.486	185	92	8	14	181	15	172	3.01e-04	37.4
MRSS_00893	WP_011410668.1	23.629	237	149	7	1	226	1	216	3.10e-04	37.4
MRSS_00893	WP_050747487.1	26.733	202	116	6	1	191	1	181	3.64e-04	37.0
MRSS_00893	WP_050747885.1	38.095	63	25	1	1	49	1	63	5.43e-04	34.7
MRSS_00893	WP_050747884.1	31.429	70	40	3	161	226	9	74	0.003	32.7
MRSS_00893	WP_011410751.1	28.235	170	84	8	12	174	36	174	0.007	33.5
MRSS_00893	WP_011411092.1	21.354	192	123	5	1	192	4	167	0.010	32.7
MRSS_00893	WP_011410199.1	32.558	43	27	1	32	72	15	57	0.15	29.3
MRSS_00893	WP_148203518.1	37.143	35	22	0	15	49	13	47	0.74	26.9
MRSS_00893	WP_011411941.1	23.656	93	63	2	119	203	798	890	1.3	26.6
MRSS_00893	WP_011411941.1	48.148	27	14	0	17	43	623	649	9.3	23.9
MRSS_00893	WP_011410535.1	58.824	17	7	0	32	48	117	133	1.8	25.8
MRSS_00893	WP_041867250.1	26.923	78	49	3	12	82	47	123	2.0	25.4
MRSS_00893	WP_011411234.1	41.176	34	20	0	118	151	76	109	2.3	25.4
MRSS_00893	WP_011411091.1	36.585	41	24	1	32	70	60	100	2.4	25.4
MRSS_00893	WP_011410744.1	35.294	34	20	1	24	55	45	78	2.6	25.4
MRSS_00893	WP_198408769.1	47.368	19	10	0	88	106	23	41	2.9	23.1
MRSS_00893	WP_011410853.1	33.333	42	28	0	29	70	7	48	3.5	24.6
MRSS_00893	WP_011410434.1	31.034	58	27	2	31	84	7	55	5.1	24.3
MRSS_00893	WP_011411213.1	31.579	38	25	1	48	84	97	134	5.5	24.3
MRSS_00893	WP_011412117.1	35.714	28	18	0	32	59	9	36	7.3	23.5
MRSS_00893	WP_011409868.1	32.558	43	19	2	2	43	6	39	7.6	23.9
MRSS_00893	WP_011412054.1	28.814	59	39	2	192	247	52	110	8.4	23.5
MRSS_00893	WP_011410737.1	30.952	42	29	0	19	60	478	519	8.7	23.9
MRSS_00894	WP_011411254.1	85.748	428	61	0	1	428	1	428	0.0	755
MRSS_00894	WP_011411252.1	26.667	165	121	0	238	402	306	470	3.52e-12	64.3
MRSS_00894	WP_011410711.1	24.044	183	119	8	40	219	228	393	0.52	28.9
MRSS_00894	WP_011412183.1	50.000	26	12	1	303	327	44	69	1.6	26.9
MRSS_00894	WP_011410658.1	27.848	79	52	3	193	267	175	252	2.1	26.6
MRSS_00894	WP_011412088.1	41.667	24	14	0	94	117	66	89	7.8	24.6
MRSS_00894	WP_011411063.1	30.435	46	31	1	228	272	108	153	7.8	24.6
MRSS_00894	WP_011409915.1	28.571	49	33	1	193	241	361	407	8.4	24.6
MRSS_00895	WP_011411255.1	90.172	407	40	0	1	407	1	407	0.0	769
MRSS_00895	WP_011411688.1	41.388	389	220	4	8	396	9	389	1.04e-101	305
MRSS_00895	WP_011411593.1	23.919	347	232	7	59	393	41	367	1.09e-14	71.6
MRSS_00895	WP_011410143.1	23.148	108	73	4	110	213	98	199	0.41	28.9
MRSS_00895	WP_011411928.1	42.308	26	15	0	95	120	43	68	2.7	25.8
MRSS_00895	WP_243466242.1	48.000	25	13	0	302	326	270	294	3.9	25.8
MRSS_00895	WP_011410483.1	35.897	39	25	0	153	191	702	740	4.0	25.8
MRSS_00895	WP_011410473.1	25.743	101	50	4	166	249	196	288	6.2	25.0
MRSS_00896	WP_011411256.1	88.406	138	16	0	1	138	1	138	4.12e-91	256
MRSS_00896	WP_011411689.1	36.441	118	75	0	9	126	22	139	5.04e-23	84.7
MRSS_00896	WP_041866639.1	36.364	33	21	0	67	99	86	118	0.12	28.1
MRSS_00896	WP_050747682.1	50.000	28	14	0	101	128	18	45	0.57	25.4
MRSS_00896	WP_011410024.1	41.379	29	16	1	31	59	859	886	1.3	25.4
MRSS_00896	WP_243466179.1	35.000	40	26	0	66	105	35	74	1.5	23.9
MRSS_00896	WP_011410219.1	25.397	63	40	2	32	94	81	136	1.9	24.6
MRSS_00896	WP_011411615.1	26.829	41	30	0	1	41	271	311	2.2	24.3
MRSS_00896	WP_011411978.1	25.263	95	63	3	42	135	210	297	5.2	23.5
MRSS_00896	WP_011412149.1	40.909	22	13	0	56	77	232	253	8.5	22.7
MRSS_00896	WP_011279208.1	33.333	21	14	0	23	43	58	78	10.0	21.6
MRSS_00897	WP_011411244.1	94.898	98	5	0	1	98	1	98	9.76e-66	189
MRSS_00897	WP_011410537.1	34.831	89	58	0	3	91	1	89	1.54e-16	65.1
MRSS_00897	WP_011410005.1	33.333	90	60	0	3	92	1	90	9.65e-16	63.2
MRSS_00897	WP_011410855.1	33.333	90	59	1	3	91	1	90	3.40e-14	59.3
MRSS_00897	WP_011411228.1	24.658	73	45	2	6	78	541	603	0.004	31.6
MRSS_00897	WP_041867155.1	27.451	51	30	2	13	61	51	96	0.48	25.0
MRSS_00897	WP_011411139.1	30.556	36	24	1	59	93	59	94	1.9	23.5
MRSS_00897	WP_011410182.1	27.907	43	31	0	30	72	35	77	2.7	23.1
MRSS_00897	WP_011409955.1	37.500	24	15	0	35	58	74	97	4.8	22.3
MRSS_00897	WP_011411339.1	24.242	66	42	2	1	66	230	287	5.3	22.3
MRSS_00897	WP_011412046.1	33.333	45	21	2	61	97	602	645	5.5	22.3
MRSS_00897	WP_011411183.1	57.143	14	6	0	26	39	162	175	5.6	22.3
MRSS_00897	WP_011410622.1	57.143	14	6	0	26	39	162	175	5.6	22.3
MRSS_00897	WP_011410216.1	30.556	36	25	0	54	89	1022	1057	5.8	22.3
MRSS_00898	WP_011411243.1	83.019	795	135	0	1	795	1	795	0.0	1335
MRSS_00898	WP_011411667.1	36.667	60	26	3	88	137	339	396	2.5	27.3
MRSS_00898	WP_148203395.1	40.000	30	18	0	199	228	20	49	3.8	25.8
MRSS_00898	WP_011412233.1	35.065	77	41	5	312	385	235	305	4.0	26.9
MRSS_00898	WP_011410071.1	37.931	58	31	3	12	69	34	86	4.9	26.2
MRSS_00898	WP_011410714.1	31.343	67	40	2	314	375	104	169	5.0	26.6
MRSS_00898	WP_011411509.1	42.308	26	15	0	718	743	456	481	5.3	26.6
MRSS_00898	WP_011411025.1	42.308	26	15	0	718	743	456	481	5.4	26.6
MRSS_00898	WP_050747578.1	37.037	27	16	1	603	628	81	107	5.8	25.8
MRSS_00898	WP_050747601.1	50.000	26	13	0	695	720	3	28	5.8	25.4
MRSS_00898	WP_011412152.1	31.250	32	22	0	434	465	119	150	6.3	25.8
MRSS_00899	WP_011411242.1	88.073	327	39	0	1	327	1	327	0.0	587
MRSS_00899	WP_011410361.1	27.500	40	21	1	243	274	137	176	3.2	25.4
MRSS_00899	WP_011410348.1	29.167	48	33	1	60	107	10	56	5.1	24.6
MRSS_00899	WP_083764654.1	34.483	29	19	0	64	92	15	43	6.1	23.1
MRSS_00899	WP_148203384.1	32.558	43	26	1	112	154	67	106	8.1	23.9
MRSS_00899	WP_011411374.1	33.824	68	38	3	1	64	184	248	9.3	24.3
MRSS_00900	WP_011411241.1	93.220	118	8	0	1	118	1	118	7.41e-73	209
MRSS_00900	WP_041866708.1	26.786	56	41	0	46	101	49	104	0.096	28.1
MRSS_00900	WP_011410450.1	30.909	55	25	2	4	45	349	403	4.0	23.5
MRSS_00900	WP_041867656.1	24.615	65	45	1	12	76	210	270	4.5	23.1
MRSS_00900	WP_041867077.1	39.130	23	14	0	90	112	67	89	4.7	22.7
MRSS_00900	WP_011279237.1	40.000	25	15	0	18	42	73	97	7.8	22.3
MRSS_00900	WP_011409985.1	30.303	33	23	0	11	43	387	419	9.0	22.3
MRSS_00901	WP_011411240.1	90.769	65	6	0	1	65	1	65	2.71e-37	115
MRSS_00901	WP_050747673.1	47.059	17	9	0	48	64	10	26	2.0	21.9
MRSS_00901	WP_011279227.1	33.333	45	26	2	19	63	286	326	4.3	21.6
MRSS_00901	WP_011410712.1	56.250	16	7	0	48	63	80	95	6.3	21.2
MRSS_00901	WP_148203435.1	35.294	51	27	2	14	58	130	180	7.2	20.8
MRSS_00902	WP_071882016.1	91.379	174	15	0	1	174	7	180	4.29e-103	290
MRSS_00902	WP_041867195.1	33.333	39	25	1	8	46	19	56	2.2	23.5
MRSS_00902	WP_011411130.1	23.913	92	64	3	4	94	143	229	9.5	23.1
MRSS_00903	WP_011411239.1	88.785	642	72	0	1	642	1	642	0.0	1207
MRSS_00903	WP_011411651.1	25.767	163	117	3	230	389	4	165	5.46e-10	58.5
MRSS_00903	WP_011411651.1	26.168	107	75	1	532	634	466	572	3.89e-04	39.7
MRSS_00903	WP_011411579.1	33.333	54	32	2	170	219	82	135	0.093	30.8
MRSS_00903	WP_011410745.1	22.826	92	63	2	296	379	196	287	0.39	29.6
MRSS_00903	WP_011411756.1	44.828	29	12	1	585	613	50	74	0.50	28.9
MRSS_00903	WP_011410935.1	23.894	113	72	3	201	308	529	632	1.0	28.5
MRSS_00903	WP_011411945.1	32.203	59	34	2	510	564	59	115	2.2	27.3
MRSS_00903	WP_158302340.1	23.288	73	56	0	98	170	18	90	3.6	25.4
MRSS_00903	WP_011411400.1	37.209	43	25	1	198	240	123	163	5.4	25.8
MRSS_00903	WP_011411335.1	30.303	33	23	0	14	46	58	90	5.8	25.4
MRSS_00903	WP_011410511.1	20.896	134	90	5	60	187	548	671	6.9	25.8
MRSS_00903	WP_011411332.1	29.091	55	29	2	487	541	110	154	9.5	25.0
MRSS_00903	WP_011410483.1	26.667	45	33	0	19	63	424	468	9.6	25.4
